ISO-10303-21;
HEADER;
/* Generated by software containing ST-Developer
 * from STEP Tools, Inc. (www.steptools.com) 
 */
/* OPTION: strings as raw bytes, not using required /X/ escapes */

FILE_DESCRIPTION(
/* description */ ('Unknown'),
/* implementation_level */ '2;1');

FILE_NAME(
/* name */ 'ZIF_socket16',
/* time_stamp */ '2025-07-19T13:02:37+03:00',
/* author */ ('Unknown'),
/* organization */ ('Unknown'),
/* preprocessor_version */ 'ST-DEVELOPER v19.4',
/* originating_system */ 'Solid Edge',
/* authorisation */ 'Unknown');

FILE_SCHEMA (('AUTOMOTIVE_DESIGN {1 0 10303 214 3 1 1}'));
ENDSEC;

DATA;
#10=PROPERTY_DEFINITION_REPRESENTATION(#14,#12);
#11=PROPERTY_DEFINITION_REPRESENTATION(#15,#13);
#12=REPRESENTATION('',(#16),#21653);
#13=REPRESENTATION('',(#17),#21653);
#14=PROPERTY_DEFINITION('pmi validation property','',#21676);
#15=PROPERTY_DEFINITION('pmi validation property','',#21676);
#16=VALUE_REPRESENTATION_ITEM('number of annotations',COUNT_MEASURE(0.));
#17=VALUE_REPRESENTATION_ITEM('number of views',COUNT_MEASURE(0.));
#18=B_SPLINE_CURVE_WITH_KNOTS('',3,(#21142,#21143,#21144,#21145),
 .UNSPECIFIED.,.F.,.F.,(4,4),(0.,0.000393816049282141),.UNSPECIFIED.);
#19=B_SPLINE_CURVE_WITH_KNOTS('',3,(#21149,#21150,#21151,#21152),
 .UNSPECIFIED.,.F.,.F.,(4,4),(0.,0.000394449027565739),.UNSPECIFIED.);
#20=B_SPLINE_CURVE_WITH_KNOTS('',3,(#21171,#21172,#21173,#21174),
 .UNSPECIFIED.,.F.,.F.,(4,4),(0.,0.000283935052318427),.UNSPECIFIED.);
#21=B_SPLINE_CURVE_WITH_KNOTS('',3,(#21175,#21176,#21177,#21178),
 .UNSPECIFIED.,.F.,.F.,(4,4),(0.,0.000284005482981763),.UNSPECIFIED.);
#22=B_SPLINE_CURVE_WITH_KNOTS('',3,(#21237,#21238,#21239,#21240),
 .UNSPECIFIED.,.F.,.F.,(4,4),(0.,0.000213589293887153),.UNSPECIFIED.);
#23=B_SPLINE_CURVE_WITH_KNOTS('',3,(#21245,#21246,#21247,#21248),
 .UNSPECIFIED.,.F.,.F.,(4,4),(0.,0.000213589293887153),.UNSPECIFIED.);
#24=B_SPLINE_CURVE_WITH_KNOTS('',3,(#21292,#21293,#21294,#21295),
 .UNSPECIFIED.,.F.,.F.,(4,4),(2.42434975903054E-19,0.000213788267430515),
 .UNSPECIFIED.);
#25=B_SPLINE_CURVE_WITH_KNOTS('',3,(#21296,#21297,#21298,#21299),
 .UNSPECIFIED.,.F.,.F.,(4,4),(0.,0.000213788267430514),.UNSPECIFIED.);
#26=B_SPLINE_CURVE_WITH_KNOTS('',3,(#21346,#21347,#21348,#21349),
 .UNSPECIFIED.,.F.,.F.,(4,4),(0.,0.000284210761481879),.UNSPECIFIED.);
#27=B_SPLINE_CURVE_WITH_KNOTS('',3,(#21354,#21355,#21356,#21357),
 .UNSPECIFIED.,.F.,.F.,(4,4),(0.,0.000284139835537527),.UNSPECIFIED.);
#28=B_SPLINE_CURVE_WITH_KNOTS('',3,(#21373,#21374,#21375,#21376),
 .UNSPECIFIED.,.F.,.F.,(4,4),(0.,0.000388882577085907),.UNSPECIFIED.);
#29=B_SPLINE_CURVE_WITH_KNOTS('',3,(#21380,#21381,#21382,#21383),
 .UNSPECIFIED.,.F.,.F.,(4,4),(0.,0.000388286263221965),.UNSPECIFIED.);
#30=B_SPLINE_CURVE_WITH_KNOTS('',3,(#21515,#21516,#21517,#21518),
 .UNSPECIFIED.,.F.,.F.,(4,4),(0.00117718079648235,0.0023203200533473),
 .UNSPECIFIED.);
#31=B_SPLINE_CURVE_WITH_KNOTS('',3,(#21522,#21523,#21524,#21525),
 .UNSPECIFIED.,.F.,.F.,(4,4),(0.00139717002737317,0.00254031003311599),
 .UNSPECIFIED.);
#32=B_SPLINE_CURVE_WITH_KNOTS('',3,(#21530,#21531,#21532,#21533),
 .UNSPECIFIED.,.F.,.F.,(4,4),(0.00117762253761082,0.0023207620144095),
 .UNSPECIFIED.);
#33=B_SPLINE_CURVE_WITH_KNOTS('',3,(#21537,#21538,#21539,#21540),
 .UNSPECIFIED.,.F.,.F.,(4,4),(0.00139717002737317,0.00254031003311599),
 .UNSPECIFIED.);
#34=B_SPLINE_CURVE_WITH_KNOTS('',3,(#21542,#21543,#21544,#21545),
 .UNSPECIFIED.,.F.,.F.,(4,4),(0.00117718079648235,0.0023203200533473),
 .UNSPECIFIED.);
#35=B_SPLINE_CURVE_WITH_KNOTS('',3,(#21550,#21551,#21552,#21553),
 .UNSPECIFIED.,.F.,.F.,(4,4),(0.0013965622135533,0.00253970255898288),
 .UNSPECIFIED.);
#36=B_SPLINE_CURVE_WITH_KNOTS('',3,(#21607,#21608,#21609,#21610),
 .UNSPECIFIED.,.F.,.F.,(4,4),(0.00117762253761082,0.0023207620144095),
 .UNSPECIFIED.);
#37=B_SPLINE_CURVE_WITH_KNOTS('',3,(#21611,#21612,#21613,#21614),
 .UNSPECIFIED.,.F.,.F.,(4,4),(0.0013965622135533,0.00253970255898288),
 .UNSPECIFIED.);
#38=DEGENERATE_TOROIDAL_SURFACE('',#14235,0.830662386291809,1.,.T.);
#39=SPHERICAL_SURFACE('',#14221,2.3);
#40=SPHERICAL_SURFACE('',#14232,2.3);
#41=ELLIPSE('',#14015,0.141421356237309,0.0999999999999995);
#42=ELLIPSE('',#14242,0.848503416879781,0.8);
#43=ELLIPSE('',#14243,0.848503416879781,0.8);
#44=ELLIPSE('',#14244,0.848503416879781,0.8);
#45=ELLIPSE('',#14245,0.848503416879781,0.8);
#46=ELLIPSE('',#14250,0.400017340891959,0.4);
#47=ELLIPSE('',#14251,0.400017340891959,0.4);
#48=ELLIPSE('',#14254,0.400017340891959,0.4);
#49=ELLIPSE('',#14255,0.400017340891959,0.4);
#50=ELLIPSE('',#14260,0.848503416879781,0.8);
#51=ELLIPSE('',#14261,0.848503416879781,0.8);
#52=ELLIPSE('',#14262,0.848503416879781,0.8);
#53=ELLIPSE('',#14263,0.848503416879781,0.8);
#54=ELLIPSE('',#14265,0.848503416879781,0.8);
#55=ELLIPSE('',#14266,0.848503416879781,0.8);
#56=ELLIPSE('',#14267,0.848503416879781,0.8);
#57=ELLIPSE('',#14268,0.848503416879781,0.8);
#58=ELLIPSE('',#14273,0.400017340891959,0.4);
#59=ELLIPSE('',#14274,0.400017340891959,0.4);
#60=ELLIPSE('',#14277,0.400017340891959,0.4);
#61=ELLIPSE('',#14278,0.400017340891959,0.4);
#62=ELLIPSE('',#14283,0.848503416879781,0.8);
#63=ELLIPSE('',#14284,0.848503416879781,0.8);
#64=ELLIPSE('',#14285,0.848503416879781,0.8);
#65=ELLIPSE('',#14286,0.848503416879781,0.8);
#66=ELLIPSE('',#14289,0.800363075922654,0.8);
#67=ELLIPSE('',#14290,0.800363075922654,0.8);
#68=ELLIPSE('',#14293,0.800529996788475,0.8);
#69=ELLIPSE('',#14294,0.800529996788475,0.8);
#70=TOROIDAL_SURFACE('',#14010,0.9,0.0999999999999995);
#71=TOROIDAL_SURFACE('',#14018,0.9,0.0999999999999995);
#72=TOROIDAL_SURFACE('',#14023,0.9,0.0999999999999995);
#73=TOROIDAL_SURFACE('',#14028,0.9,0.0999999999999995);
#74=TOROIDAL_SURFACE('',#14033,0.899999999999999,0.100000000000001);
#75=TOROIDAL_SURFACE('',#14053,0.4,0.3);
#76=TOROIDAL_SURFACE('',#14055,0.4,0.3);
#77=TOROIDAL_SURFACE('',#14059,0.4,0.3);
#78=TOROIDAL_SURFACE('',#14061,0.4,0.3);
#79=TOROIDAL_SURFACE('',#14200,1.,0.8);
#80=TOROIDAL_SURFACE('',#14204,1.,0.8);
#81=TOROIDAL_SURFACE('',#14208,1.,0.8);
#82=TOROIDAL_SURFACE('',#14212,1.,0.8);
#83=TOROIDAL_SURFACE('',#14216,1.2,0.8);
#84=TOROIDAL_SURFACE('',#14371,1.2,0.4);
#85=CONTEXT_DEPENDENT_SHAPE_REPRESENTATION(#135,#21678);
#86=CONTEXT_DEPENDENT_SHAPE_REPRESENTATION(#136,#21680);
#87=CONTEXT_DEPENDENT_SHAPE_REPRESENTATION(#137,#21682);
#88=CONTEXT_DEPENDENT_SHAPE_REPRESENTATION(#138,#21684);
#89=CONTEXT_DEPENDENT_SHAPE_REPRESENTATION(#139,#21687);
#90=CONTEXT_DEPENDENT_SHAPE_REPRESENTATION(#140,#21689);
#91=CONTEXT_DEPENDENT_SHAPE_REPRESENTATION(#141,#21690);
#92=CONTEXT_DEPENDENT_SHAPE_REPRESENTATION(#142,#21692);
#93=CONTEXT_DEPENDENT_SHAPE_REPRESENTATION(#143,#21693);
#94=CONTEXT_DEPENDENT_SHAPE_REPRESENTATION(#144,#21694);
#95=CONTEXT_DEPENDENT_SHAPE_REPRESENTATION(#145,#21695);
#96=CONTEXT_DEPENDENT_SHAPE_REPRESENTATION(#146,#21696);
#97=CONTEXT_DEPENDENT_SHAPE_REPRESENTATION(#147,#21697);
#98=CONTEXT_DEPENDENT_SHAPE_REPRESENTATION(#148,#21698);
#99=CONTEXT_DEPENDENT_SHAPE_REPRESENTATION(#149,#21699);
#100=CONTEXT_DEPENDENT_SHAPE_REPRESENTATION(#150,#21700);
#101=CONTEXT_DEPENDENT_SHAPE_REPRESENTATION(#151,#21701);
#102=CONTEXT_DEPENDENT_SHAPE_REPRESENTATION(#152,#21702);
#103=CONTEXT_DEPENDENT_SHAPE_REPRESENTATION(#153,#21703);
#104=CONTEXT_DEPENDENT_SHAPE_REPRESENTATION(#154,#21704);
#105=CONTEXT_DEPENDENT_SHAPE_REPRESENTATION(#155,#21705);
#106=CONTEXT_DEPENDENT_SHAPE_REPRESENTATION(#156,#21707);
#107=CONTEXT_DEPENDENT_SHAPE_REPRESENTATION(#157,#21708);
#108=CONTEXT_DEPENDENT_SHAPE_REPRESENTATION(#158,#21709);
#109=CONTEXT_DEPENDENT_SHAPE_REPRESENTATION(#159,#21710);
#110=NEXT_ASSEMBLY_USAGE_OCCURRENCE('ZIF_socket16_bottom',
'ZIF_socket16_bottom','ZIF_socket16_bottom',#21711,#21712,'');
#111=NEXT_ASSEMBLY_USAGE_OCCURRENCE('ZIF_socket16_middle_body',
'ZIF_socket16_middle_body','ZIF_socket16_middle_body',#21711,#21713,'');
#112=NEXT_ASSEMBLY_USAGE_OCCURRENCE('ZIF_socket_middle_shield',
'ZIF_socket_middle_shield','ZIF_socket_middle_shield',#21711,#21714,'');
#113=NEXT_ASSEMBLY_USAGE_OCCURRENCE('ZIF_socket16_top',
'ZIF_socket16_top','ZIF_socket16_top',#21711,#21715,'');
#114=NEXT_ASSEMBLY_USAGE_OCCURRENCE('ZIF_socket_handle',
'ZIF_socket_handle','ZIF_socket_handle',#21716,#21717,'');
#115=NEXT_ASSEMBLY_USAGE_OCCURRENCE('ZIF_socket_handle_head',
'ZIF_socket_handle_head','ZIF_socket_handle_head',#21716,#21718,'');
#116=NEXT_ASSEMBLY_USAGE_OCCURRENCE('ZIF_hamdle','ZIF_hamdle',
'ZIF_hamdle',#21711,#21716,'');
#117=NEXT_ASSEMBLY_USAGE_OCCURRENCE('ZIF_socket_pin','ZIF_socket_pin',
'ZIF_socket_pin',#21711,#21719,'');
#118=NEXT_ASSEMBLY_USAGE_OCCURRENCE('ZIF_socket_pin','ZIF_socket_pin',
'ZIF_socket_pin',#21711,#21719,'');
#119=NEXT_ASSEMBLY_USAGE_OCCURRENCE('ZIF_socket_pin','ZIF_socket_pin',
'ZIF_socket_pin',#21711,#21719,'');
#120=NEXT_ASSEMBLY_USAGE_OCCURRENCE('ZIF_socket_pin','ZIF_socket_pin',
'ZIF_socket_pin',#21711,#21719,'');
#121=NEXT_ASSEMBLY_USAGE_OCCURRENCE('ZIF_socket_pin','ZIF_socket_pin',
'ZIF_socket_pin',#21711,#21719,'');
#122=NEXT_ASSEMBLY_USAGE_OCCURRENCE('ZIF_socket_pin','ZIF_socket_pin',
'ZIF_socket_pin',#21711,#21719,'');
#123=NEXT_ASSEMBLY_USAGE_OCCURRENCE('ZIF_socket_pin','ZIF_socket_pin',
'ZIF_socket_pin',#21711,#21719,'');
#124=NEXT_ASSEMBLY_USAGE_OCCURRENCE('ZIF_socket_pin','ZIF_socket_pin',
'ZIF_socket_pin',#21711,#21719,'');
#125=NEXT_ASSEMBLY_USAGE_OCCURRENCE('ZIF_socket_pin','ZIF_socket_pin',
'ZIF_socket_pin',#21711,#21719,'');
#126=NEXT_ASSEMBLY_USAGE_OCCURRENCE('ZIF_socket_pin','ZIF_socket_pin',
'ZIF_socket_pin',#21711,#21719,'');
#127=NEXT_ASSEMBLY_USAGE_OCCURRENCE('ZIF_socket_pin','ZIF_socket_pin',
'ZIF_socket_pin',#21711,#21719,'');
#128=NEXT_ASSEMBLY_USAGE_OCCURRENCE('ZIF_socket_pin','ZIF_socket_pin',
'ZIF_socket_pin',#21711,#21719,'');
#129=NEXT_ASSEMBLY_USAGE_OCCURRENCE('ZIF_socket_pin','ZIF_socket_pin',
'ZIF_socket_pin',#21711,#21719,'');
#130=NEXT_ASSEMBLY_USAGE_OCCURRENCE('ZIF_socket_pin','ZIF_socket_pin',
'ZIF_socket_pin',#21711,#21719,'');
#131=NEXT_ASSEMBLY_USAGE_OCCURRENCE('M1.6-L8','M1.6-L8','M1.6-L8',#21711,
#21720,'');
#132=NEXT_ASSEMBLY_USAGE_OCCURRENCE('M1.6-L8','M1.6-L8','M1.6-L8',#21711,
#21720,'');
#133=NEXT_ASSEMBLY_USAGE_OCCURRENCE('ZIF_socket_pin','ZIF_socket_pin',
'ZIF_socket_pin',#21711,#21719,'');
#134=NEXT_ASSEMBLY_USAGE_OCCURRENCE('ZIF_socket_pin','ZIF_socket_pin',
'ZIF_socket_pin',#21711,#21719,'');
#135=(
REPRESENTATION_RELATIONSHIP(' ',' ',#13445,#13446)
REPRESENTATION_RELATIONSHIP_WITH_TRANSFORMATION(#160)
SHAPE_REPRESENTATION_RELATIONSHIP()
);
#136=(
REPRESENTATION_RELATIONSHIP(' ',' ',#13447,#13446)
REPRESENTATION_RELATIONSHIP_WITH_TRANSFORMATION(#161)
SHAPE_REPRESENTATION_RELATIONSHIP()
);
#137=(
REPRESENTATION_RELATIONSHIP(' ',' ',#13448,#13446)
REPRESENTATION_RELATIONSHIP_WITH_TRANSFORMATION(#162)
SHAPE_REPRESENTATION_RELATIONSHIP()
);
#138=(
REPRESENTATION_RELATIONSHIP(' ',' ',#13449,#13446)
REPRESENTATION_RELATIONSHIP_WITH_TRANSFORMATION(#163)
SHAPE_REPRESENTATION_RELATIONSHIP()
);
#139=(
REPRESENTATION_RELATIONSHIP(' ',' ',#13450,#13451)
REPRESENTATION_RELATIONSHIP_WITH_TRANSFORMATION(#164)
SHAPE_REPRESENTATION_RELATIONSHIP()
);
#140=(
REPRESENTATION_RELATIONSHIP(' ',' ',#13452,#13451)
REPRESENTATION_RELATIONSHIP_WITH_TRANSFORMATION(#165)
SHAPE_REPRESENTATION_RELATIONSHIP()
);
#141=(
REPRESENTATION_RELATIONSHIP(' ',' ',#13451,#13446)
REPRESENTATION_RELATIONSHIP_WITH_TRANSFORMATION(#166)
SHAPE_REPRESENTATION_RELATIONSHIP()
);
#142=(
REPRESENTATION_RELATIONSHIP(' ',' ',#13453,#13446)
REPRESENTATION_RELATIONSHIP_WITH_TRANSFORMATION(#167)
SHAPE_REPRESENTATION_RELATIONSHIP()
);
#143=(
REPRESENTATION_RELATIONSHIP(' ',' ',#13453,#13446)
REPRESENTATION_RELATIONSHIP_WITH_TRANSFORMATION(#168)
SHAPE_REPRESENTATION_RELATIONSHIP()
);
#144=(
REPRESENTATION_RELATIONSHIP(' ',' ',#13453,#13446)
REPRESENTATION_RELATIONSHIP_WITH_TRANSFORMATION(#169)
SHAPE_REPRESENTATION_RELATIONSHIP()
);
#145=(
REPRESENTATION_RELATIONSHIP(' ',' ',#13453,#13446)
REPRESENTATION_RELATIONSHIP_WITH_TRANSFORMATION(#170)
SHAPE_REPRESENTATION_RELATIONSHIP()
);
#146=(
REPRESENTATION_RELATIONSHIP(' ',' ',#13453,#13446)
REPRESENTATION_RELATIONSHIP_WITH_TRANSFORMATION(#171)
SHAPE_REPRESENTATION_RELATIONSHIP()
);
#147=(
REPRESENTATION_RELATIONSHIP(' ',' ',#13453,#13446)
REPRESENTATION_RELATIONSHIP_WITH_TRANSFORMATION(#172)
SHAPE_REPRESENTATION_RELATIONSHIP()
);
#148=(
REPRESENTATION_RELATIONSHIP(' ',' ',#13453,#13446)
REPRESENTATION_RELATIONSHIP_WITH_TRANSFORMATION(#173)
SHAPE_REPRESENTATION_RELATIONSHIP()
);
#149=(
REPRESENTATION_RELATIONSHIP(' ',' ',#13453,#13446)
REPRESENTATION_RELATIONSHIP_WITH_TRANSFORMATION(#174)
SHAPE_REPRESENTATION_RELATIONSHIP()
);
#150=(
REPRESENTATION_RELATIONSHIP(' ',' ',#13453,#13446)
REPRESENTATION_RELATIONSHIP_WITH_TRANSFORMATION(#175)
SHAPE_REPRESENTATION_RELATIONSHIP()
);
#151=(
REPRESENTATION_RELATIONSHIP(' ',' ',#13453,#13446)
REPRESENTATION_RELATIONSHIP_WITH_TRANSFORMATION(#176)
SHAPE_REPRESENTATION_RELATIONSHIP()
);
#152=(
REPRESENTATION_RELATIONSHIP(' ',' ',#13453,#13446)
REPRESENTATION_RELATIONSHIP_WITH_TRANSFORMATION(#177)
SHAPE_REPRESENTATION_RELATIONSHIP()
);
#153=(
REPRESENTATION_RELATIONSHIP(' ',' ',#13453,#13446)
REPRESENTATION_RELATIONSHIP_WITH_TRANSFORMATION(#178)
SHAPE_REPRESENTATION_RELATIONSHIP()
);
#154=(
REPRESENTATION_RELATIONSHIP(' ',' ',#13453,#13446)
REPRESENTATION_RELATIONSHIP_WITH_TRANSFORMATION(#179)
SHAPE_REPRESENTATION_RELATIONSHIP()
);
#155=(
REPRESENTATION_RELATIONSHIP(' ',' ',#13453,#13446)
REPRESENTATION_RELATIONSHIP_WITH_TRANSFORMATION(#180)
SHAPE_REPRESENTATION_RELATIONSHIP()
);
#156=(
REPRESENTATION_RELATIONSHIP(' ',' ',#13454,#13446)
REPRESENTATION_RELATIONSHIP_WITH_TRANSFORMATION(#181)
SHAPE_REPRESENTATION_RELATIONSHIP()
);
#157=(
REPRESENTATION_RELATIONSHIP(' ',' ',#13454,#13446)
REPRESENTATION_RELATIONSHIP_WITH_TRANSFORMATION(#182)
SHAPE_REPRESENTATION_RELATIONSHIP()
);
#158=(
REPRESENTATION_RELATIONSHIP(' ',' ',#13453,#13446)
REPRESENTATION_RELATIONSHIP_WITH_TRANSFORMATION(#183)
SHAPE_REPRESENTATION_RELATIONSHIP()
);
#159=(
REPRESENTATION_RELATIONSHIP(' ',' ',#13453,#13446)
REPRESENTATION_RELATIONSHIP_WITH_TRANSFORMATION(#184)
SHAPE_REPRESENTATION_RELATIONSHIP()
);
#160=ITEM_DEFINED_TRANSFORMATION(' ',' ',#13455,#13708);
#161=ITEM_DEFINED_TRANSFORMATION(' ',' ',#13455,#13915);
#162=ITEM_DEFINED_TRANSFORMATION(' ',' ',#13455,#13940);
#163=ITEM_DEFINED_TRANSFORMATION(' ',' ',#13455,#14192);
#164=ITEM_DEFINED_TRANSFORMATION(' ',' ',#13455,#14220);
#165=ITEM_DEFINED_TRANSFORMATION(' ',' ',#13455,#14236);
#166=ITEM_DEFINED_TRANSFORMATION(' ',' ',#13455,#14237);
#167=ITEM_DEFINED_TRANSFORMATION(' ',' ',#13455,#14336);
#168=ITEM_DEFINED_TRANSFORMATION(' ',' ',#13455,#14337);
#169=ITEM_DEFINED_TRANSFORMATION(' ',' ',#13455,#14338);
#170=ITEM_DEFINED_TRANSFORMATION(' ',' ',#13455,#14339);
#171=ITEM_DEFINED_TRANSFORMATION(' ',' ',#13455,#14340);
#172=ITEM_DEFINED_TRANSFORMATION(' ',' ',#13455,#14341);
#173=ITEM_DEFINED_TRANSFORMATION(' ',' ',#13455,#14342);
#174=ITEM_DEFINED_TRANSFORMATION(' ',' ',#13455,#14343);
#175=ITEM_DEFINED_TRANSFORMATION(' ',' ',#13455,#14344);
#176=ITEM_DEFINED_TRANSFORMATION(' ',' ',#13455,#14345);
#177=ITEM_DEFINED_TRANSFORMATION(' ',' ',#13455,#14346);
#178=ITEM_DEFINED_TRANSFORMATION(' ',' ',#13455,#14347);
#179=ITEM_DEFINED_TRANSFORMATION(' ',' ',#13455,#14348);
#180=ITEM_DEFINED_TRANSFORMATION(' ',' ',#13455,#14349);
#181=ITEM_DEFINED_TRANSFORMATION(' ',' ',#13455,#14388);
#182=ITEM_DEFINED_TRANSFORMATION(' ',' ',#13455,#14389);
#183=ITEM_DEFINED_TRANSFORMATION(' ',' ',#13455,#14390);
#184=ITEM_DEFINED_TRANSFORMATION(' ',' ',#13455,#14391);
#185=SHAPE_REPRESENTATION_RELATIONSHIP('','',#13445,#193);
#186=SHAPE_REPRESENTATION_RELATIONSHIP('','',#13447,#194);
#187=SHAPE_REPRESENTATION_RELATIONSHIP('','',#13448,#195);
#188=SHAPE_REPRESENTATION_RELATIONSHIP('','',#13449,#196);
#189=SHAPE_REPRESENTATION_RELATIONSHIP('','',#13450,#197);
#190=SHAPE_REPRESENTATION_RELATIONSHIP('','',#13452,#198);
#191=SHAPE_REPRESENTATION_RELATIONSHIP('','',#13453,#199);
#192=SHAPE_REPRESENTATION_RELATIONSHIP('','',#13454,#200);
#193=ADVANCED_BREP_SHAPE_REPRESENTATION('',(#13427),#21654);
#194=ADVANCED_BREP_SHAPE_REPRESENTATION('',(#13428),#21655);
#195=ADVANCED_BREP_SHAPE_REPRESENTATION('',(#13429),#21656);
#196=ADVANCED_BREP_SHAPE_REPRESENTATION('',(#13430),#21657);
#197=ADVANCED_BREP_SHAPE_REPRESENTATION('',(#13431),#21659);
#198=ADVANCED_BREP_SHAPE_REPRESENTATION('',(#13432),#21660);
#199=ADVANCED_BREP_SHAPE_REPRESENTATION('',(#13433),#21661);
#200=ADVANCED_BREP_SHAPE_REPRESENTATION('',(#13434),#21662);
#201=CYLINDRICAL_SURFACE('',#13494,1.);
#202=CYLINDRICAL_SURFACE('',#13498,1.);
#203=CYLINDRICAL_SURFACE('',#13509,0.7);
#204=CYLINDRICAL_SURFACE('',#13511,0.7);
#205=CYLINDRICAL_SURFACE('',#13526,0.7);
#206=CYLINDRICAL_SURFACE('',#13527,0.7);
#207=CYLINDRICAL_SURFACE('',#13640,1.);
#208=CYLINDRICAL_SURFACE('',#13648,1.);
#209=CYLINDRICAL_SURFACE('',#13653,1.);
#210=CYLINDRICAL_SURFACE('',#13683,0.8);
#211=CYLINDRICAL_SURFACE('',#13706,0.7);
#212=CYLINDRICAL_SURFACE('',#13707,0.7);
#213=CYLINDRICAL_SURFACE('',#13709,0.1);
#214=CYLINDRICAL_SURFACE('',#13713,0.1);
#215=CYLINDRICAL_SURFACE('',#13716,0.1);
#216=CYLINDRICAL_SURFACE('',#13724,0.1);
#217=CYLINDRICAL_SURFACE('',#13901,0.0499999999999994);
#218=CYLINDRICAL_SURFACE('',#13902,0.0499999999999994);
#219=CYLINDRICAL_SURFACE('',#13903,0.0499999999999994);
#220=CYLINDRICAL_SURFACE('',#13904,0.0499999999999994);
#221=CYLINDRICAL_SURFACE('',#13905,0.0499999999999994);
#222=CYLINDRICAL_SURFACE('',#13906,0.0499999999999994);
#223=CYLINDRICAL_SURFACE('',#13907,0.2);
#224=CYLINDRICAL_SURFACE('',#13908,0.2);
#225=CYLINDRICAL_SURFACE('',#13909,0.2);
#226=CYLINDRICAL_SURFACE('',#13910,0.2);
#227=CYLINDRICAL_SURFACE('',#13911,0.1);
#228=CYLINDRICAL_SURFACE('',#13912,0.1);
#229=CYLINDRICAL_SURFACE('',#13913,0.1);
#230=CYLINDRICAL_SURFACE('',#13914,0.1);
#231=CYLINDRICAL_SURFACE('',#13920,0.2);
#232=CYLINDRICAL_SURFACE('',#13926,0.5);
#233=CYLINDRICAL_SURFACE('',#14014,0.0999999999999995);
#234=CYLINDRICAL_SURFACE('',#14016,0.0999999999999995);
#235=CYLINDRICAL_SURFACE('',#14021,0.0999999999999995);
#236=CYLINDRICAL_SURFACE('',#14026,0.0999999999999995);
#237=CYLINDRICAL_SURFACE('',#14031,0.0999999999999995);
#238=CYLINDRICAL_SURFACE('',#14036,0.0999999999999995);
#239=CYLINDRICAL_SURFACE('',#14064,1.);
#240=CYLINDRICAL_SURFACE('',#14068,1.);
#241=CYLINDRICAL_SURFACE('',#14071,1.);
#242=CYLINDRICAL_SURFACE('',#14074,1.);
#243=CYLINDRICAL_SURFACE('',#14077,1.);
#244=CYLINDRICAL_SURFACE('',#14128,0.8);
#245=CYLINDRICAL_SURFACE('',#14130,0.8);
#246=CYLINDRICAL_SURFACE('',#14132,0.7);
#247=CYLINDRICAL_SURFACE('',#14134,0.7);
#248=CYLINDRICAL_SURFACE('',#14144,0.7);
#249=CYLINDRICAL_SURFACE('',#14146,0.7);
#250=CYLINDRICAL_SURFACE('',#14195,0.8);
#251=CYLINDRICAL_SURFACE('',#14197,0.8);
#252=CYLINDRICAL_SURFACE('',#14202,0.8);
#253=CYLINDRICAL_SURFACE('',#14206,0.8);
#254=CYLINDRICAL_SURFACE('',#14210,0.8);
#255=CYLINDRICAL_SURFACE('',#14214,0.8);
#256=CYLINDRICAL_SURFACE('',#14230,0.8);
#257=CYLINDRICAL_SURFACE('',#14234,2.3);
#258=CYLINDRICAL_SURFACE('',#14240,1.);
#259=CYLINDRICAL_SURFACE('',#14246,1.);
#260=CYLINDRICAL_SURFACE('',#14256,0.8);
#261=CYLINDRICAL_SURFACE('',#14269,0.8);
#262=CYLINDRICAL_SURFACE('',#14279,1.);
#263=CYLINDRICAL_SURFACE('',#14287,1.);
#264=CYLINDRICAL_SURFACE('',#14315,0.8);
#265=CYLINDRICAL_SURFACE('',#14316,0.8);
#266=CYLINDRICAL_SURFACE('',#14317,0.8);
#267=CYLINDRICAL_SURFACE('',#14318,0.8);
#268=CYLINDRICAL_SURFACE('',#14319,0.8);
#269=CYLINDRICAL_SURFACE('',#14320,0.8);
#270=CYLINDRICAL_SURFACE('',#14321,0.8);
#271=CYLINDRICAL_SURFACE('',#14322,0.8);
#272=CYLINDRICAL_SURFACE('',#14323,0.4);
#273=CYLINDRICAL_SURFACE('',#14324,0.4);
#274=CYLINDRICAL_SURFACE('',#14325,0.4);
#275=CYLINDRICAL_SURFACE('',#14326,0.4);
#276=CYLINDRICAL_SURFACE('',#14334,0.2);
#277=CYLINDRICAL_SURFACE('',#14335,0.2);
#278=CYLINDRICAL_SURFACE('',#14367,1.4);
#279=CYLINDRICAL_SURFACE('',#14373,0.799999999999989);
#280=LINE('',#17867,#1873);
#281=LINE('',#17870,#1874);
#282=LINE('',#17872,#1875);
#283=LINE('',#17874,#1876);
#284=LINE('',#17876,#1877);
#285=LINE('',#17879,#1878);
#286=LINE('',#17881,#1879);
#287=LINE('',#17883,#1880);
#288=LINE('',#17885,#1881);
#289=LINE('',#17887,#1882);
#290=LINE('',#17889,#1883);
#291=LINE('',#17891,#1884);
#292=LINE('',#17893,#1885);
#293=LINE('',#17895,#1886);
#294=LINE('',#17897,#1887);
#295=LINE('',#17899,#1888);
#296=LINE('',#17901,#1889);
#297=LINE('',#17903,#1890);
#298=LINE('',#17904,#1891);
#299=LINE('',#17906,#1892);
#300=LINE('',#17909,#1893);
#301=LINE('',#17911,#1894);
#302=LINE('',#17913,#1895);
#303=LINE('',#17915,#1896);
#304=LINE('',#17917,#1897);
#305=LINE('',#17919,#1898);
#306=LINE('',#17921,#1899);
#307=LINE('',#17923,#1900);
#308=LINE('',#17925,#1901);
#309=LINE('',#17927,#1902);
#310=LINE('',#17929,#1903);
#311=LINE('',#17931,#1904);
#312=LINE('',#17933,#1905);
#313=LINE('',#17935,#1906);
#314=LINE('',#17937,#1907);
#315=LINE('',#17939,#1908);
#316=LINE('',#17940,#1909);
#317=LINE('',#17942,#1910);
#318=LINE('',#17944,#1911);
#319=LINE('',#17946,#1912);
#320=LINE('',#17948,#1913);
#321=LINE('',#17949,#1914);
#322=LINE('',#17951,#1915);
#323=LINE('',#17953,#1916);
#324=LINE('',#17954,#1917);
#325=LINE('',#17957,#1918);
#326=LINE('',#17959,#1919);
#327=LINE('',#17962,#1920);
#328=LINE('',#17964,#1921);
#329=LINE('',#17966,#1922);
#330=LINE('',#17967,#1923);
#331=LINE('',#17970,#1924);
#332=LINE('',#17972,#1925);
#333=LINE('',#17974,#1926);
#334=LINE('',#17975,#1927);
#335=LINE('',#17978,#1928);
#336=LINE('',#17980,#1929);
#337=LINE('',#17982,#1930);
#338=LINE('',#17983,#1931);
#339=LINE('',#17986,#1932);
#340=LINE('',#17988,#1933);
#341=LINE('',#17990,#1934);
#342=LINE('',#17992,#1935);
#343=LINE('',#17994,#1936);
#344=LINE('',#17996,#1937);
#345=LINE('',#17998,#1938);
#346=LINE('',#18000,#1939);
#347=LINE('',#18002,#1940);
#348=LINE('',#18006,#1941);
#349=LINE('',#18010,#1942);
#350=LINE('',#18012,#1943);
#351=LINE('',#18014,#1944);
#352=LINE('',#18015,#1945);
#353=LINE('',#18018,#1946);
#354=LINE('',#18020,#1947);
#355=LINE('',#18022,#1948);
#356=LINE('',#18024,#1949);
#357=LINE('',#18026,#1950);
#358=LINE('',#18028,#1951);
#359=LINE('',#18030,#1952);
#360=LINE('',#18032,#1953);
#361=LINE('',#18034,#1954);
#362=LINE('',#18036,#1955);
#363=LINE('',#18038,#1956);
#364=LINE('',#18053,#1957);
#365=LINE('',#18058,#1958);
#366=LINE('',#18062,#1959);
#367=LINE('',#18064,#1960);
#368=LINE('',#18066,#1961);
#369=LINE('',#18070,#1962);
#370=LINE('',#18074,#1963);
#371=LINE('',#18076,#1964);
#372=LINE('',#18077,#1965);
#373=LINE('',#18079,#1966);
#374=LINE('',#18081,#1967);
#375=LINE('',#18083,#1968);
#376=LINE('',#18085,#1969);
#377=LINE('',#18087,#1970);
#378=LINE('',#18089,#1971);
#379=LINE('',#18091,#1972);
#380=LINE('',#18107,#1973);
#381=LINE('',#18109,#1974);
#382=LINE('',#18111,#1975);
#383=LINE('',#18113,#1976);
#384=LINE('',#18115,#1977);
#385=LINE('',#18123,#1978);
#386=LINE('',#18126,#1979);
#387=LINE('',#18129,#1980);
#388=LINE('',#18133,#1981);
#389=LINE('',#18135,#1982);
#390=LINE('',#18145,#1983);
#391=LINE('',#18148,#1984);
#392=LINE('',#18150,#1985);
#393=LINE('',#18152,#1986);
#394=LINE('',#18154,#1987);
#395=LINE('',#18157,#1988);
#396=LINE('',#18159,#1989);
#397=LINE('',#18161,#1990);
#398=LINE('',#18163,#1991);
#399=LINE('',#18165,#1992);
#400=LINE('',#18167,#1993);
#401=LINE('',#18169,#1994);
#402=LINE('',#18171,#1995);
#403=LINE('',#18173,#1996);
#404=LINE('',#18175,#1997);
#405=LINE('',#18177,#1998);
#406=LINE('',#18179,#1999);
#407=LINE('',#18181,#2000);
#408=LINE('',#18182,#2001);
#409=LINE('',#18184,#2002);
#410=LINE('',#18187,#2003);
#411=LINE('',#18189,#2004);
#412=LINE('',#18191,#2005);
#413=LINE('',#18193,#2006);
#414=LINE('',#18195,#2007);
#415=LINE('',#18197,#2008);
#416=LINE('',#18199,#2009);
#417=LINE('',#18201,#2010);
#418=LINE('',#18203,#2011);
#419=LINE('',#18205,#2012);
#420=LINE('',#18207,#2013);
#421=LINE('',#18209,#2014);
#422=LINE('',#18211,#2015);
#423=LINE('',#18213,#2016);
#424=LINE('',#18215,#2017);
#425=LINE('',#18217,#2018);
#426=LINE('',#18218,#2019);
#427=LINE('',#18220,#2020);
#428=LINE('',#18222,#2021);
#429=LINE('',#18224,#2022);
#430=LINE('',#18226,#2023);
#431=LINE('',#18227,#2024);
#432=LINE('',#18229,#2025);
#433=LINE('',#18231,#2026);
#434=LINE('',#18232,#2027);
#435=LINE('',#18235,#2028);
#436=LINE('',#18237,#2029);
#437=LINE('',#18239,#2030);
#438=LINE('',#18241,#2031);
#439=LINE('',#18243,#2032);
#440=LINE('',#18246,#2033);
#441=LINE('',#18248,#2034);
#442=LINE('',#18250,#2035);
#443=LINE('',#18252,#2036);
#444=LINE('',#18254,#2037);
#445=LINE('',#18256,#2038);
#446=LINE('',#18258,#2039);
#447=LINE('',#18260,#2040);
#448=LINE('',#18262,#2041);
#449=LINE('',#18264,#2042);
#450=LINE('',#18266,#2043);
#451=LINE('',#18268,#2044);
#452=LINE('',#18270,#2045);
#453=LINE('',#18271,#2046);
#454=LINE('',#18273,#2047);
#455=LINE('',#18276,#2048);
#456=LINE('',#18278,#2049);
#457=LINE('',#18280,#2050);
#458=LINE('',#18282,#2051);
#459=LINE('',#18284,#2052);
#460=LINE('',#18286,#2053);
#461=LINE('',#18288,#2054);
#462=LINE('',#18290,#2055);
#463=LINE('',#18292,#2056);
#464=LINE('',#18294,#2057);
#465=LINE('',#18296,#2058);
#466=LINE('',#18298,#2059);
#467=LINE('',#18299,#2060);
#468=LINE('',#18301,#2061);
#469=LINE('',#18303,#2062);
#470=LINE('',#18304,#2063);
#471=LINE('',#18306,#2064);
#472=LINE('',#18308,#2065);
#473=LINE('',#18310,#2066);
#474=LINE('',#18312,#2067);
#475=LINE('',#18313,#2068);
#476=LINE('',#18315,#2069);
#477=LINE('',#18317,#2070);
#478=LINE('',#18318,#2071);
#479=LINE('',#18321,#2072);
#480=LINE('',#18323,#2073);
#481=LINE('',#18325,#2074);
#482=LINE('',#18327,#2075);
#483=LINE('',#18329,#2076);
#484=LINE('',#18332,#2077);
#485=LINE('',#18334,#2078);
#486=LINE('',#18336,#2079);
#487=LINE('',#18338,#2080);
#488=LINE('',#18340,#2081);
#489=LINE('',#18342,#2082);
#490=LINE('',#18344,#2083);
#491=LINE('',#18346,#2084);
#492=LINE('',#18348,#2085);
#493=LINE('',#18350,#2086);
#494=LINE('',#18352,#2087);
#495=LINE('',#18354,#2088);
#496=LINE('',#18356,#2089);
#497=LINE('',#18357,#2090);
#498=LINE('',#18359,#2091);
#499=LINE('',#18362,#2092);
#500=LINE('',#18364,#2093);
#501=LINE('',#18366,#2094);
#502=LINE('',#18368,#2095);
#503=LINE('',#18370,#2096);
#504=LINE('',#18372,#2097);
#505=LINE('',#18374,#2098);
#506=LINE('',#18376,#2099);
#507=LINE('',#18378,#2100);
#508=LINE('',#18380,#2101);
#509=LINE('',#18382,#2102);
#510=LINE('',#18384,#2103);
#511=LINE('',#18385,#2104);
#512=LINE('',#18387,#2105);
#513=LINE('',#18389,#2106);
#514=LINE('',#18390,#2107);
#515=LINE('',#18392,#2108);
#516=LINE('',#18394,#2109);
#517=LINE('',#18396,#2110);
#518=LINE('',#18398,#2111);
#519=LINE('',#18399,#2112);
#520=LINE('',#18401,#2113);
#521=LINE('',#18403,#2114);
#522=LINE('',#18404,#2115);
#523=LINE('',#18407,#2116);
#524=LINE('',#18409,#2117);
#525=LINE('',#18411,#2118);
#526=LINE('',#18413,#2119);
#527=LINE('',#18415,#2120);
#528=LINE('',#18418,#2121);
#529=LINE('',#18420,#2122);
#530=LINE('',#18422,#2123);
#531=LINE('',#18424,#2124);
#532=LINE('',#18426,#2125);
#533=LINE('',#18428,#2126);
#534=LINE('',#18430,#2127);
#535=LINE('',#18432,#2128);
#536=LINE('',#18434,#2129);
#537=LINE('',#18436,#2130);
#538=LINE('',#18438,#2131);
#539=LINE('',#18440,#2132);
#540=LINE('',#18442,#2133);
#541=LINE('',#18443,#2134);
#542=LINE('',#18445,#2135);
#543=LINE('',#18448,#2136);
#544=LINE('',#18450,#2137);
#545=LINE('',#18452,#2138);
#546=LINE('',#18454,#2139);
#547=LINE('',#18456,#2140);
#548=LINE('',#18458,#2141);
#549=LINE('',#18460,#2142);
#550=LINE('',#18462,#2143);
#551=LINE('',#18464,#2144);
#552=LINE('',#18466,#2145);
#553=LINE('',#18468,#2146);
#554=LINE('',#18470,#2147);
#555=LINE('',#18471,#2148);
#556=LINE('',#18473,#2149);
#557=LINE('',#18475,#2150);
#558=LINE('',#18476,#2151);
#559=LINE('',#18478,#2152);
#560=LINE('',#18480,#2153);
#561=LINE('',#18482,#2154);
#562=LINE('',#18484,#2155);
#563=LINE('',#18485,#2156);
#564=LINE('',#18487,#2157);
#565=LINE('',#18489,#2158);
#566=LINE('',#18490,#2159);
#567=LINE('',#18493,#2160);
#568=LINE('',#18495,#2161);
#569=LINE('',#18497,#2162);
#570=LINE('',#18499,#2163);
#571=LINE('',#18501,#2164);
#572=LINE('',#18504,#2165);
#573=LINE('',#18506,#2166);
#574=LINE('',#18508,#2167);
#575=LINE('',#18510,#2168);
#576=LINE('',#18512,#2169);
#577=LINE('',#18514,#2170);
#578=LINE('',#18516,#2171);
#579=LINE('',#18518,#2172);
#580=LINE('',#18520,#2173);
#581=LINE('',#18522,#2174);
#582=LINE('',#18524,#2175);
#583=LINE('',#18526,#2176);
#584=LINE('',#18528,#2177);
#585=LINE('',#18529,#2178);
#586=LINE('',#18531,#2179);
#587=LINE('',#18534,#2180);
#588=LINE('',#18536,#2181);
#589=LINE('',#18538,#2182);
#590=LINE('',#18540,#2183);
#591=LINE('',#18542,#2184);
#592=LINE('',#18544,#2185);
#593=LINE('',#18546,#2186);
#594=LINE('',#18548,#2187);
#595=LINE('',#18550,#2188);
#596=LINE('',#18552,#2189);
#597=LINE('',#18554,#2190);
#598=LINE('',#18556,#2191);
#599=LINE('',#18557,#2192);
#600=LINE('',#18559,#2193);
#601=LINE('',#18561,#2194);
#602=LINE('',#18562,#2195);
#603=LINE('',#18564,#2196);
#604=LINE('',#18566,#2197);
#605=LINE('',#18568,#2198);
#606=LINE('',#18570,#2199);
#607=LINE('',#18571,#2200);
#608=LINE('',#18573,#2201);
#609=LINE('',#18575,#2202);
#610=LINE('',#18576,#2203);
#611=LINE('',#18579,#2204);
#612=LINE('',#18581,#2205);
#613=LINE('',#18583,#2206);
#614=LINE('',#18585,#2207);
#615=LINE('',#18587,#2208);
#616=LINE('',#18589,#2209);
#617=LINE('',#18591,#2210);
#618=LINE('',#18593,#2211);
#619=LINE('',#18595,#2212);
#620=LINE('',#18596,#2213);
#621=LINE('',#18598,#2214);
#622=LINE('',#18600,#2215);
#623=LINE('',#18602,#2216);
#624=LINE('',#18604,#2217);
#625=LINE('',#18606,#2218);
#626=LINE('',#18608,#2219);
#627=LINE('',#18609,#2220);
#628=LINE('',#18611,#2221);
#629=LINE('',#18614,#2222);
#630=LINE('',#18616,#2223);
#631=LINE('',#18618,#2224);
#632=LINE('',#18620,#2225);
#633=LINE('',#18622,#2226);
#634=LINE('',#18624,#2227);
#635=LINE('',#18626,#2228);
#636=LINE('',#18628,#2229);
#637=LINE('',#18630,#2230);
#638=LINE('',#18632,#2231);
#639=LINE('',#18634,#2232);
#640=LINE('',#18636,#2233);
#641=LINE('',#18637,#2234);
#642=LINE('',#18639,#2235);
#643=LINE('',#18641,#2236);
#644=LINE('',#18642,#2237);
#645=LINE('',#18644,#2238);
#646=LINE('',#18646,#2239);
#647=LINE('',#18648,#2240);
#648=LINE('',#18650,#2241);
#649=LINE('',#18651,#2242);
#650=LINE('',#18653,#2243);
#651=LINE('',#18655,#2244);
#652=LINE('',#18656,#2245);
#653=LINE('',#18659,#2246);
#654=LINE('',#18661,#2247);
#655=LINE('',#18663,#2248);
#656=LINE('',#18665,#2249);
#657=LINE('',#18667,#2250);
#658=LINE('',#18669,#2251);
#659=LINE('',#18671,#2252);
#660=LINE('',#18673,#2253);
#661=LINE('',#18676,#2254);
#662=LINE('',#18678,#2255);
#663=LINE('',#18680,#2256);
#664=LINE('',#18682,#2257);
#665=LINE('',#18683,#2258);
#666=LINE('',#18684,#2259);
#667=LINE('',#18686,#2260);
#668=LINE('',#18688,#2261);
#669=LINE('',#18690,#2262);
#670=LINE('',#18696,#2263);
#671=LINE('',#18705,#2264);
#672=LINE('',#18708,#2265);
#673=LINE('',#18710,#2266);
#674=LINE('',#18712,#2267);
#675=LINE('',#18713,#2268);
#676=LINE('',#18716,#2269);
#677=LINE('',#18718,#2270);
#678=LINE('',#18720,#2271);
#679=LINE('',#18722,#2272);
#680=LINE('',#18724,#2273);
#681=LINE('',#18726,#2274);
#682=LINE('',#18727,#2275);
#683=LINE('',#18732,#2276);
#684=LINE('',#18734,#2277);
#685=LINE('',#18736,#2278);
#686=LINE('',#18738,#2279);
#687=LINE('',#18740,#2280);
#688=LINE('',#18742,#2281);
#689=LINE('',#18744,#2282);
#690=LINE('',#18746,#2283);
#691=LINE('',#18748,#2284);
#692=LINE('',#18750,#2285);
#693=LINE('',#18752,#2286);
#694=LINE('',#18754,#2287);
#695=LINE('',#18756,#2288);
#696=LINE('',#18758,#2289);
#697=LINE('',#18760,#2290);
#698=LINE('',#18762,#2291);
#699=LINE('',#18764,#2292);
#700=LINE('',#18767,#2293);
#701=LINE('',#18769,#2294);
#702=LINE('',#18771,#2295);
#703=LINE('',#18773,#2296);
#704=LINE('',#18774,#2297);
#705=LINE('',#18776,#2298);
#706=LINE('',#18777,#2299);
#707=LINE('',#18779,#2300);
#708=LINE('',#18781,#2301);
#709=LINE('',#18783,#2302);
#710=LINE('',#18786,#2303);
#711=LINE('',#18788,#2304);
#712=LINE('',#18790,#2305);
#713=LINE('',#18792,#2306);
#714=LINE('',#18793,#2307);
#715=LINE('',#18794,#2308);
#716=LINE('',#18796,#2309);
#717=LINE('',#18798,#2310);
#718=LINE('',#18799,#2311);
#719=LINE('',#18802,#2312);
#720=LINE('',#18804,#2313);
#721=LINE('',#18806,#2314);
#722=LINE('',#18808,#2315);
#723=LINE('',#18810,#2316);
#724=LINE('',#18812,#2317);
#725=LINE('',#18814,#2318);
#726=LINE('',#18816,#2319);
#727=LINE('',#18819,#2320);
#728=LINE('',#18820,#2321);
#729=LINE('',#18822,#2322);
#730=LINE('',#18828,#2323);
#731=LINE('',#18830,#2324);
#732=LINE('',#18853,#2325);
#733=LINE('',#18854,#2326);
#734=LINE('',#18856,#2327);
#735=LINE('',#18858,#2328);
#736=LINE('',#18861,#2329);
#737=LINE('',#18862,#2330);
#738=LINE('',#18864,#2331);
#739=LINE('',#18866,#2332);
#740=LINE('',#18875,#2333);
#741=LINE('',#18879,#2334);
#742=LINE('',#18881,#2335);
#743=LINE('',#18883,#2336);
#744=LINE('',#18885,#2337);
#745=LINE('',#18889,#2338);
#746=LINE('',#18896,#2339);
#747=LINE('',#18900,#2340);
#748=LINE('',#18902,#2341);
#749=LINE('',#18903,#2342);
#750=LINE('',#18905,#2343);
#751=LINE('',#18907,#2344);
#752=LINE('',#18909,#2345);
#753=LINE('',#18911,#2346);
#754=LINE('',#18913,#2347);
#755=LINE('',#18915,#2348);
#756=LINE('',#18921,#2349);
#757=LINE('',#18924,#2350);
#758=LINE('',#18926,#2351);
#759=LINE('',#18928,#2352);
#760=LINE('',#18929,#2353);
#761=LINE('',#18932,#2354);
#762=LINE('',#18934,#2355);
#763=LINE('',#18936,#2356);
#764=LINE('',#18937,#2357);
#765=LINE('',#18940,#2358);
#766=LINE('',#18942,#2359);
#767=LINE('',#18944,#2360);
#768=LINE('',#18945,#2361);
#769=LINE('',#18948,#2362);
#770=LINE('',#18950,#2363);
#771=LINE('',#18952,#2364);
#772=LINE('',#18953,#2365);
#773=LINE('',#18956,#2366);
#774=LINE('',#18958,#2367);
#775=LINE('',#18960,#2368);
#776=LINE('',#18961,#2369);
#777=LINE('',#18964,#2370);
#778=LINE('',#18966,#2371);
#779=LINE('',#18968,#2372);
#780=LINE('',#18969,#2373);
#781=LINE('',#18972,#2374);
#782=LINE('',#18974,#2375);
#783=LINE('',#18976,#2376);
#784=LINE('',#18977,#2377);
#785=LINE('',#18980,#2378);
#786=LINE('',#18982,#2379);
#787=LINE('',#18984,#2380);
#788=LINE('',#18985,#2381);
#789=LINE('',#18988,#2382);
#790=LINE('',#18990,#2383);
#791=LINE('',#18992,#2384);
#792=LINE('',#18993,#2385);
#793=LINE('',#18996,#2386);
#794=LINE('',#18998,#2387);
#795=LINE('',#19000,#2388);
#796=LINE('',#19001,#2389);
#797=LINE('',#19004,#2390);
#798=LINE('',#19006,#2391);
#799=LINE('',#19008,#2392);
#800=LINE('',#19009,#2393);
#801=LINE('',#19012,#2394);
#802=LINE('',#19014,#2395);
#803=LINE('',#19016,#2396);
#804=LINE('',#19017,#2397);
#805=LINE('',#19020,#2398);
#806=LINE('',#19022,#2399);
#807=LINE('',#19024,#2400);
#808=LINE('',#19025,#2401);
#809=LINE('',#19028,#2402);
#810=LINE('',#19030,#2403);
#811=LINE('',#19032,#2404);
#812=LINE('',#19033,#2405);
#813=LINE('',#19038,#2406);
#814=LINE('',#19042,#2407);
#815=LINE('',#19046,#2408);
#816=LINE('',#19049,#2409);
#817=LINE('',#19052,#2410);
#818=LINE('',#19054,#2411);
#819=LINE('',#19056,#2412);
#820=LINE('',#19057,#2413);
#821=LINE('',#19060,#2414);
#822=LINE('',#19062,#2415);
#823=LINE('',#19064,#2416);
#824=LINE('',#19065,#2417);
#825=LINE('',#19070,#2418);
#826=LINE('',#19074,#2419);
#827=LINE('',#19078,#2420);
#828=LINE('',#19082,#2421);
#829=LINE('',#19085,#2422);
#830=LINE('',#19087,#2423);
#831=LINE('',#19089,#2424);
#832=LINE('',#19091,#2425);
#833=LINE('',#19093,#2426);
#834=LINE('',#19095,#2427);
#835=LINE('',#19096,#2428);
#836=LINE('',#19098,#2429);
#837=LINE('',#19100,#2430);
#838=LINE('',#19102,#2431);
#839=LINE('',#19104,#2432);
#840=LINE('',#19106,#2433);
#841=LINE('',#19108,#2434);
#842=LINE('',#19110,#2435);
#843=LINE('',#19112,#2436);
#844=LINE('',#19113,#2437);
#845=LINE('',#19115,#2438);
#846=LINE('',#19117,#2439);
#847=LINE('',#19119,#2440);
#848=LINE('',#19121,#2441);
#849=LINE('',#19123,#2442);
#850=LINE('',#19125,#2443);
#851=LINE('',#19127,#2444);
#852=LINE('',#19129,#2445);
#853=LINE('',#19131,#2446);
#854=LINE('',#19133,#2447);
#855=LINE('',#19135,#2448);
#856=LINE('',#19137,#2449);
#857=LINE('',#19139,#2450);
#858=LINE('',#19141,#2451);
#859=LINE('',#19143,#2452);
#860=LINE('',#19145,#2453);
#861=LINE('',#19147,#2454);
#862=LINE('',#19148,#2455);
#863=LINE('',#19150,#2456);
#864=LINE('',#19153,#2457);
#865=LINE('',#19156,#2458);
#866=LINE('',#19158,#2459);
#867=LINE('',#19160,#2460);
#868=LINE('',#19162,#2461);
#869=LINE('',#19165,#2462);
#870=LINE('',#19167,#2463);
#871=LINE('',#19169,#2464);
#872=LINE('',#19171,#2465);
#873=LINE('',#19173,#2466);
#874=LINE('',#19175,#2467);
#875=LINE('',#19176,#2468);
#876=LINE('',#19178,#2469);
#877=LINE('',#19180,#2470);
#878=LINE('',#19182,#2471);
#879=LINE('',#19184,#2472);
#880=LINE('',#19186,#2473);
#881=LINE('',#19188,#2474);
#882=LINE('',#19190,#2475);
#883=LINE('',#19192,#2476);
#884=LINE('',#19193,#2477);
#885=LINE('',#19195,#2478);
#886=LINE('',#19197,#2479);
#887=LINE('',#19199,#2480);
#888=LINE('',#19201,#2481);
#889=LINE('',#19203,#2482);
#890=LINE('',#19205,#2483);
#891=LINE('',#19207,#2484);
#892=LINE('',#19209,#2485);
#893=LINE('',#19211,#2486);
#894=LINE('',#19213,#2487);
#895=LINE('',#19215,#2488);
#896=LINE('',#19217,#2489);
#897=LINE('',#19219,#2490);
#898=LINE('',#19221,#2491);
#899=LINE('',#19223,#2492);
#900=LINE('',#19225,#2493);
#901=LINE('',#19227,#2494);
#902=LINE('',#19228,#2495);
#903=LINE('',#19230,#2496);
#904=LINE('',#19233,#2497);
#905=LINE('',#19236,#2498);
#906=LINE('',#19238,#2499);
#907=LINE('',#19240,#2500);
#908=LINE('',#19242,#2501);
#909=LINE('',#19245,#2502);
#910=LINE('',#19247,#2503);
#911=LINE('',#19249,#2504);
#912=LINE('',#19251,#2505);
#913=LINE('',#19253,#2506);
#914=LINE('',#19255,#2507);
#915=LINE('',#19256,#2508);
#916=LINE('',#19258,#2509);
#917=LINE('',#19260,#2510);
#918=LINE('',#19262,#2511);
#919=LINE('',#19264,#2512);
#920=LINE('',#19266,#2513);
#921=LINE('',#19268,#2514);
#922=LINE('',#19270,#2515);
#923=LINE('',#19272,#2516);
#924=LINE('',#19273,#2517);
#925=LINE('',#19275,#2518);
#926=LINE('',#19277,#2519);
#927=LINE('',#19279,#2520);
#928=LINE('',#19281,#2521);
#929=LINE('',#19283,#2522);
#930=LINE('',#19285,#2523);
#931=LINE('',#19287,#2524);
#932=LINE('',#19289,#2525);
#933=LINE('',#19291,#2526);
#934=LINE('',#19293,#2527);
#935=LINE('',#19295,#2528);
#936=LINE('',#19297,#2529);
#937=LINE('',#19299,#2530);
#938=LINE('',#19301,#2531);
#939=LINE('',#19303,#2532);
#940=LINE('',#19305,#2533);
#941=LINE('',#19307,#2534);
#942=LINE('',#19308,#2535);
#943=LINE('',#19310,#2536);
#944=LINE('',#19313,#2537);
#945=LINE('',#19316,#2538);
#946=LINE('',#19318,#2539);
#947=LINE('',#19320,#2540);
#948=LINE('',#19322,#2541);
#949=LINE('',#19325,#2542);
#950=LINE('',#19327,#2543);
#951=LINE('',#19329,#2544);
#952=LINE('',#19331,#2545);
#953=LINE('',#19333,#2546);
#954=LINE('',#19335,#2547);
#955=LINE('',#19336,#2548);
#956=LINE('',#19338,#2549);
#957=LINE('',#19340,#2550);
#958=LINE('',#19342,#2551);
#959=LINE('',#19344,#2552);
#960=LINE('',#19346,#2553);
#961=LINE('',#19348,#2554);
#962=LINE('',#19350,#2555);
#963=LINE('',#19352,#2556);
#964=LINE('',#19353,#2557);
#965=LINE('',#19355,#2558);
#966=LINE('',#19357,#2559);
#967=LINE('',#19359,#2560);
#968=LINE('',#19361,#2561);
#969=LINE('',#19363,#2562);
#970=LINE('',#19365,#2563);
#971=LINE('',#19367,#2564);
#972=LINE('',#19369,#2565);
#973=LINE('',#19371,#2566);
#974=LINE('',#19373,#2567);
#975=LINE('',#19375,#2568);
#976=LINE('',#19377,#2569);
#977=LINE('',#19379,#2570);
#978=LINE('',#19381,#2571);
#979=LINE('',#19383,#2572);
#980=LINE('',#19385,#2573);
#981=LINE('',#19387,#2574);
#982=LINE('',#19388,#2575);
#983=LINE('',#19390,#2576);
#984=LINE('',#19393,#2577);
#985=LINE('',#19396,#2578);
#986=LINE('',#19398,#2579);
#987=LINE('',#19400,#2580);
#988=LINE('',#19402,#2581);
#989=LINE('',#19405,#2582);
#990=LINE('',#19407,#2583);
#991=LINE('',#19409,#2584);
#992=LINE('',#19411,#2585);
#993=LINE('',#19413,#2586);
#994=LINE('',#19415,#2587);
#995=LINE('',#19416,#2588);
#996=LINE('',#19418,#2589);
#997=LINE('',#19420,#2590);
#998=LINE('',#19422,#2591);
#999=LINE('',#19424,#2592);
#1000=LINE('',#19426,#2593);
#1001=LINE('',#19428,#2594);
#1002=LINE('',#19430,#2595);
#1003=LINE('',#19432,#2596);
#1004=LINE('',#19433,#2597);
#1005=LINE('',#19435,#2598);
#1006=LINE('',#19437,#2599);
#1007=LINE('',#19439,#2600);
#1008=LINE('',#19441,#2601);
#1009=LINE('',#19443,#2602);
#1010=LINE('',#19445,#2603);
#1011=LINE('',#19447,#2604);
#1012=LINE('',#19449,#2605);
#1013=LINE('',#19451,#2606);
#1014=LINE('',#19453,#2607);
#1015=LINE('',#19455,#2608);
#1016=LINE('',#19457,#2609);
#1017=LINE('',#19459,#2610);
#1018=LINE('',#19461,#2611);
#1019=LINE('',#19463,#2612);
#1020=LINE('',#19465,#2613);
#1021=LINE('',#19467,#2614);
#1022=LINE('',#19468,#2615);
#1023=LINE('',#19470,#2616);
#1024=LINE('',#19473,#2617);
#1025=LINE('',#19476,#2618);
#1026=LINE('',#19478,#2619);
#1027=LINE('',#19480,#2620);
#1028=LINE('',#19482,#2621);
#1029=LINE('',#19485,#2622);
#1030=LINE('',#19487,#2623);
#1031=LINE('',#19489,#2624);
#1032=LINE('',#19491,#2625);
#1033=LINE('',#19493,#2626);
#1034=LINE('',#19495,#2627);
#1035=LINE('',#19496,#2628);
#1036=LINE('',#19498,#2629);
#1037=LINE('',#19500,#2630);
#1038=LINE('',#19502,#2631);
#1039=LINE('',#19504,#2632);
#1040=LINE('',#19506,#2633);
#1041=LINE('',#19508,#2634);
#1042=LINE('',#19510,#2635);
#1043=LINE('',#19512,#2636);
#1044=LINE('',#19513,#2637);
#1045=LINE('',#19515,#2638);
#1046=LINE('',#19517,#2639);
#1047=LINE('',#19519,#2640);
#1048=LINE('',#19521,#2641);
#1049=LINE('',#19523,#2642);
#1050=LINE('',#19525,#2643);
#1051=LINE('',#19527,#2644);
#1052=LINE('',#19529,#2645);
#1053=LINE('',#19531,#2646);
#1054=LINE('',#19533,#2647);
#1055=LINE('',#19535,#2648);
#1056=LINE('',#19537,#2649);
#1057=LINE('',#19539,#2650);
#1058=LINE('',#19541,#2651);
#1059=LINE('',#19543,#2652);
#1060=LINE('',#19545,#2653);
#1061=LINE('',#19547,#2654);
#1062=LINE('',#19548,#2655);
#1063=LINE('',#19550,#2656);
#1064=LINE('',#19553,#2657);
#1065=LINE('',#19556,#2658);
#1066=LINE('',#19558,#2659);
#1067=LINE('',#19560,#2660);
#1068=LINE('',#19562,#2661);
#1069=LINE('',#19565,#2662);
#1070=LINE('',#19567,#2663);
#1071=LINE('',#19569,#2664);
#1072=LINE('',#19571,#2665);
#1073=LINE('',#19573,#2666);
#1074=LINE('',#19575,#2667);
#1075=LINE('',#19576,#2668);
#1076=LINE('',#19578,#2669);
#1077=LINE('',#19580,#2670);
#1078=LINE('',#19582,#2671);
#1079=LINE('',#19584,#2672);
#1080=LINE('',#19586,#2673);
#1081=LINE('',#19588,#2674);
#1082=LINE('',#19590,#2675);
#1083=LINE('',#19592,#2676);
#1084=LINE('',#19593,#2677);
#1085=LINE('',#19595,#2678);
#1086=LINE('',#19597,#2679);
#1087=LINE('',#19599,#2680);
#1088=LINE('',#19601,#2681);
#1089=LINE('',#19603,#2682);
#1090=LINE('',#19605,#2683);
#1091=LINE('',#19607,#2684);
#1092=LINE('',#19609,#2685);
#1093=LINE('',#19611,#2686);
#1094=LINE('',#19613,#2687);
#1095=LINE('',#19615,#2688);
#1096=LINE('',#19617,#2689);
#1097=LINE('',#19619,#2690);
#1098=LINE('',#19621,#2691);
#1099=LINE('',#19623,#2692);
#1100=LINE('',#19625,#2693);
#1101=LINE('',#19627,#2694);
#1102=LINE('',#19628,#2695);
#1103=LINE('',#19630,#2696);
#1104=LINE('',#19633,#2697);
#1105=LINE('',#19636,#2698);
#1106=LINE('',#19638,#2699);
#1107=LINE('',#19640,#2700);
#1108=LINE('',#19642,#2701);
#1109=LINE('',#19645,#2702);
#1110=LINE('',#19646,#2703);
#1111=LINE('',#19648,#2704);
#1112=LINE('',#19650,#2705);
#1113=LINE('',#19652,#2706);
#1114=LINE('',#19654,#2707);
#1115=LINE('',#19656,#2708);
#1116=LINE('',#19658,#2709);
#1117=LINE('',#19660,#2710);
#1118=LINE('',#19662,#2711);
#1119=LINE('',#19665,#2712);
#1120=LINE('',#19666,#2713);
#1121=LINE('',#19668,#2714);
#1122=LINE('',#19670,#2715);
#1123=LINE('',#19672,#2716);
#1124=LINE('',#19674,#2717);
#1125=LINE('',#19676,#2718);
#1126=LINE('',#19678,#2719);
#1127=LINE('',#19680,#2720);
#1128=LINE('',#19685,#2721);
#1129=LINE('',#19689,#2722);
#1130=LINE('',#19691,#2723);
#1131=LINE('',#19693,#2724);
#1132=LINE('',#19697,#2725);
#1133=LINE('',#19701,#2726);
#1134=LINE('',#19704,#2727);
#1135=LINE('',#19706,#2728);
#1136=LINE('',#19708,#2729);
#1137=LINE('',#19709,#2730);
#1138=LINE('',#19712,#2731);
#1139=LINE('',#19714,#2732);
#1140=LINE('',#19716,#2733);
#1141=LINE('',#19720,#2734);
#1142=LINE('',#19725,#2735);
#1143=LINE('',#19729,#2736);
#1144=LINE('',#19731,#2737);
#1145=LINE('',#19733,#2738);
#1146=LINE('',#19737,#2739);
#1147=LINE('',#19741,#2740);
#1148=LINE('',#19744,#2741);
#1149=LINE('',#19746,#2742);
#1150=LINE('',#19748,#2743);
#1151=LINE('',#19750,#2744);
#1152=LINE('',#19753,#2745);
#1153=LINE('',#19755,#2746);
#1154=LINE('',#19757,#2747);
#1155=LINE('',#19759,#2748);
#1156=LINE('',#19762,#2749);
#1157=LINE('',#19764,#2750);
#1158=LINE('',#19766,#2751);
#1159=LINE('',#19768,#2752);
#1160=LINE('',#19769,#2753);
#1161=LINE('',#19774,#2754);
#1162=LINE('',#19779,#2755);
#1163=LINE('',#19780,#2756);
#1164=LINE('',#19782,#2757);
#1165=LINE('',#19783,#2758);
#1166=LINE('',#19785,#2759);
#1167=LINE('',#19786,#2760);
#1168=LINE('',#19788,#2761);
#1169=LINE('',#19790,#2762);
#1170=LINE('',#19792,#2763);
#1171=LINE('',#19794,#2764);
#1172=LINE('',#19796,#2765);
#1173=LINE('',#19798,#2766);
#1174=LINE('',#19801,#2767);
#1175=LINE('',#19802,#2768);
#1176=LINE('',#19804,#2769);
#1177=LINE('',#19807,#2770);
#1178=LINE('',#19808,#2771);
#1179=LINE('',#19810,#2772);
#1180=LINE('',#19813,#2773);
#1181=LINE('',#19814,#2774);
#1182=LINE('',#19821,#2775);
#1183=LINE('',#19822,#2776);
#1184=LINE('',#19823,#2777);
#1185=LINE('',#19824,#2778);
#1186=LINE('',#19826,#2779);
#1187=LINE('',#19828,#2780);
#1188=LINE('',#19829,#2781);
#1189=LINE('',#19830,#2782);
#1190=LINE('',#19833,#2783);
#1191=LINE('',#19835,#2784);
#1192=LINE('',#19836,#2785);
#1193=LINE('',#19837,#2786);
#1194=LINE('',#19839,#2787);
#1195=LINE('',#19841,#2788);
#1196=LINE('',#19843,#2789);
#1197=LINE('',#19844,#2790);
#1198=LINE('',#19846,#2791);
#1199=LINE('',#19848,#2792);
#1200=LINE('',#19850,#2793);
#1201=LINE('',#19852,#2794);
#1202=LINE('',#19873,#2795);
#1203=LINE('',#19876,#2796);
#1204=LINE('',#19878,#2797);
#1205=LINE('',#19880,#2798);
#1206=LINE('',#19882,#2799);
#1207=LINE('',#19885,#2800);
#1208=LINE('',#19886,#2801);
#1209=LINE('',#19888,#2802);
#1210=LINE('',#19890,#2803);
#1211=LINE('',#19892,#2804);
#1212=LINE('',#19894,#2805);
#1213=LINE('',#19896,#2806);
#1214=LINE('',#19898,#2807);
#1215=LINE('',#19900,#2808);
#1216=LINE('',#19902,#2809);
#1217=LINE('',#19904,#2810);
#1218=LINE('',#19907,#2811);
#1219=LINE('',#19908,#2812);
#1220=LINE('',#19910,#2813);
#1221=LINE('',#19912,#2814);
#1222=LINE('',#19914,#2815);
#1223=LINE('',#19916,#2816);
#1224=LINE('',#19918,#2817);
#1225=LINE('',#19919,#2818);
#1226=LINE('',#19921,#2819);
#1227=LINE('',#19923,#2820);
#1228=LINE('',#19925,#2821);
#1229=LINE('',#19927,#2822);
#1230=LINE('',#19931,#2823);
#1231=LINE('',#19935,#2824);
#1232=LINE('',#19937,#2825);
#1233=LINE('',#19939,#2826);
#1234=LINE('',#19941,#2827);
#1235=LINE('',#19943,#2828);
#1236=LINE('',#19945,#2829);
#1237=LINE('',#19947,#2830);
#1238=LINE('',#19949,#2831);
#1239=LINE('',#19951,#2832);
#1240=LINE('',#19953,#2833);
#1241=LINE('',#19955,#2834);
#1242=LINE('',#19957,#2835);
#1243=LINE('',#19959,#2836);
#1244=LINE('',#19964,#2837);
#1245=LINE('',#19965,#2838);
#1246=LINE('',#19967,#2839);
#1247=LINE('',#19968,#2840);
#1248=LINE('',#19970,#2841);
#1249=LINE('',#19972,#2842);
#1250=LINE('',#19974,#2843);
#1251=LINE('',#19975,#2844);
#1252=LINE('',#19984,#2845);
#1253=LINE('',#19987,#2846);
#1254=LINE('',#19989,#2847);
#1255=LINE('',#19991,#2848);
#1256=LINE('',#19992,#2849);
#1257=LINE('',#19995,#2850);
#1258=LINE('',#19997,#2851);
#1259=LINE('',#19999,#2852);
#1260=LINE('',#20000,#2853);
#1261=LINE('',#20003,#2854);
#1262=LINE('',#20005,#2855);
#1263=LINE('',#20007,#2856);
#1264=LINE('',#20008,#2857);
#1265=LINE('',#20011,#2858);
#1266=LINE('',#20013,#2859);
#1267=LINE('',#20015,#2860);
#1268=LINE('',#20016,#2861);
#1269=LINE('',#20019,#2862);
#1270=LINE('',#20021,#2863);
#1271=LINE('',#20023,#2864);
#1272=LINE('',#20025,#2865);
#1273=LINE('',#20028,#2866);
#1274=LINE('',#20030,#2867);
#1275=LINE('',#20032,#2868);
#1276=LINE('',#20033,#2869);
#1277=LINE('',#20036,#2870);
#1278=LINE('',#20038,#2871);
#1279=LINE('',#20040,#2872);
#1280=LINE('',#20041,#2873);
#1281=LINE('',#20044,#2874);
#1282=LINE('',#20046,#2875);
#1283=LINE('',#20048,#2876);
#1284=LINE('',#20049,#2877);
#1285=LINE('',#20052,#2878);
#1286=LINE('',#20054,#2879);
#1287=LINE('',#20056,#2880);
#1288=LINE('',#20057,#2881);
#1289=LINE('',#20060,#2882);
#1290=LINE('',#20062,#2883);
#1291=LINE('',#20064,#2884);
#1292=LINE('',#20066,#2885);
#1293=LINE('',#20069,#2886);
#1294=LINE('',#20071,#2887);
#1295=LINE('',#20073,#2888);
#1296=LINE('',#20075,#2889);
#1297=LINE('',#20077,#2890);
#1298=LINE('',#20079,#2891);
#1299=LINE('',#20081,#2892);
#1300=LINE('',#20084,#2893);
#1301=LINE('',#20086,#2894);
#1302=LINE('',#20088,#2895);
#1303=LINE('',#20090,#2896);
#1304=LINE('',#20092,#2897);
#1305=LINE('',#20094,#2898);
#1306=LINE('',#20096,#2899);
#1307=LINE('',#20098,#2900);
#1308=LINE('',#20099,#2901);
#1309=LINE('',#20101,#2902);
#1310=LINE('',#20103,#2903);
#1311=LINE('',#20105,#2904);
#1312=LINE('',#20107,#2905);
#1313=LINE('',#20109,#2906);
#1314=LINE('',#20111,#2907);
#1315=LINE('',#20113,#2908);
#1316=LINE('',#20115,#2909);
#1317=LINE('',#20118,#2910);
#1318=LINE('',#20120,#2911);
#1319=LINE('',#20122,#2912);
#1320=LINE('',#20124,#2913);
#1321=LINE('',#20127,#2914);
#1322=LINE('',#20129,#2915);
#1323=LINE('',#20131,#2916);
#1324=LINE('',#20132,#2917);
#1325=LINE('',#20135,#2918);
#1326=LINE('',#20137,#2919);
#1327=LINE('',#20139,#2920);
#1328=LINE('',#20140,#2921);
#1329=LINE('',#20143,#2922);
#1330=LINE('',#20145,#2923);
#1331=LINE('',#20147,#2924);
#1332=LINE('',#20148,#2925);
#1333=LINE('',#20151,#2926);
#1334=LINE('',#20153,#2927);
#1335=LINE('',#20155,#2928);
#1336=LINE('',#20156,#2929);
#1337=LINE('',#20159,#2930);
#1338=LINE('',#20161,#2931);
#1339=LINE('',#20163,#2932);
#1340=LINE('',#20165,#2933);
#1341=LINE('',#20167,#2934);
#1342=LINE('',#20169,#2935);
#1343=LINE('',#20171,#2936);
#1344=LINE('',#20173,#2937);
#1345=LINE('',#20175,#2938);
#1346=LINE('',#20177,#2939);
#1347=LINE('',#20179,#2940);
#1348=LINE('',#20181,#2941);
#1349=LINE('',#20183,#2942);
#1350=LINE('',#20185,#2943);
#1351=LINE('',#20187,#2944);
#1352=LINE('',#20188,#2945);
#1353=LINE('',#20190,#2946);
#1354=LINE('',#20192,#2947);
#1355=LINE('',#20194,#2948);
#1356=LINE('',#20196,#2949);
#1357=LINE('',#20198,#2950);
#1358=LINE('',#20200,#2951);
#1359=LINE('',#20201,#2952);
#1360=LINE('',#20203,#2953);
#1361=LINE('',#20205,#2954);
#1362=LINE('',#20207,#2955);
#1363=LINE('',#20210,#2956);
#1364=LINE('',#20211,#2957);
#1365=LINE('',#20213,#2958);
#1366=LINE('',#20215,#2959);
#1367=LINE('',#20217,#2960);
#1368=LINE('',#20219,#2961);
#1369=LINE('',#20221,#2962);
#1370=LINE('',#20223,#2963);
#1371=LINE('',#20226,#2964);
#1372=LINE('',#20227,#2965);
#1373=LINE('',#20229,#2966);
#1374=LINE('',#20231,#2967);
#1375=LINE('',#20233,#2968);
#1376=LINE('',#20235,#2969);
#1377=LINE('',#20237,#2970);
#1378=LINE('',#20239,#2971);
#1379=LINE('',#20242,#2972);
#1380=LINE('',#20243,#2973);
#1381=LINE('',#20245,#2974);
#1382=LINE('',#20247,#2975);
#1383=LINE('',#20249,#2976);
#1384=LINE('',#20251,#2977);
#1385=LINE('',#20253,#2978);
#1386=LINE('',#20255,#2979);
#1387=LINE('',#20258,#2980);
#1388=LINE('',#20259,#2981);
#1389=LINE('',#20261,#2982);
#1390=LINE('',#20263,#2983);
#1391=LINE('',#20265,#2984);
#1392=LINE('',#20267,#2985);
#1393=LINE('',#20269,#2986);
#1394=LINE('',#20271,#2987);
#1395=LINE('',#20274,#2988);
#1396=LINE('',#20275,#2989);
#1397=LINE('',#20277,#2990);
#1398=LINE('',#20279,#2991);
#1399=LINE('',#20281,#2992);
#1400=LINE('',#20283,#2993);
#1401=LINE('',#20285,#2994);
#1402=LINE('',#20287,#2995);
#1403=LINE('',#20290,#2996);
#1404=LINE('',#20291,#2997);
#1405=LINE('',#20293,#2998);
#1406=LINE('',#20295,#2999);
#1407=LINE('',#20297,#3000);
#1408=LINE('',#20299,#3001);
#1409=LINE('',#20301,#3002);
#1410=LINE('',#20309,#3003);
#1411=LINE('',#20312,#3004);
#1412=LINE('',#20313,#3005);
#1413=LINE('',#20315,#3006);
#1414=LINE('',#20317,#3007);
#1415=LINE('',#20319,#3008);
#1416=LINE('',#20321,#3009);
#1417=LINE('',#20323,#3010);
#1418=LINE('',#20331,#3011);
#1419=LINE('',#20334,#3012);
#1420=LINE('',#20335,#3013);
#1421=LINE('',#20337,#3014);
#1422=LINE('',#20339,#3015);
#1423=LINE('',#20341,#3016);
#1424=LINE('',#20343,#3017);
#1425=LINE('',#20345,#3018);
#1426=LINE('',#20351,#3019);
#1427=LINE('',#20356,#3020);
#1428=LINE('',#20360,#3021);
#1429=LINE('',#20362,#3022);
#1430=LINE('',#20366,#3023);
#1431=LINE('',#20370,#3024);
#1432=LINE('',#20373,#3025);
#1433=LINE('',#20376,#3026);
#1434=LINE('',#20378,#3027);
#1435=LINE('',#20380,#3028);
#1436=LINE('',#20388,#3029);
#1437=LINE('',#20392,#3030);
#1438=LINE('',#20400,#3031);
#1439=LINE('',#20410,#3032);
#1440=LINE('',#20416,#3033);
#1441=LINE('',#20424,#3034);
#1442=LINE('',#20426,#3035);
#1443=LINE('',#20429,#3036);
#1444=LINE('',#20431,#3037);
#1445=LINE('',#20433,#3038);
#1446=LINE('',#20434,#3039);
#1447=LINE('',#20437,#3040);
#1448=LINE('',#20439,#3041);
#1449=LINE('',#20441,#3042);
#1450=LINE('',#20443,#3043);
#1451=LINE('',#20446,#3044);
#1452=LINE('',#20448,#3045);
#1453=LINE('',#20450,#3046);
#1454=LINE('',#20452,#3047);
#1455=LINE('',#20455,#3048);
#1456=LINE('',#20457,#3049);
#1457=LINE('',#20459,#3050);
#1458=LINE('',#20460,#3051);
#1459=LINE('',#20463,#3052);
#1460=LINE('',#20465,#3053);
#1461=LINE('',#20467,#3054);
#1462=LINE('',#20469,#3055);
#1463=LINE('',#20472,#3056);
#1464=LINE('',#20474,#3057);
#1465=LINE('',#20476,#3058);
#1466=LINE('',#20478,#3059);
#1467=LINE('',#20481,#3060);
#1468=LINE('',#20483,#3061);
#1469=LINE('',#20485,#3062);
#1470=LINE('',#20486,#3063);
#1471=LINE('',#20489,#3064);
#1472=LINE('',#20491,#3065);
#1473=LINE('',#20493,#3066);
#1474=LINE('',#20495,#3067);
#1475=LINE('',#20498,#3068);
#1476=LINE('',#20500,#3069);
#1477=LINE('',#20502,#3070);
#1478=LINE('',#20504,#3071);
#1479=LINE('',#20507,#3072);
#1480=LINE('',#20509,#3073);
#1481=LINE('',#20511,#3074);
#1482=LINE('',#20512,#3075);
#1483=LINE('',#20515,#3076);
#1484=LINE('',#20517,#3077);
#1485=LINE('',#20519,#3078);
#1486=LINE('',#20521,#3079);
#1487=LINE('',#20524,#3080);
#1488=LINE('',#20526,#3081);
#1489=LINE('',#20528,#3082);
#1490=LINE('',#20530,#3083);
#1491=LINE('',#20533,#3084);
#1492=LINE('',#20535,#3085);
#1493=LINE('',#20537,#3086);
#1494=LINE('',#20538,#3087);
#1495=LINE('',#20541,#3088);
#1496=LINE('',#20543,#3089);
#1497=LINE('',#20545,#3090);
#1498=LINE('',#20547,#3091);
#1499=LINE('',#20550,#3092);
#1500=LINE('',#20552,#3093);
#1501=LINE('',#20554,#3094);
#1502=LINE('',#20556,#3095);
#1503=LINE('',#20559,#3096);
#1504=LINE('',#20561,#3097);
#1505=LINE('',#20563,#3098);
#1506=LINE('',#20564,#3099);
#1507=LINE('',#20567,#3100);
#1508=LINE('',#20569,#3101);
#1509=LINE('',#20571,#3102);
#1510=LINE('',#20573,#3103);
#1511=LINE('',#20576,#3104);
#1512=LINE('',#20578,#3105);
#1513=LINE('',#20580,#3106);
#1514=LINE('',#20594,#3107);
#1515=LINE('',#20597,#3108);
#1516=LINE('',#20599,#3109);
#1517=LINE('',#20601,#3110);
#1518=LINE('',#20602,#3111);
#1519=LINE('',#20605,#3112);
#1520=LINE('',#20607,#3113);
#1521=LINE('',#20609,#3114);
#1522=LINE('',#20611,#3115);
#1523=LINE('',#20614,#3116);
#1524=LINE('',#20616,#3117);
#1525=LINE('',#20618,#3118);
#1526=LINE('',#20626,#3119);
#1527=LINE('',#20629,#3120);
#1528=LINE('',#20631,#3121);
#1529=LINE('',#20633,#3122);
#1530=LINE('',#20635,#3123);
#1531=LINE('',#20637,#3124);
#1532=LINE('',#20641,#3125);
#1533=LINE('',#20643,#3126);
#1534=LINE('',#20645,#3127);
#1535=LINE('',#20647,#3128);
#1536=LINE('',#20649,#3129);
#1537=LINE('',#20653,#3130);
#1538=LINE('',#20655,#3131);
#1539=LINE('',#20657,#3132);
#1540=LINE('',#20661,#3133);
#1541=LINE('',#20663,#3134);
#1542=LINE('',#20665,#3135);
#1543=LINE('',#20669,#3136);
#1544=LINE('',#20671,#3137);
#1545=LINE('',#20673,#3138);
#1546=LINE('',#20677,#3139);
#1547=LINE('',#20679,#3140);
#1548=LINE('',#20682,#3141);
#1549=LINE('',#20683,#3142);
#1550=LINE('',#20685,#3143);
#1551=LINE('',#20687,#3144);
#1552=LINE('',#20689,#3145);
#1553=LINE('',#20691,#3146);
#1554=LINE('',#20693,#3147);
#1555=LINE('',#20695,#3148);
#1556=LINE('',#20698,#3149);
#1557=LINE('',#20699,#3150);
#1558=LINE('',#20701,#3151);
#1559=LINE('',#20703,#3152);
#1560=LINE('',#20705,#3153);
#1561=LINE('',#20707,#3154);
#1562=LINE('',#20709,#3155);
#1563=LINE('',#20711,#3156);
#1564=LINE('',#20714,#3157);
#1565=LINE('',#20715,#3158);
#1566=LINE('',#20717,#3159);
#1567=LINE('',#20719,#3160);
#1568=LINE('',#20721,#3161);
#1569=LINE('',#20723,#3162);
#1570=LINE('',#20725,#3163);
#1571=LINE('',#20727,#3164);
#1572=LINE('',#20730,#3165);
#1573=LINE('',#20731,#3166);
#1574=LINE('',#20733,#3167);
#1575=LINE('',#20735,#3168);
#1576=LINE('',#20737,#3169);
#1577=LINE('',#20739,#3170);
#1578=LINE('',#20741,#3171);
#1579=LINE('',#20743,#3172);
#1580=LINE('',#20746,#3173);
#1581=LINE('',#20747,#3174);
#1582=LINE('',#20749,#3175);
#1583=LINE('',#20751,#3176);
#1584=LINE('',#20753,#3177);
#1585=LINE('',#20755,#3178);
#1586=LINE('',#20757,#3179);
#1587=LINE('',#20759,#3180);
#1588=LINE('',#20762,#3181);
#1589=LINE('',#20763,#3182);
#1590=LINE('',#20765,#3183);
#1591=LINE('',#20767,#3184);
#1592=LINE('',#20769,#3185);
#1593=LINE('',#20771,#3186);
#1594=LINE('',#20773,#3187);
#1595=LINE('',#20775,#3188);
#1596=LINE('',#20778,#3189);
#1597=LINE('',#20779,#3190);
#1598=LINE('',#20781,#3191);
#1599=LINE('',#20783,#3192);
#1600=LINE('',#20785,#3193);
#1601=LINE('',#20787,#3194);
#1602=LINE('',#20789,#3195);
#1603=LINE('',#20791,#3196);
#1604=LINE('',#20794,#3197);
#1605=LINE('',#20795,#3198);
#1606=LINE('',#20797,#3199);
#1607=LINE('',#20799,#3200);
#1608=LINE('',#20801,#3201);
#1609=LINE('',#20803,#3202);
#1610=LINE('',#20805,#3203);
#1611=LINE('',#20807,#3204);
#1612=LINE('',#20810,#3205);
#1613=LINE('',#20811,#3206);
#1614=LINE('',#20813,#3207);
#1615=LINE('',#20815,#3208);
#1616=LINE('',#20817,#3209);
#1617=LINE('',#20819,#3210);
#1618=LINE('',#20821,#3211);
#1619=LINE('',#20823,#3212);
#1620=LINE('',#20826,#3213);
#1621=LINE('',#20827,#3214);
#1622=LINE('',#20829,#3215);
#1623=LINE('',#20831,#3216);
#1624=LINE('',#20833,#3217);
#1625=LINE('',#20835,#3218);
#1626=LINE('',#20837,#3219);
#1627=LINE('',#20839,#3220);
#1628=LINE('',#20842,#3221);
#1629=LINE('',#20843,#3222);
#1630=LINE('',#20845,#3223);
#1631=LINE('',#20847,#3224);
#1632=LINE('',#20849,#3225);
#1633=LINE('',#20851,#3226);
#1634=LINE('',#20853,#3227);
#1635=LINE('',#20855,#3228);
#1636=LINE('',#20858,#3229);
#1637=LINE('',#20859,#3230);
#1638=LINE('',#20861,#3231);
#1639=LINE('',#20863,#3232);
#1640=LINE('',#20865,#3233);
#1641=LINE('',#20867,#3234);
#1642=LINE('',#20869,#3235);
#1643=LINE('',#20883,#3236);
#1644=LINE('',#20886,#3237);
#1645=LINE('',#20887,#3238);
#1646=LINE('',#20889,#3239);
#1647=LINE('',#20891,#3240);
#1648=LINE('',#20893,#3241);
#1649=LINE('',#20895,#3242);
#1650=LINE('',#20897,#3243);
#1651=LINE('',#20899,#3244);
#1652=LINE('',#20902,#3245);
#1653=LINE('',#20903,#3246);
#1654=LINE('',#20905,#3247);
#1655=LINE('',#20907,#3248);
#1656=LINE('',#20909,#3249);
#1657=LINE('',#20911,#3250);
#1658=LINE('',#20913,#3251);
#1659=LINE('',#20921,#3252);
#1660=LINE('',#20924,#3253);
#1661=LINE('',#20925,#3254);
#1662=LINE('',#20927,#3255);
#1663=LINE('',#20929,#3256);
#1664=LINE('',#20931,#3257);
#1665=LINE('',#20933,#3258);
#1666=LINE('',#20935,#3259);
#1667=LINE('',#20938,#3260);
#1668=LINE('',#20940,#3261);
#1669=LINE('',#20942,#3262);
#1670=LINE('',#20944,#3263);
#1671=LINE('',#20946,#3264);
#1672=LINE('',#20948,#3265);
#1673=LINE('',#20950,#3266);
#1674=LINE('',#20952,#3267);
#1675=LINE('',#20954,#3268);
#1676=LINE('',#20955,#3269);
#1677=LINE('',#20957,#3270);
#1678=LINE('',#20959,#3271);
#1679=LINE('',#20961,#3272);
#1680=LINE('',#20963,#3273);
#1681=LINE('',#20965,#3274);
#1682=LINE('',#20967,#3275);
#1683=LINE('',#20969,#3276);
#1684=LINE('',#20971,#3277);
#1685=LINE('',#20974,#3278);
#1686=LINE('',#20975,#3279);
#1687=LINE('',#20977,#3280);
#1688=LINE('',#20979,#3281);
#1689=LINE('',#20981,#3282);
#1690=LINE('',#20983,#3283);
#1691=LINE('',#20985,#3284);
#1692=LINE('',#20987,#3285);
#1693=LINE('',#20989,#3286);
#1694=LINE('',#20991,#3287);
#1695=LINE('',#20993,#3288);
#1696=LINE('',#20995,#3289);
#1697=LINE('',#20997,#3290);
#1698=LINE('',#20999,#3291);
#1699=LINE('',#21001,#3292);
#1700=LINE('',#21003,#3293);
#1701=LINE('',#21005,#3294);
#1702=LINE('',#21007,#3295);
#1703=LINE('',#21009,#3296);
#1704=LINE('',#21011,#3297);
#1705=LINE('',#21012,#3298);
#1706=LINE('',#21014,#3299);
#1707=LINE('',#21016,#3300);
#1708=LINE('',#21019,#3301);
#1709=LINE('',#21020,#3302);
#1710=LINE('',#21022,#3303);
#1711=LINE('',#21024,#3304);
#1712=LINE('',#21027,#3305);
#1713=LINE('',#21028,#3306);
#1714=LINE('',#21030,#3307);
#1715=LINE('',#21032,#3308);
#1716=LINE('',#21035,#3309);
#1717=LINE('',#21036,#3310);
#1718=LINE('',#21038,#3311);
#1719=LINE('',#21040,#3312);
#1720=LINE('',#21043,#3313);
#1721=LINE('',#21045,#3314);
#1722=LINE('',#21047,#3315);
#1723=LINE('',#21050,#3316);
#1724=LINE('',#21052,#3317);
#1725=LINE('',#21121,#3318);
#1726=LINE('',#21124,#3319);
#1727=LINE('',#21126,#3320);
#1728=LINE('',#21128,#3321);
#1729=LINE('',#21130,#3322);
#1730=LINE('',#21133,#3323);
#1731=LINE('',#21135,#3324);
#1732=LINE('',#21137,#3325);
#1733=LINE('',#21139,#3326);
#1734=LINE('',#21147,#3327);
#1735=LINE('',#21154,#3328);
#1736=LINE('',#21159,#3329);
#1737=LINE('',#21164,#3330);
#1738=LINE('',#21182,#3331);
#1739=LINE('',#21184,#3332);
#1740=LINE('',#21187,#3333);
#1741=LINE('',#21189,#3334);
#1742=LINE('',#21193,#3335);
#1743=LINE('',#21195,#3336);
#1744=LINE('',#21196,#3337);
#1745=LINE('',#21198,#3338);
#1746=LINE('',#21202,#3339);
#1747=LINE('',#21204,#3340);
#1748=LINE('',#21206,#3341);
#1749=LINE('',#21209,#3342);
#1750=LINE('',#21210,#3343);
#1751=LINE('',#21212,#3344);
#1752=LINE('',#21215,#3345);
#1753=LINE('',#21216,#3346);
#1754=LINE('',#21218,#3347);
#1755=LINE('',#21222,#3348);
#1756=LINE('',#21224,#3349);
#1757=LINE('',#21226,#3350);
#1758=LINE('',#21228,#3351);
#1759=LINE('',#21230,#3352);
#1760=LINE('',#21234,#3353);
#1761=LINE('',#21250,#3354);
#1762=LINE('',#21253,#3355);
#1763=LINE('',#21255,#3356);
#1764=LINE('',#21259,#3357);
#1765=LINE('',#21264,#3358);
#1766=LINE('',#21268,#3359);
#1767=LINE('',#21271,#3360);
#1768=LINE('',#21273,#3361);
#1769=LINE('',#21277,#3362);
#1770=LINE('',#21281,#3363);
#1771=LINE('',#21285,#3364);
#1772=LINE('',#21303,#3365);
#1773=LINE('',#21305,#3366);
#1774=LINE('',#21307,#3367);
#1775=LINE('',#21309,#3368);
#1776=LINE('',#21312,#3369);
#1777=LINE('',#21314,#3370);
#1778=LINE('',#21315,#3371);
#1779=LINE('',#21317,#3372);
#1780=LINE('',#21321,#3373);
#1781=LINE('',#21323,#3374);
#1782=LINE('',#21325,#3375);
#1783=LINE('',#21327,#3376);
#1784=LINE('',#21330,#3377);
#1785=LINE('',#21332,#3378);
#1786=LINE('',#21334,#3379);
#1787=LINE('',#21336,#3380);
#1788=LINE('',#21338,#3381);
#1789=LINE('',#21341,#3382);
#1790=LINE('',#21343,#3383);
#1791=LINE('',#21359,#3384);
#1792=LINE('',#21365,#3385);
#1793=LINE('',#21369,#3386);
#1794=LINE('',#21378,#3387);
#1795=LINE('',#21385,#3388);
#1796=LINE('',#21388,#3389);
#1797=LINE('',#21390,#3390);
#1798=LINE('',#21395,#3391);
#1799=LINE('',#21398,#3392);
#1800=LINE('',#21400,#3393);
#1801=LINE('',#21402,#3394);
#1802=LINE('',#21404,#3395);
#1803=LINE('',#21407,#3396);
#1804=LINE('',#21409,#3397);
#1805=LINE('',#21414,#3398);
#1806=LINE('',#21415,#3399);
#1807=LINE('',#21417,#3400);
#1808=LINE('',#21418,#3401);
#1809=LINE('',#21421,#3402);
#1810=LINE('',#21422,#3403);
#1811=LINE('',#21424,#3404);
#1812=LINE('',#21426,#3405);
#1813=LINE('',#21427,#3406);
#1814=LINE('',#21432,#3407);
#1815=LINE('',#21433,#3408);
#1816=LINE('',#21435,#3409);
#1817=LINE('',#21437,#3410);
#1818=LINE('',#21438,#3411);
#1819=LINE('',#21440,#3412);
#1820=LINE('',#21441,#3413);
#1821=LINE('',#21443,#3414);
#1822=LINE('',#21444,#3415);
#1823=LINE('',#21446,#3416);
#1824=LINE('',#21448,#3417);
#1825=LINE('',#21449,#3418);
#1826=LINE('',#21451,#3419);
#1827=LINE('',#21452,#3420);
#1828=LINE('',#21454,#3421);
#1829=LINE('',#21456,#3422);
#1830=LINE('',#21457,#3423);
#1831=LINE('',#21459,#3424);
#1832=LINE('',#21461,#3425);
#1833=LINE('',#21462,#3426);
#1834=LINE('',#21464,#3427);
#1835=LINE('',#21465,#3428);
#1836=LINE('',#21467,#3429);
#1837=LINE('',#21469,#3430);
#1838=LINE('',#21470,#3431);
#1839=LINE('',#21488,#3432);
#1840=LINE('',#21490,#3433);
#1841=LINE('',#21557,#3434);
#1842=LINE('',#21559,#3435);
#1843=LINE('',#21561,#3436);
#1844=LINE('',#21562,#3437);
#1845=LINE('',#21564,#3438);
#1846=LINE('',#21566,#3439);
#1847=LINE('',#21567,#3440);
#1848=LINE('',#21569,#3441);
#1849=LINE('',#21571,#3442);
#1850=LINE('',#21575,#3443);
#1851=LINE('',#21577,#3444);
#1852=LINE('',#21579,#3445);
#1853=LINE('',#21586,#3446);
#1854=LINE('',#21588,#3447);
#1855=LINE('',#21590,#3448);
#1856=LINE('',#21591,#3449);
#1857=LINE('',#21593,#3450);
#1858=LINE('',#21595,#3451);
#1859=LINE('',#21596,#3452);
#1860=LINE('',#21598,#3453);
#1861=LINE('',#21600,#3454);
#1862=LINE('',#21601,#3455);
#1863=LINE('',#21603,#3456);
#1864=LINE('',#21605,#3457);
#1865=LINE('',#21628,#3458);
#1866=LINE('',#21630,#3459);
#1867=LINE('',#21633,#3460);
#1868=LINE('',#21635,#3461);
#1869=LINE('',#21638,#3462);
#1870=LINE('',#21640,#3463);
#1871=LINE('',#21643,#3464);
#1872=LINE('',#21645,#3465);
#1873=VECTOR('',#14404,1000.);
#1874=VECTOR('',#14405,1000.);
#1875=VECTOR('',#14406,1000.);
#1876=VECTOR('',#14407,1000.);
#1877=VECTOR('',#14410,1000.);
#1878=VECTOR('',#14411,1000.);
#1879=VECTOR('',#14412,1000.);
#1880=VECTOR('',#14413,1000.);
#1881=VECTOR('',#14416,1000.);
#1882=VECTOR('',#14417,1000.);
#1883=VECTOR('',#14418,1000.);
#1884=VECTOR('',#14419,1000.);
#1885=VECTOR('',#14422,1000.);
#1886=VECTOR('',#14423,1000.);
#1887=VECTOR('',#14424,1000.);
#1888=VECTOR('',#14427,1000.);
#1889=VECTOR('',#14428,1000.);
#1890=VECTOR('',#14431,1000.);
#1891=VECTOR('',#14432,1000.);
#1892=VECTOR('',#14435,1000.);
#1893=VECTOR('',#14436,1000.);
#1894=VECTOR('',#14437,1000.);
#1895=VECTOR('',#14438,1000.);
#1896=VECTOR('',#14441,1000.);
#1897=VECTOR('',#14442,1000.);
#1898=VECTOR('',#14443,1000.);
#1899=VECTOR('',#14446,1000.);
#1900=VECTOR('',#14447,1000.);
#1901=VECTOR('',#14450,1000.);
#1902=VECTOR('',#14451,1000.);
#1903=VECTOR('',#14454,1000.);
#1904=VECTOR('',#14457,1000.);
#1905=VECTOR('',#14458,1000.);
#1906=VECTOR('',#14459,1000.);
#1907=VECTOR('',#14462,1000.);
#1908=VECTOR('',#14463,1000.);
#1909=VECTOR('',#14464,1000.);
#1910=VECTOR('',#14467,1000.);
#1911=VECTOR('',#14468,1000.);
#1912=VECTOR('',#14469,1000.);
#1913=VECTOR('',#14472,1000.);
#1914=VECTOR('',#14473,1000.);
#1915=VECTOR('',#14474,1000.);
#1916=VECTOR('',#14477,1000.);
#1917=VECTOR('',#14478,1000.);
#1918=VECTOR('',#14483,1000.);
#1919=VECTOR('',#14486,1000.);
#1920=VECTOR('',#14487,1000.);
#1921=VECTOR('',#14488,1000.);
#1922=VECTOR('',#14489,1000.);
#1923=VECTOR('',#14490,1000.);
#1924=VECTOR('',#14491,1000.);
#1925=VECTOR('',#14492,1000.);
#1926=VECTOR('',#14493,1000.);
#1927=VECTOR('',#14494,1000.);
#1928=VECTOR('',#14495,1000.);
#1929=VECTOR('',#14496,1000.);
#1930=VECTOR('',#14497,1000.);
#1931=VECTOR('',#14498,1000.);
#1932=VECTOR('',#14499,1000.);
#1933=VECTOR('',#14500,1000.);
#1934=VECTOR('',#14501,1000.);
#1935=VECTOR('',#14502,1000.);
#1936=VECTOR('',#14503,1000.);
#1937=VECTOR('',#14504,1000.);
#1938=VECTOR('',#14505,1000.);
#1939=VECTOR('',#14506,1000.);
#1940=VECTOR('',#14507,1000.);
#1941=VECTOR('',#14510,1000.);
#1942=VECTOR('',#14513,1000.);
#1943=VECTOR('',#14514,1000.);
#1944=VECTOR('',#14515,1000.);
#1945=VECTOR('',#14516,1000.);
#1946=VECTOR('',#14517,1000.);
#1947=VECTOR('',#14518,1000.);
#1948=VECTOR('',#14519,1000.);
#1949=VECTOR('',#14522,1000.);
#1950=VECTOR('',#14523,1000.);
#1951=VECTOR('',#14524,1000.);
#1952=VECTOR('',#14527,1000.);
#1953=VECTOR('',#14528,1000.);
#1954=VECTOR('',#14531,1000.);
#1955=VECTOR('',#14532,1000.);
#1956=VECTOR('',#14535,1000.);
#1957=VECTOR('',#14556,1000.);
#1958=VECTOR('',#14559,1000.);
#1959=VECTOR('',#14564,1000.);
#1960=VECTOR('',#14565,1000.);
#1961=VECTOR('',#14566,1000.);
#1962=VECTOR('',#14571,1000.);
#1963=VECTOR('',#14576,1000.);
#1964=VECTOR('',#14577,1000.);
#1965=VECTOR('',#14578,1000.);
#1966=VECTOR('',#14579,1000.);
#1967=VECTOR('',#14582,1000.);
#1968=VECTOR('',#14583,1000.);
#1969=VECTOR('',#14586,1000.);
#1970=VECTOR('',#14587,1000.);
#1971=VECTOR('',#14590,1000.);
#1972=VECTOR('',#14591,1000.);
#1973=VECTOR('',#14612,1000.);
#1974=VECTOR('',#14615,1000.);
#1975=VECTOR('',#14616,1000.);
#1976=VECTOR('',#14617,1000.);
#1977=VECTOR('',#14618,1000.);
#1978=VECTOR('',#14627,1000.);
#1979=VECTOR('',#14628,1000.);
#1980=VECTOR('',#14631,1000.);
#1981=VECTOR('',#14634,1000.);
#1982=VECTOR('',#14635,1000.);
#1983=VECTOR('',#14650,1000.);
#1984=VECTOR('',#14651,1000.);
#1985=VECTOR('',#14652,1000.);
#1986=VECTOR('',#14653,1000.);
#1987=VECTOR('',#14656,1000.);
#1988=VECTOR('',#14657,1000.);
#1989=VECTOR('',#14658,1000.);
#1990=VECTOR('',#14659,1000.);
#1991=VECTOR('',#14662,1000.);
#1992=VECTOR('',#14663,1000.);
#1993=VECTOR('',#14664,1000.);
#1994=VECTOR('',#14665,1000.);
#1995=VECTOR('',#14668,1000.);
#1996=VECTOR('',#14669,1000.);
#1997=VECTOR('',#14670,1000.);
#1998=VECTOR('',#14673,1000.);
#1999=VECTOR('',#14674,1000.);
#2000=VECTOR('',#14677,1000.);
#2001=VECTOR('',#14678,1000.);
#2002=VECTOR('',#14681,1000.);
#2003=VECTOR('',#14682,1000.);
#2004=VECTOR('',#14683,1000.);
#2005=VECTOR('',#14684,1000.);
#2006=VECTOR('',#14687,1000.);
#2007=VECTOR('',#14688,1000.);
#2008=VECTOR('',#14689,1000.);
#2009=VECTOR('',#14692,1000.);
#2010=VECTOR('',#14693,1000.);
#2011=VECTOR('',#14696,1000.);
#2012=VECTOR('',#14697,1000.);
#2013=VECTOR('',#14700,1000.);
#2014=VECTOR('',#14703,1000.);
#2015=VECTOR('',#14704,1000.);
#2016=VECTOR('',#14705,1000.);
#2017=VECTOR('',#14708,1000.);
#2018=VECTOR('',#14709,1000.);
#2019=VECTOR('',#14710,1000.);
#2020=VECTOR('',#14713,1000.);
#2021=VECTOR('',#14714,1000.);
#2022=VECTOR('',#14715,1000.);
#2023=VECTOR('',#14718,1000.);
#2024=VECTOR('',#14719,1000.);
#2025=VECTOR('',#14720,1000.);
#2026=VECTOR('',#14723,1000.);
#2027=VECTOR('',#14724,1000.);
#2028=VECTOR('',#14729,1000.);
#2029=VECTOR('',#14732,1000.);
#2030=VECTOR('',#14733,1000.);
#2031=VECTOR('',#14734,1000.);
#2032=VECTOR('',#14737,1000.);
#2033=VECTOR('',#14738,1000.);
#2034=VECTOR('',#14739,1000.);
#2035=VECTOR('',#14740,1000.);
#2036=VECTOR('',#14743,1000.);
#2037=VECTOR('',#14744,1000.);
#2038=VECTOR('',#14745,1000.);
#2039=VECTOR('',#14746,1000.);
#2040=VECTOR('',#14749,1000.);
#2041=VECTOR('',#14750,1000.);
#2042=VECTOR('',#14751,1000.);
#2043=VECTOR('',#14754,1000.);
#2044=VECTOR('',#14755,1000.);
#2045=VECTOR('',#14758,1000.);
#2046=VECTOR('',#14759,1000.);
#2047=VECTOR('',#14762,1000.);
#2048=VECTOR('',#14763,1000.);
#2049=VECTOR('',#14764,1000.);
#2050=VECTOR('',#14765,1000.);
#2051=VECTOR('',#14768,1000.);
#2052=VECTOR('',#14769,1000.);
#2053=VECTOR('',#14770,1000.);
#2054=VECTOR('',#14773,1000.);
#2055=VECTOR('',#14774,1000.);
#2056=VECTOR('',#14777,1000.);
#2057=VECTOR('',#14778,1000.);
#2058=VECTOR('',#14781,1000.);
#2059=VECTOR('',#14784,1000.);
#2060=VECTOR('',#14785,1000.);
#2061=VECTOR('',#14788,1000.);
#2062=VECTOR('',#14789,1000.);
#2063=VECTOR('',#14790,1000.);
#2064=VECTOR('',#14793,1000.);
#2065=VECTOR('',#14794,1000.);
#2066=VECTOR('',#14795,1000.);
#2067=VECTOR('',#14798,1000.);
#2068=VECTOR('',#14799,1000.);
#2069=VECTOR('',#14800,1000.);
#2070=VECTOR('',#14803,1000.);
#2071=VECTOR('',#14804,1000.);
#2072=VECTOR('',#14809,1000.);
#2073=VECTOR('',#14812,1000.);
#2074=VECTOR('',#14813,1000.);
#2075=VECTOR('',#14814,1000.);
#2076=VECTOR('',#14817,1000.);
#2077=VECTOR('',#14818,1000.);
#2078=VECTOR('',#14819,1000.);
#2079=VECTOR('',#14820,1000.);
#2080=VECTOR('',#14823,1000.);
#2081=VECTOR('',#14824,1000.);
#2082=VECTOR('',#14825,1000.);
#2083=VECTOR('',#14826,1000.);
#2084=VECTOR('',#14829,1000.);
#2085=VECTOR('',#14830,1000.);
#2086=VECTOR('',#14831,1000.);
#2087=VECTOR('',#14834,1000.);
#2088=VECTOR('',#14835,1000.);
#2089=VECTOR('',#14838,1000.);
#2090=VECTOR('',#14839,1000.);
#2091=VECTOR('',#14842,1000.);
#2092=VECTOR('',#14843,1000.);
#2093=VECTOR('',#14844,1000.);
#2094=VECTOR('',#14845,1000.);
#2095=VECTOR('',#14848,1000.);
#2096=VECTOR('',#14849,1000.);
#2097=VECTOR('',#14850,1000.);
#2098=VECTOR('',#14853,1000.);
#2099=VECTOR('',#14854,1000.);
#2100=VECTOR('',#14857,1000.);
#2101=VECTOR('',#14858,1000.);
#2102=VECTOR('',#14861,1000.);
#2103=VECTOR('',#14864,1000.);
#2104=VECTOR('',#14865,1000.);
#2105=VECTOR('',#14868,1000.);
#2106=VECTOR('',#14869,1000.);
#2107=VECTOR('',#14870,1000.);
#2108=VECTOR('',#14873,1000.);
#2109=VECTOR('',#14874,1000.);
#2110=VECTOR('',#14875,1000.);
#2111=VECTOR('',#14878,1000.);
#2112=VECTOR('',#14879,1000.);
#2113=VECTOR('',#14880,1000.);
#2114=VECTOR('',#14883,1000.);
#2115=VECTOR('',#14884,1000.);
#2116=VECTOR('',#14889,1000.);
#2117=VECTOR('',#14892,1000.);
#2118=VECTOR('',#14893,1000.);
#2119=VECTOR('',#14894,1000.);
#2120=VECTOR('',#14897,1000.);
#2121=VECTOR('',#14898,1000.);
#2122=VECTOR('',#14899,1000.);
#2123=VECTOR('',#14900,1000.);
#2124=VECTOR('',#14903,1000.);
#2125=VECTOR('',#14904,1000.);
#2126=VECTOR('',#14905,1000.);
#2127=VECTOR('',#14906,1000.);
#2128=VECTOR('',#14909,1000.);
#2129=VECTOR('',#14910,1000.);
#2130=VECTOR('',#14911,1000.);
#2131=VECTOR('',#14914,1000.);
#2132=VECTOR('',#14915,1000.);
#2133=VECTOR('',#14918,1000.);
#2134=VECTOR('',#14919,1000.);
#2135=VECTOR('',#14922,1000.);
#2136=VECTOR('',#14923,1000.);
#2137=VECTOR('',#14924,1000.);
#2138=VECTOR('',#14925,1000.);
#2139=VECTOR('',#14928,1000.);
#2140=VECTOR('',#14929,1000.);
#2141=VECTOR('',#14930,1000.);
#2142=VECTOR('',#14933,1000.);
#2143=VECTOR('',#14934,1000.);
#2144=VECTOR('',#14937,1000.);
#2145=VECTOR('',#14938,1000.);
#2146=VECTOR('',#14941,1000.);
#2147=VECTOR('',#14944,1000.);
#2148=VECTOR('',#14945,1000.);
#2149=VECTOR('',#14948,1000.);
#2150=VECTOR('',#14949,1000.);
#2151=VECTOR('',#14950,1000.);
#2152=VECTOR('',#14953,1000.);
#2153=VECTOR('',#14954,1000.);
#2154=VECTOR('',#14955,1000.);
#2155=VECTOR('',#14958,1000.);
#2156=VECTOR('',#14959,1000.);
#2157=VECTOR('',#14960,1000.);
#2158=VECTOR('',#14963,1000.);
#2159=VECTOR('',#14964,1000.);
#2160=VECTOR('',#14969,1000.);
#2161=VECTOR('',#14972,1000.);
#2162=VECTOR('',#14973,1000.);
#2163=VECTOR('',#14974,1000.);
#2164=VECTOR('',#14977,1000.);
#2165=VECTOR('',#14978,1000.);
#2166=VECTOR('',#14979,1000.);
#2167=VECTOR('',#14980,1000.);
#2168=VECTOR('',#14983,1000.);
#2169=VECTOR('',#14984,1000.);
#2170=VECTOR('',#14985,1000.);
#2171=VECTOR('',#14986,1000.);
#2172=VECTOR('',#14989,1000.);
#2173=VECTOR('',#14990,1000.);
#2174=VECTOR('',#14991,1000.);
#2175=VECTOR('',#14994,1000.);
#2176=VECTOR('',#14995,1000.);
#2177=VECTOR('',#14998,1000.);
#2178=VECTOR('',#14999,1000.);
#2179=VECTOR('',#15002,1000.);
#2180=VECTOR('',#15003,1000.);
#2181=VECTOR('',#15004,1000.);
#2182=VECTOR('',#15005,1000.);
#2183=VECTOR('',#15008,1000.);
#2184=VECTOR('',#15009,1000.);
#2185=VECTOR('',#15010,1000.);
#2186=VECTOR('',#15013,1000.);
#2187=VECTOR('',#15014,1000.);
#2188=VECTOR('',#15017,1000.);
#2189=VECTOR('',#15018,1000.);
#2190=VECTOR('',#15021,1000.);
#2191=VECTOR('',#15024,1000.);
#2192=VECTOR('',#15025,1000.);
#2193=VECTOR('',#15028,1000.);
#2194=VECTOR('',#15029,1000.);
#2195=VECTOR('',#15030,1000.);
#2196=VECTOR('',#15033,1000.);
#2197=VECTOR('',#15034,1000.);
#2198=VECTOR('',#15035,1000.);
#2199=VECTOR('',#15038,1000.);
#2200=VECTOR('',#15039,1000.);
#2201=VECTOR('',#15040,1000.);
#2202=VECTOR('',#15043,1000.);
#2203=VECTOR('',#15044,1000.);
#2204=VECTOR('',#15049,1000.);
#2205=VECTOR('',#15052,1000.);
#2206=VECTOR('',#15053,1000.);
#2207=VECTOR('',#15054,1000.);
#2208=VECTOR('',#15057,1000.);
#2209=VECTOR('',#15058,1000.);
#2210=VECTOR('',#15059,1000.);
#2211=VECTOR('',#15062,1000.);
#2212=VECTOR('',#15063,1000.);
#2213=VECTOR('',#15064,1000.);
#2214=VECTOR('',#15065,1000.);
#2215=VECTOR('',#15068,1000.);
#2216=VECTOR('',#15069,1000.);
#2217=VECTOR('',#15072,1000.);
#2218=VECTOR('',#15073,1000.);
#2219=VECTOR('',#15076,1000.);
#2220=VECTOR('',#15077,1000.);
#2221=VECTOR('',#15080,1000.);
#2222=VECTOR('',#15081,1000.);
#2223=VECTOR('',#15082,1000.);
#2224=VECTOR('',#15083,1000.);
#2225=VECTOR('',#15086,1000.);
#2226=VECTOR('',#15087,1000.);
#2227=VECTOR('',#15088,1000.);
#2228=VECTOR('',#15091,1000.);
#2229=VECTOR('',#15092,1000.);
#2230=VECTOR('',#15095,1000.);
#2231=VECTOR('',#15096,1000.);
#2232=VECTOR('',#15099,1000.);
#2233=VECTOR('',#15102,1000.);
#2234=VECTOR('',#15103,1000.);
#2235=VECTOR('',#15106,1000.);
#2236=VECTOR('',#15107,1000.);
#2237=VECTOR('',#15108,1000.);
#2238=VECTOR('',#15111,1000.);
#2239=VECTOR('',#15112,1000.);
#2240=VECTOR('',#15113,1000.);
#2241=VECTOR('',#15116,1000.);
#2242=VECTOR('',#15117,1000.);
#2243=VECTOR('',#15118,1000.);
#2244=VECTOR('',#15121,1000.);
#2245=VECTOR('',#15122,1000.);
#2246=VECTOR('',#15127,1000.);
#2247=VECTOR('',#15130,1000.);
#2248=VECTOR('',#15131,1000.);
#2249=VECTOR('',#15132,1000.);
#2250=VECTOR('',#15135,1000.);
#2251=VECTOR('',#15136,1000.);
#2252=VECTOR('',#15137,1000.);
#2253=VECTOR('',#15140,1000.);
#2254=VECTOR('',#15141,1000.);
#2255=VECTOR('',#15142,1000.);
#2256=VECTOR('',#15143,1000.);
#2257=VECTOR('',#15146,1000.);
#2258=VECTOR('',#15147,1000.);
#2259=VECTOR('',#15148,1000.);
#2260=VECTOR('',#15149,1000.);
#2261=VECTOR('',#15150,1000.);
#2262=VECTOR('',#15153,1000.);
#2263=VECTOR('',#15160,1000.);
#2264=VECTOR('',#15169,1000.);
#2265=VECTOR('',#15170,1000.);
#2266=VECTOR('',#15171,1000.);
#2267=VECTOR('',#15172,1000.);
#2268=VECTOR('',#15173,1000.);
#2269=VECTOR('',#15174,1000.);
#2270=VECTOR('',#15175,1000.);
#2271=VECTOR('',#15176,1000.);
#2272=VECTOR('',#15179,1000.);
#2273=VECTOR('',#15182,1000.);
#2274=VECTOR('',#15185,1000.);
#2275=VECTOR('',#15186,1000.);
#2276=VECTOR('',#15195,1000.);
#2277=VECTOR('',#15196,1000.);
#2278=VECTOR('',#15197,1000.);
#2279=VECTOR('',#15200,1000.);
#2280=VECTOR('',#15201,1000.);
#2281=VECTOR('',#15204,1000.);
#2282=VECTOR('',#15205,1000.);
#2283=VECTOR('',#15208,1000.);
#2284=VECTOR('',#15211,1000.);
#2285=VECTOR('',#15212,1000.);
#2286=VECTOR('',#15213,1000.);
#2287=VECTOR('',#15216,1000.);
#2288=VECTOR('',#15217,1000.);
#2289=VECTOR('',#15220,1000.);
#2290=VECTOR('',#15221,1000.);
#2291=VECTOR('',#15224,1000.);
#2292=VECTOR('',#15227,1000.);
#2293=VECTOR('',#15228,1000.);
#2294=VECTOR('',#15229,1000.);
#2295=VECTOR('',#15230,1000.);
#2296=VECTOR('',#15233,1000.);
#2297=VECTOR('',#15234,1000.);
#2298=VECTOR('',#15237,1000.);
#2299=VECTOR('',#15238,1000.);
#2300=VECTOR('',#15241,1000.);
#2301=VECTOR('',#15244,1000.);
#2302=VECTOR('',#15247,1000.);
#2303=VECTOR('',#15248,1000.);
#2304=VECTOR('',#15249,1000.);
#2305=VECTOR('',#15250,1000.);
#2306=VECTOR('',#15253,1000.);
#2307=VECTOR('',#15254,1000.);
#2308=VECTOR('',#15255,1000.);
#2309=VECTOR('',#15258,1000.);
#2310=VECTOR('',#15261,1000.);
#2311=VECTOR('',#15262,1000.);
#2312=VECTOR('',#15267,1000.);
#2313=VECTOR('',#15268,1000.);
#2314=VECTOR('',#15269,1000.);
#2315=VECTOR('',#15272,1000.);
#2316=VECTOR('',#15273,1000.);
#2317=VECTOR('',#15276,1000.);
#2318=VECTOR('',#15277,1000.);
#2319=VECTOR('',#15280,1000.);
#2320=VECTOR('',#15285,1000.);
#2321=VECTOR('',#15286,1000.);
#2322=VECTOR('',#15289,1000.);
#2323=VECTOR('',#15296,1000.);
#2324=VECTOR('',#15299,1000.);
#2325=VECTOR('',#15332,1000.);
#2326=VECTOR('',#15333,1000.);
#2327=VECTOR('',#15336,1000.);
#2328=VECTOR('',#15339,1000.);
#2329=VECTOR('',#15344,1000.);
#2330=VECTOR('',#15345,1000.);
#2331=VECTOR('',#15348,1000.);
#2332=VECTOR('',#15351,1000.);
#2333=VECTOR('',#15364,1000.);
#2334=VECTOR('',#15367,1000.);
#2335=VECTOR('',#15370,1000.);
#2336=VECTOR('',#15371,1000.);
#2337=VECTOR('',#15372,1000.);
#2338=VECTOR('',#15377,1000.);
#2339=VECTOR('',#15384,1000.);
#2340=VECTOR('',#15387,1000.);
#2341=VECTOR('',#15390,1000.);
#2342=VECTOR('',#15391,1000.);
#2343=VECTOR('',#15394,1000.);
#2344=VECTOR('',#15395,1000.);
#2345=VECTOR('',#15396,1000.);
#2346=VECTOR('',#15399,1000.);
#2347=VECTOR('',#15400,1000.);
#2348=VECTOR('',#15401,1000.);
#2349=VECTOR('',#15412,1000.);
#2350=VECTOR('',#15413,1000.);
#2351=VECTOR('',#15414,1000.);
#2352=VECTOR('',#15415,1000.);
#2353=VECTOR('',#15416,1000.);
#2354=VECTOR('',#15417,1000.);
#2355=VECTOR('',#15418,1000.);
#2356=VECTOR('',#15419,1000.);
#2357=VECTOR('',#15420,1000.);
#2358=VECTOR('',#15421,1000.);
#2359=VECTOR('',#15422,1000.);
#2360=VECTOR('',#15423,1000.);
#2361=VECTOR('',#15424,1000.);
#2362=VECTOR('',#15425,1000.);
#2363=VECTOR('',#15426,1000.);
#2364=VECTOR('',#15427,1000.);
#2365=VECTOR('',#15428,1000.);
#2366=VECTOR('',#15429,1000.);
#2367=VECTOR('',#15430,1000.);
#2368=VECTOR('',#15431,1000.);
#2369=VECTOR('',#15432,1000.);
#2370=VECTOR('',#15433,1000.);
#2371=VECTOR('',#15434,1000.);
#2372=VECTOR('',#15435,1000.);
#2373=VECTOR('',#15436,1000.);
#2374=VECTOR('',#15437,1000.);
#2375=VECTOR('',#15438,1000.);
#2376=VECTOR('',#15439,1000.);
#2377=VECTOR('',#15440,1000.);
#2378=VECTOR('',#15441,1000.);
#2379=VECTOR('',#15442,1000.);
#2380=VECTOR('',#15443,1000.);
#2381=VECTOR('',#15444,1000.);
#2382=VECTOR('',#15445,1000.);
#2383=VECTOR('',#15446,1000.);
#2384=VECTOR('',#15447,1000.);
#2385=VECTOR('',#15448,1000.);
#2386=VECTOR('',#15449,1000.);
#2387=VECTOR('',#15450,1000.);
#2388=VECTOR('',#15451,1000.);
#2389=VECTOR('',#15452,1000.);
#2390=VECTOR('',#15453,1000.);
#2391=VECTOR('',#15454,1000.);
#2392=VECTOR('',#15455,1000.);
#2393=VECTOR('',#15456,1000.);
#2394=VECTOR('',#15457,1000.);
#2395=VECTOR('',#15458,1000.);
#2396=VECTOR('',#15459,1000.);
#2397=VECTOR('',#15460,1000.);
#2398=VECTOR('',#15461,1000.);
#2399=VECTOR('',#15462,1000.);
#2400=VECTOR('',#15463,1000.);
#2401=VECTOR('',#15464,1000.);
#2402=VECTOR('',#15465,1000.);
#2403=VECTOR('',#15466,1000.);
#2404=VECTOR('',#15467,1000.);
#2405=VECTOR('',#15468,1000.);
#2406=VECTOR('',#15471,1000.);
#2407=VECTOR('',#15474,1000.);
#2408=VECTOR('',#15477,1000.);
#2409=VECTOR('',#15480,1000.);
#2410=VECTOR('',#15481,1000.);
#2411=VECTOR('',#15482,1000.);
#2412=VECTOR('',#15483,1000.);
#2413=VECTOR('',#15484,1000.);
#2414=VECTOR('',#15485,1000.);
#2415=VECTOR('',#15486,1000.);
#2416=VECTOR('',#15487,1000.);
#2417=VECTOR('',#15488,1000.);
#2418=VECTOR('',#15491,1000.);
#2419=VECTOR('',#15494,1000.);
#2420=VECTOR('',#15497,1000.);
#2421=VECTOR('',#15502,1000.);
#2422=VECTOR('',#15503,1000.);
#2423=VECTOR('',#15504,1000.);
#2424=VECTOR('',#15505,1000.);
#2425=VECTOR('',#15508,1000.);
#2426=VECTOR('',#15509,1000.);
#2427=VECTOR('',#15510,1000.);
#2428=VECTOR('',#15511,1000.);
#2429=VECTOR('',#15512,1000.);
#2430=VECTOR('',#15513,1000.);
#2431=VECTOR('',#15516,1000.);
#2432=VECTOR('',#15517,1000.);
#2433=VECTOR('',#15520,1000.);
#2434=VECTOR('',#15521,1000.);
#2435=VECTOR('',#15522,1000.);
#2436=VECTOR('',#15523,1000.);
#2437=VECTOR('',#15524,1000.);
#2438=VECTOR('',#15527,1000.);
#2439=VECTOR('',#15528,1000.);
#2440=VECTOR('',#15529,1000.);
#2441=VECTOR('',#15530,1000.);
#2442=VECTOR('',#15531,1000.);
#2443=VECTOR('',#15532,1000.);
#2444=VECTOR('',#15533,1000.);
#2445=VECTOR('',#15536,1000.);
#2446=VECTOR('',#15537,1000.);
#2447=VECTOR('',#15540,1000.);
#2448=VECTOR('',#15541,1000.);
#2449=VECTOR('',#15542,1000.);
#2450=VECTOR('',#15543,1000.);
#2451=VECTOR('',#15544,1000.);
#2452=VECTOR('',#15545,1000.);
#2453=VECTOR('',#15548,1000.);
#2454=VECTOR('',#15551,1000.);
#2455=VECTOR('',#15552,1000.);
#2456=VECTOR('',#15555,1000.);
#2457=VECTOR('',#15560,1000.);
#2458=VECTOR('',#15565,1000.);
#2459=VECTOR('',#15568,1000.);
#2460=VECTOR('',#15571,1000.);
#2461=VECTOR('',#15574,1000.);
#2462=VECTOR('',#15575,1000.);
#2463=VECTOR('',#15576,1000.);
#2464=VECTOR('',#15577,1000.);
#2465=VECTOR('',#15580,1000.);
#2466=VECTOR('',#15581,1000.);
#2467=VECTOR('',#15582,1000.);
#2468=VECTOR('',#15583,1000.);
#2469=VECTOR('',#15584,1000.);
#2470=VECTOR('',#15585,1000.);
#2471=VECTOR('',#15588,1000.);
#2472=VECTOR('',#15589,1000.);
#2473=VECTOR('',#15592,1000.);
#2474=VECTOR('',#15593,1000.);
#2475=VECTOR('',#15594,1000.);
#2476=VECTOR('',#15595,1000.);
#2477=VECTOR('',#15596,1000.);
#2478=VECTOR('',#15599,1000.);
#2479=VECTOR('',#15600,1000.);
#2480=VECTOR('',#15601,1000.);
#2481=VECTOR('',#15602,1000.);
#2482=VECTOR('',#15603,1000.);
#2483=VECTOR('',#15604,1000.);
#2484=VECTOR('',#15605,1000.);
#2485=VECTOR('',#15608,1000.);
#2486=VECTOR('',#15609,1000.);
#2487=VECTOR('',#15612,1000.);
#2488=VECTOR('',#15613,1000.);
#2489=VECTOR('',#15614,1000.);
#2490=VECTOR('',#15615,1000.);
#2491=VECTOR('',#15616,1000.);
#2492=VECTOR('',#15617,1000.);
#2493=VECTOR('',#15620,1000.);
#2494=VECTOR('',#15623,1000.);
#2495=VECTOR('',#15624,1000.);
#2496=VECTOR('',#15627,1000.);
#2497=VECTOR('',#15632,1000.);
#2498=VECTOR('',#15637,1000.);
#2499=VECTOR('',#15640,1000.);
#2500=VECTOR('',#15643,1000.);
#2501=VECTOR('',#15646,1000.);
#2502=VECTOR('',#15647,1000.);
#2503=VECTOR('',#15648,1000.);
#2504=VECTOR('',#15649,1000.);
#2505=VECTOR('',#15652,1000.);
#2506=VECTOR('',#15653,1000.);
#2507=VECTOR('',#15654,1000.);
#2508=VECTOR('',#15655,1000.);
#2509=VECTOR('',#15656,1000.);
#2510=VECTOR('',#15657,1000.);
#2511=VECTOR('',#15660,1000.);
#2512=VECTOR('',#15661,1000.);
#2513=VECTOR('',#15664,1000.);
#2514=VECTOR('',#15665,1000.);
#2515=VECTOR('',#15666,1000.);
#2516=VECTOR('',#15667,1000.);
#2517=VECTOR('',#15668,1000.);
#2518=VECTOR('',#15671,1000.);
#2519=VECTOR('',#15672,1000.);
#2520=VECTOR('',#15673,1000.);
#2521=VECTOR('',#15674,1000.);
#2522=VECTOR('',#15675,1000.);
#2523=VECTOR('',#15676,1000.);
#2524=VECTOR('',#15677,1000.);
#2525=VECTOR('',#15680,1000.);
#2526=VECTOR('',#15681,1000.);
#2527=VECTOR('',#15684,1000.);
#2528=VECTOR('',#15685,1000.);
#2529=VECTOR('',#15686,1000.);
#2530=VECTOR('',#15687,1000.);
#2531=VECTOR('',#15688,1000.);
#2532=VECTOR('',#15689,1000.);
#2533=VECTOR('',#15692,1000.);
#2534=VECTOR('',#15695,1000.);
#2535=VECTOR('',#15696,1000.);
#2536=VECTOR('',#15699,1000.);
#2537=VECTOR('',#15704,1000.);
#2538=VECTOR('',#15709,1000.);
#2539=VECTOR('',#15712,1000.);
#2540=VECTOR('',#15715,1000.);
#2541=VECTOR('',#15718,1000.);
#2542=VECTOR('',#15719,1000.);
#2543=VECTOR('',#15720,1000.);
#2544=VECTOR('',#15721,1000.);
#2545=VECTOR('',#15724,1000.);
#2546=VECTOR('',#15725,1000.);
#2547=VECTOR('',#15726,1000.);
#2548=VECTOR('',#15727,1000.);
#2549=VECTOR('',#15728,1000.);
#2550=VECTOR('',#15729,1000.);
#2551=VECTOR('',#15732,1000.);
#2552=VECTOR('',#15733,1000.);
#2553=VECTOR('',#15736,1000.);
#2554=VECTOR('',#15737,1000.);
#2555=VECTOR('',#15738,1000.);
#2556=VECTOR('',#15739,1000.);
#2557=VECTOR('',#15740,1000.);
#2558=VECTOR('',#15743,1000.);
#2559=VECTOR('',#15744,1000.);
#2560=VECTOR('',#15745,1000.);
#2561=VECTOR('',#15746,1000.);
#2562=VECTOR('',#15747,1000.);
#2563=VECTOR('',#15748,1000.);
#2564=VECTOR('',#15749,1000.);
#2565=VECTOR('',#15752,1000.);
#2566=VECTOR('',#15753,1000.);
#2567=VECTOR('',#15756,1000.);
#2568=VECTOR('',#15757,1000.);
#2569=VECTOR('',#15758,1000.);
#2570=VECTOR('',#15759,1000.);
#2571=VECTOR('',#15760,1000.);
#2572=VECTOR('',#15761,1000.);
#2573=VECTOR('',#15764,1000.);
#2574=VECTOR('',#15767,1000.);
#2575=VECTOR('',#15768,1000.);
#2576=VECTOR('',#15771,1000.);
#2577=VECTOR('',#15776,1000.);
#2578=VECTOR('',#15781,1000.);
#2579=VECTOR('',#15784,1000.);
#2580=VECTOR('',#15787,1000.);
#2581=VECTOR('',#15790,1000.);
#2582=VECTOR('',#15791,1000.);
#2583=VECTOR('',#15792,1000.);
#2584=VECTOR('',#15793,1000.);
#2585=VECTOR('',#15796,1000.);
#2586=VECTOR('',#15797,1000.);
#2587=VECTOR('',#15798,1000.);
#2588=VECTOR('',#15799,1000.);
#2589=VECTOR('',#15800,1000.);
#2590=VECTOR('',#15801,1000.);
#2591=VECTOR('',#15804,1000.);
#2592=VECTOR('',#15805,1000.);
#2593=VECTOR('',#15808,1000.);
#2594=VECTOR('',#15809,1000.);
#2595=VECTOR('',#15810,1000.);
#2596=VECTOR('',#15811,1000.);
#2597=VECTOR('',#15812,1000.);
#2598=VECTOR('',#15815,1000.);
#2599=VECTOR('',#15816,1000.);
#2600=VECTOR('',#15817,1000.);
#2601=VECTOR('',#15818,1000.);
#2602=VECTOR('',#15819,1000.);
#2603=VECTOR('',#15820,1000.);
#2604=VECTOR('',#15821,1000.);
#2605=VECTOR('',#15824,1000.);
#2606=VECTOR('',#15825,1000.);
#2607=VECTOR('',#15828,1000.);
#2608=VECTOR('',#15829,1000.);
#2609=VECTOR('',#15830,1000.);
#2610=VECTOR('',#15831,1000.);
#2611=VECTOR('',#15832,1000.);
#2612=VECTOR('',#15833,1000.);
#2613=VECTOR('',#15836,1000.);
#2614=VECTOR('',#15839,1000.);
#2615=VECTOR('',#15840,1000.);
#2616=VECTOR('',#15843,1000.);
#2617=VECTOR('',#15848,1000.);
#2618=VECTOR('',#15853,1000.);
#2619=VECTOR('',#15856,1000.);
#2620=VECTOR('',#15859,1000.);
#2621=VECTOR('',#15862,1000.);
#2622=VECTOR('',#15863,1000.);
#2623=VECTOR('',#15864,1000.);
#2624=VECTOR('',#15865,1000.);
#2625=VECTOR('',#15868,1000.);
#2626=VECTOR('',#15869,1000.);
#2627=VECTOR('',#15870,1000.);
#2628=VECTOR('',#15871,1000.);
#2629=VECTOR('',#15872,1000.);
#2630=VECTOR('',#15873,1000.);
#2631=VECTOR('',#15876,1000.);
#2632=VECTOR('',#15877,1000.);
#2633=VECTOR('',#15880,1000.);
#2634=VECTOR('',#15881,1000.);
#2635=VECTOR('',#15882,1000.);
#2636=VECTOR('',#15883,1000.);
#2637=VECTOR('',#15884,1000.);
#2638=VECTOR('',#15887,1000.);
#2639=VECTOR('',#15888,1000.);
#2640=VECTOR('',#15889,1000.);
#2641=VECTOR('',#15890,1000.);
#2642=VECTOR('',#15891,1000.);
#2643=VECTOR('',#15892,1000.);
#2644=VECTOR('',#15893,1000.);
#2645=VECTOR('',#15896,1000.);
#2646=VECTOR('',#15897,1000.);
#2647=VECTOR('',#15900,1000.);
#2648=VECTOR('',#15901,1000.);
#2649=VECTOR('',#15902,1000.);
#2650=VECTOR('',#15903,1000.);
#2651=VECTOR('',#15904,1000.);
#2652=VECTOR('',#15905,1000.);
#2653=VECTOR('',#15908,1000.);
#2654=VECTOR('',#15911,1000.);
#2655=VECTOR('',#15912,1000.);
#2656=VECTOR('',#15915,1000.);
#2657=VECTOR('',#15920,1000.);
#2658=VECTOR('',#15925,1000.);
#2659=VECTOR('',#15928,1000.);
#2660=VECTOR('',#15931,1000.);
#2661=VECTOR('',#15934,1000.);
#2662=VECTOR('',#15935,1000.);
#2663=VECTOR('',#15936,1000.);
#2664=VECTOR('',#15937,1000.);
#2665=VECTOR('',#15940,1000.);
#2666=VECTOR('',#15941,1000.);
#2667=VECTOR('',#15942,1000.);
#2668=VECTOR('',#15943,1000.);
#2669=VECTOR('',#15944,1000.);
#2670=VECTOR('',#15945,1000.);
#2671=VECTOR('',#15948,1000.);
#2672=VECTOR('',#15949,1000.);
#2673=VECTOR('',#15952,1000.);
#2674=VECTOR('',#15953,1000.);
#2675=VECTOR('',#15954,1000.);
#2676=VECTOR('',#15955,1000.);
#2677=VECTOR('',#15956,1000.);
#2678=VECTOR('',#15959,1000.);
#2679=VECTOR('',#15960,1000.);
#2680=VECTOR('',#15961,1000.);
#2681=VECTOR('',#15962,1000.);
#2682=VECTOR('',#15963,1000.);
#2683=VECTOR('',#15964,1000.);
#2684=VECTOR('',#15965,1000.);
#2685=VECTOR('',#15968,1000.);
#2686=VECTOR('',#15969,1000.);
#2687=VECTOR('',#15972,1000.);
#2688=VECTOR('',#15973,1000.);
#2689=VECTOR('',#15974,1000.);
#2690=VECTOR('',#15975,1000.);
#2691=VECTOR('',#15976,1000.);
#2692=VECTOR('',#15977,1000.);
#2693=VECTOR('',#15980,1000.);
#2694=VECTOR('',#15983,1000.);
#2695=VECTOR('',#15984,1000.);
#2696=VECTOR('',#15987,1000.);
#2697=VECTOR('',#15992,1000.);
#2698=VECTOR('',#15997,1000.);
#2699=VECTOR('',#16000,1000.);
#2700=VECTOR('',#16003,1000.);
#2701=VECTOR('',#16006,1000.);
#2702=VECTOR('',#16007,1000.);
#2703=VECTOR('',#16008,1000.);
#2704=VECTOR('',#16009,1000.);
#2705=VECTOR('',#16010,1000.);
#2706=VECTOR('',#16011,1000.);
#2707=VECTOR('',#16012,1000.);
#2708=VECTOR('',#16015,1000.);
#2709=VECTOR('',#16016,1000.);
#2710=VECTOR('',#16017,1000.);
#2711=VECTOR('',#16020,1000.);
#2712=VECTOR('',#16021,1000.);
#2713=VECTOR('',#16022,1000.);
#2714=VECTOR('',#16023,1000.);
#2715=VECTOR('',#16024,1000.);
#2716=VECTOR('',#16025,1000.);
#2717=VECTOR('',#16026,1000.);
#2718=VECTOR('',#16029,1000.);
#2719=VECTOR('',#16030,1000.);
#2720=VECTOR('',#16031,1000.);
#2721=VECTOR('',#16038,1000.);
#2722=VECTOR('',#16041,1000.);
#2723=VECTOR('',#16042,1000.);
#2724=VECTOR('',#16043,1000.);
#2725=VECTOR('',#16046,1000.);
#2726=VECTOR('',#16051,1000.);
#2727=VECTOR('',#16052,1000.);
#2728=VECTOR('',#16053,1000.);
#2729=VECTOR('',#16054,1000.);
#2730=VECTOR('',#16055,1000.);
#2731=VECTOR('',#16056,1000.);
#2732=VECTOR('',#16057,1000.);
#2733=VECTOR('',#16058,1000.);
#2734=VECTOR('',#16063,1000.);
#2735=VECTOR('',#16068,1000.);
#2736=VECTOR('',#16071,1000.);
#2737=VECTOR('',#16072,1000.);
#2738=VECTOR('',#16073,1000.);
#2739=VECTOR('',#16076,1000.);
#2740=VECTOR('',#16081,1000.);
#2741=VECTOR('',#16082,1000.);
#2742=VECTOR('',#16083,1000.);
#2743=VECTOR('',#16084,1000.);
#2744=VECTOR('',#16087,1000.);
#2745=VECTOR('',#16088,1000.);
#2746=VECTOR('',#16089,1000.);
#2747=VECTOR('',#16090,1000.);
#2748=VECTOR('',#16093,1000.);
#2749=VECTOR('',#16094,1000.);
#2750=VECTOR('',#16095,1000.);
#2751=VECTOR('',#16096,1000.);
#2752=VECTOR('',#16099,1000.);
#2753=VECTOR('',#16100,1000.);
#2754=VECTOR('',#16107,1000.);
#2755=VECTOR('',#16114,1000.);
#2756=VECTOR('',#16115,1000.);
#2757=VECTOR('',#16118,1000.);
#2758=VECTOR('',#16119,1000.);
#2759=VECTOR('',#16122,1000.);
#2760=VECTOR('',#16123,1000.);
#2761=VECTOR('',#16126,1000.);
#2762=VECTOR('',#16129,1000.);
#2763=VECTOR('',#16132,1000.);
#2764=VECTOR('',#16133,1000.);
#2765=VECTOR('',#16134,1000.);
#2766=VECTOR('',#16137,1000.);
#2767=VECTOR('',#16138,1000.);
#2768=VECTOR('',#16139,1000.);
#2769=VECTOR('',#16142,1000.);
#2770=VECTOR('',#16143,1000.);
#2771=VECTOR('',#16144,1000.);
#2772=VECTOR('',#16147,1000.);
#2773=VECTOR('',#16148,1000.);
#2774=VECTOR('',#16149,1000.);
#2775=VECTOR('',#16162,1000.);
#2776=VECTOR('',#16163,1000.);
#2777=VECTOR('',#16164,1000.);
#2778=VECTOR('',#16165,1000.);
#2779=VECTOR('',#16168,1000.);
#2780=VECTOR('',#16171,1000.);
#2781=VECTOR('',#16172,1000.);
#2782=VECTOR('',#16173,1000.);
#2783=VECTOR('',#16178,1000.);
#2784=VECTOR('',#16179,1000.);
#2785=VECTOR('',#16180,1000.);
#2786=VECTOR('',#16181,1000.);
#2787=VECTOR('',#16182,1000.);
#2788=VECTOR('',#16185,1000.);
#2789=VECTOR('',#16188,1000.);
#2790=VECTOR('',#16189,1000.);
#2791=VECTOR('',#16190,1000.);
#2792=VECTOR('',#16191,1000.);
#2793=VECTOR('',#16194,1000.);
#2794=VECTOR('',#16197,1000.);
#2795=VECTOR('',#16238,1000.);
#2796=VECTOR('',#16239,1000.);
#2797=VECTOR('',#16240,1000.);
#2798=VECTOR('',#16241,1000.);
#2799=VECTOR('',#16244,1000.);
#2800=VECTOR('',#16245,1000.);
#2801=VECTOR('',#16246,1000.);
#2802=VECTOR('',#16247,1000.);
#2803=VECTOR('',#16248,1000.);
#2804=VECTOR('',#16249,1000.);
#2805=VECTOR('',#16250,1000.);
#2806=VECTOR('',#16251,1000.);
#2807=VECTOR('',#16252,1000.);
#2808=VECTOR('',#16253,1000.);
#2809=VECTOR('',#16254,1000.);
#2810=VECTOR('',#16257,1000.);
#2811=VECTOR('',#16258,1000.);
#2812=VECTOR('',#16259,1000.);
#2813=VECTOR('',#16262,1000.);
#2814=VECTOR('',#16263,1000.);
#2815=VECTOR('',#16264,1000.);
#2816=VECTOR('',#16265,1000.);
#2817=VECTOR('',#16266,1000.);
#2818=VECTOR('',#16267,1000.);
#2819=VECTOR('',#16268,1000.);
#2820=VECTOR('',#16269,1000.);
#2821=VECTOR('',#16270,1000.);
#2822=VECTOR('',#16271,1000.);
#2823=VECTOR('',#16276,1000.);
#2824=VECTOR('',#16281,1000.);
#2825=VECTOR('',#16282,1000.);
#2826=VECTOR('',#16283,1000.);
#2827=VECTOR('',#16284,1000.);
#2828=VECTOR('',#16285,1000.);
#2829=VECTOR('',#16288,1000.);
#2830=VECTOR('',#16289,1000.);
#2831=VECTOR('',#16290,1000.);
#2832=VECTOR('',#16293,1000.);
#2833=VECTOR('',#16294,1000.);
#2834=VECTOR('',#16295,1000.);
#2835=VECTOR('',#16296,1000.);
#2836=VECTOR('',#16297,1000.);
#2837=VECTOR('',#16306,1000.);
#2838=VECTOR('',#16307,1000.);
#2839=VECTOR('',#16310,1000.);
#2840=VECTOR('',#16311,1000.);
#2841=VECTOR('',#16314,1000.);
#2842=VECTOR('',#16317,1000.);
#2843=VECTOR('',#16320,1000.);
#2844=VECTOR('',#16321,1000.);
#2845=VECTOR('',#16338,1000.);
#2846=VECTOR('',#16339,1000.);
#2847=VECTOR('',#16340,1000.);
#2848=VECTOR('',#16341,1000.);
#2849=VECTOR('',#16342,1000.);
#2850=VECTOR('',#16343,1000.);
#2851=VECTOR('',#16344,1000.);
#2852=VECTOR('',#16345,1000.);
#2853=VECTOR('',#16346,1000.);
#2854=VECTOR('',#16347,1000.);
#2855=VECTOR('',#16348,1000.);
#2856=VECTOR('',#16349,1000.);
#2857=VECTOR('',#16350,1000.);
#2858=VECTOR('',#16351,1000.);
#2859=VECTOR('',#16352,1000.);
#2860=VECTOR('',#16353,1000.);
#2861=VECTOR('',#16354,1000.);
#2862=VECTOR('',#16355,1000.);
#2863=VECTOR('',#16356,1000.);
#2864=VECTOR('',#16357,1000.);
#2865=VECTOR('',#16360,1000.);
#2866=VECTOR('',#16361,1000.);
#2867=VECTOR('',#16362,1000.);
#2868=VECTOR('',#16363,1000.);
#2869=VECTOR('',#16364,1000.);
#2870=VECTOR('',#16365,1000.);
#2871=VECTOR('',#16366,1000.);
#2872=VECTOR('',#16367,1000.);
#2873=VECTOR('',#16368,1000.);
#2874=VECTOR('',#16369,1000.);
#2875=VECTOR('',#16370,1000.);
#2876=VECTOR('',#16371,1000.);
#2877=VECTOR('',#16372,1000.);
#2878=VECTOR('',#16373,1000.);
#2879=VECTOR('',#16374,1000.);
#2880=VECTOR('',#16375,1000.);
#2881=VECTOR('',#16376,1000.);
#2882=VECTOR('',#16377,1000.);
#2883=VECTOR('',#16378,1000.);
#2884=VECTOR('',#16379,1000.);
#2885=VECTOR('',#16382,1000.);
#2886=VECTOR('',#16383,1000.);
#2887=VECTOR('',#16384,1000.);
#2888=VECTOR('',#16385,1000.);
#2889=VECTOR('',#16388,1000.);
#2890=VECTOR('',#16389,1000.);
#2891=VECTOR('',#16390,1000.);
#2892=VECTOR('',#16393,1000.);
#2893=VECTOR('',#16394,1000.);
#2894=VECTOR('',#16395,1000.);
#2895=VECTOR('',#16396,1000.);
#2896=VECTOR('',#16399,1000.);
#2897=VECTOR('',#16400,1000.);
#2898=VECTOR('',#16401,1000.);
#2899=VECTOR('',#16404,1000.);
#2900=VECTOR('',#16405,1000.);
#2901=VECTOR('',#16406,1000.);
#2902=VECTOR('',#16407,1000.);
#2903=VECTOR('',#16410,1000.);
#2904=VECTOR('',#16411,1000.);
#2905=VECTOR('',#16414,1000.);
#2906=VECTOR('',#16417,1000.);
#2907=VECTOR('',#16418,1000.);
#2908=VECTOR('',#16421,1000.);
#2909=VECTOR('',#16424,1000.);
#2910=VECTOR('',#16425,1000.);
#2911=VECTOR('',#16426,1000.);
#2912=VECTOR('',#16427,1000.);
#2913=VECTOR('',#16430,1000.);
#2914=VECTOR('',#16431,1000.);
#2915=VECTOR('',#16432,1000.);
#2916=VECTOR('',#16433,1000.);
#2917=VECTOR('',#16434,1000.);
#2918=VECTOR('',#16435,1000.);
#2919=VECTOR('',#16436,1000.);
#2920=VECTOR('',#16437,1000.);
#2921=VECTOR('',#16438,1000.);
#2922=VECTOR('',#16439,1000.);
#2923=VECTOR('',#16440,1000.);
#2924=VECTOR('',#16441,1000.);
#2925=VECTOR('',#16442,1000.);
#2926=VECTOR('',#16443,1000.);
#2927=VECTOR('',#16444,1000.);
#2928=VECTOR('',#16445,1000.);
#2929=VECTOR('',#16446,1000.);
#2930=VECTOR('',#16447,1000.);
#2931=VECTOR('',#16448,1000.);
#2932=VECTOR('',#16449,1000.);
#2933=VECTOR('',#16452,1000.);
#2934=VECTOR('',#16453,1000.);
#2935=VECTOR('',#16454,1000.);
#2936=VECTOR('',#16457,1000.);
#2937=VECTOR('',#16458,1000.);
#2938=VECTOR('',#16461,1000.);
#2939=VECTOR('',#16462,1000.);
#2940=VECTOR('',#16465,1000.);
#2941=VECTOR('',#16468,1000.);
#2942=VECTOR('',#16469,1000.);
#2943=VECTOR('',#16470,1000.);
#2944=VECTOR('',#16471,1000.);
#2945=VECTOR('',#16472,1000.);
#2946=VECTOR('',#16473,1000.);
#2947=VECTOR('',#16476,1000.);
#2948=VECTOR('',#16477,1000.);
#2949=VECTOR('',#16480,1000.);
#2950=VECTOR('',#16481,1000.);
#2951=VECTOR('',#16482,1000.);
#2952=VECTOR('',#16483,1000.);
#2953=VECTOR('',#16484,1000.);
#2954=VECTOR('',#16487,1000.);
#2955=VECTOR('',#16490,1000.);
#2956=VECTOR('',#16491,1000.);
#2957=VECTOR('',#16492,1000.);
#2958=VECTOR('',#16495,1000.);
#2959=VECTOR('',#16496,1000.);
#2960=VECTOR('',#16499,1000.);
#2961=VECTOR('',#16500,1000.);
#2962=VECTOR('',#16503,1000.);
#2963=VECTOR('',#16506,1000.);
#2964=VECTOR('',#16507,1000.);
#2965=VECTOR('',#16508,1000.);
#2966=VECTOR('',#16511,1000.);
#2967=VECTOR('',#16512,1000.);
#2968=VECTOR('',#16515,1000.);
#2969=VECTOR('',#16516,1000.);
#2970=VECTOR('',#16519,1000.);
#2971=VECTOR('',#16522,1000.);
#2972=VECTOR('',#16523,1000.);
#2973=VECTOR('',#16524,1000.);
#2974=VECTOR('',#16527,1000.);
#2975=VECTOR('',#16528,1000.);
#2976=VECTOR('',#16531,1000.);
#2977=VECTOR('',#16532,1000.);
#2978=VECTOR('',#16535,1000.);
#2979=VECTOR('',#16538,1000.);
#2980=VECTOR('',#16539,1000.);
#2981=VECTOR('',#16540,1000.);
#2982=VECTOR('',#16543,1000.);
#2983=VECTOR('',#16544,1000.);
#2984=VECTOR('',#16547,1000.);
#2985=VECTOR('',#16548,1000.);
#2986=VECTOR('',#16551,1000.);
#2987=VECTOR('',#16554,1000.);
#2988=VECTOR('',#16555,1000.);
#2989=VECTOR('',#16556,1000.);
#2990=VECTOR('',#16559,1000.);
#2991=VECTOR('',#16560,1000.);
#2992=VECTOR('',#16563,1000.);
#2993=VECTOR('',#16564,1000.);
#2994=VECTOR('',#16567,1000.);
#2995=VECTOR('',#16570,1000.);
#2996=VECTOR('',#16571,1000.);
#2997=VECTOR('',#16572,1000.);
#2998=VECTOR('',#16575,1000.);
#2999=VECTOR('',#16576,1000.);
#3000=VECTOR('',#16579,1000.);
#3001=VECTOR('',#16580,1000.);
#3002=VECTOR('',#16583,1000.);
#3003=VECTOR('',#16594,1000.);
#3004=VECTOR('',#16595,1000.);
#3005=VECTOR('',#16596,1000.);
#3006=VECTOR('',#16599,1000.);
#3007=VECTOR('',#16600,1000.);
#3008=VECTOR('',#16603,1000.);
#3009=VECTOR('',#16604,1000.);
#3010=VECTOR('',#16607,1000.);
#3011=VECTOR('',#16618,1000.);
#3012=VECTOR('',#16619,1000.);
#3013=VECTOR('',#16620,1000.);
#3014=VECTOR('',#16623,1000.);
#3015=VECTOR('',#16624,1000.);
#3016=VECTOR('',#16627,1000.);
#3017=VECTOR('',#16628,1000.);
#3018=VECTOR('',#16631,1000.);
#3019=VECTOR('',#16638,1000.);
#3020=VECTOR('',#16641,1000.);
#3021=VECTOR('',#16644,1000.);
#3022=VECTOR('',#16645,1000.);
#3023=VECTOR('',#16648,1000.);
#3024=VECTOR('',#16651,1000.);
#3025=VECTOR('',#16654,1000.);
#3026=VECTOR('',#16655,1000.);
#3027=VECTOR('',#16656,1000.);
#3028=VECTOR('',#16657,1000.);
#3029=VECTOR('',#16668,1000.);
#3030=VECTOR('',#16673,1000.);
#3031=VECTOR('',#16684,1000.);
#3032=VECTOR('',#16697,1000.);
#3033=VECTOR('',#16706,1000.);
#3034=VECTOR('',#16717,1000.);
#3035=VECTOR('',#16720,1000.);
#3036=VECTOR('',#16721,1000.);
#3037=VECTOR('',#16722,1000.);
#3038=VECTOR('',#16723,1000.);
#3039=VECTOR('',#16724,1000.);
#3040=VECTOR('',#16725,1000.);
#3041=VECTOR('',#16726,1000.);
#3042=VECTOR('',#16727,1000.);
#3043=VECTOR('',#16730,1000.);
#3044=VECTOR('',#16731,1000.);
#3045=VECTOR('',#16732,1000.);
#3046=VECTOR('',#16733,1000.);
#3047=VECTOR('',#16736,1000.);
#3048=VECTOR('',#16737,1000.);
#3049=VECTOR('',#16738,1000.);
#3050=VECTOR('',#16739,1000.);
#3051=VECTOR('',#16740,1000.);
#3052=VECTOR('',#16741,1000.);
#3053=VECTOR('',#16742,1000.);
#3054=VECTOR('',#16743,1000.);
#3055=VECTOR('',#16746,1000.);
#3056=VECTOR('',#16747,1000.);
#3057=VECTOR('',#16748,1000.);
#3058=VECTOR('',#16749,1000.);
#3059=VECTOR('',#16752,1000.);
#3060=VECTOR('',#16753,1000.);
#3061=VECTOR('',#16754,1000.);
#3062=VECTOR('',#16755,1000.);
#3063=VECTOR('',#16756,1000.);
#3064=VECTOR('',#16757,1000.);
#3065=VECTOR('',#16758,1000.);
#3066=VECTOR('',#16759,1000.);
#3067=VECTOR('',#16762,1000.);
#3068=VECTOR('',#16763,1000.);
#3069=VECTOR('',#16764,1000.);
#3070=VECTOR('',#16765,1000.);
#3071=VECTOR('',#16768,1000.);
#3072=VECTOR('',#16769,1000.);
#3073=VECTOR('',#16770,1000.);
#3074=VECTOR('',#16771,1000.);
#3075=VECTOR('',#16772,1000.);
#3076=VECTOR('',#16773,1000.);
#3077=VECTOR('',#16774,1000.);
#3078=VECTOR('',#16775,1000.);
#3079=VECTOR('',#16778,1000.);
#3080=VECTOR('',#16779,1000.);
#3081=VECTOR('',#16780,1000.);
#3082=VECTOR('',#16781,1000.);
#3083=VECTOR('',#16784,1000.);
#3084=VECTOR('',#16785,1000.);
#3085=VECTOR('',#16786,1000.);
#3086=VECTOR('',#16787,1000.);
#3087=VECTOR('',#16788,1000.);
#3088=VECTOR('',#16789,1000.);
#3089=VECTOR('',#16790,1000.);
#3090=VECTOR('',#16791,1000.);
#3091=VECTOR('',#16794,1000.);
#3092=VECTOR('',#16795,1000.);
#3093=VECTOR('',#16796,1000.);
#3094=VECTOR('',#16797,1000.);
#3095=VECTOR('',#16800,1000.);
#3096=VECTOR('',#16801,1000.);
#3097=VECTOR('',#16802,1000.);
#3098=VECTOR('',#16803,1000.);
#3099=VECTOR('',#16804,1000.);
#3100=VECTOR('',#16805,1000.);
#3101=VECTOR('',#16806,1000.);
#3102=VECTOR('',#16807,1000.);
#3103=VECTOR('',#16810,1000.);
#3104=VECTOR('',#16811,1000.);
#3105=VECTOR('',#16812,1000.);
#3106=VECTOR('',#16813,1000.);
#3107=VECTOR('',#16832,1000.);
#3108=VECTOR('',#16833,1000.);
#3109=VECTOR('',#16834,1000.);
#3110=VECTOR('',#16835,1000.);
#3111=VECTOR('',#16836,1000.);
#3112=VECTOR('',#16837,1000.);
#3113=VECTOR('',#16838,1000.);
#3114=VECTOR('',#16839,1000.);
#3115=VECTOR('',#16842,1000.);
#3116=VECTOR('',#16843,1000.);
#3117=VECTOR('',#16844,1000.);
#3118=VECTOR('',#16845,1000.);
#3119=VECTOR('',#16856,1000.);
#3120=VECTOR('',#16857,1000.);
#3121=VECTOR('',#16858,1000.);
#3122=VECTOR('',#16859,1000.);
#3123=VECTOR('',#16862,1000.);
#3124=VECTOR('',#16863,1000.);
#3125=VECTOR('',#16868,1000.);
#3126=VECTOR('',#16869,1000.);
#3127=VECTOR('',#16872,1000.);
#3128=VECTOR('',#16873,1000.);
#3129=VECTOR('',#16876,1000.);
#3130=VECTOR('',#16881,1000.);
#3131=VECTOR('',#16882,1000.);
#3132=VECTOR('',#16885,1000.);
#3133=VECTOR('',#16890,1000.);
#3134=VECTOR('',#16891,1000.);
#3135=VECTOR('',#16894,1000.);
#3136=VECTOR('',#16899,1000.);
#3137=VECTOR('',#16900,1000.);
#3138=VECTOR('',#16903,1000.);
#3139=VECTOR('',#16908,1000.);
#3140=VECTOR('',#16911,1000.);
#3141=VECTOR('',#16912,1000.);
#3142=VECTOR('',#16913,1000.);
#3143=VECTOR('',#16916,1000.);
#3144=VECTOR('',#16917,1000.);
#3145=VECTOR('',#16920,1000.);
#3146=VECTOR('',#16921,1000.);
#3147=VECTOR('',#16924,1000.);
#3148=VECTOR('',#16927,1000.);
#3149=VECTOR('',#16928,1000.);
#3150=VECTOR('',#16929,1000.);
#3151=VECTOR('',#16932,1000.);
#3152=VECTOR('',#16933,1000.);
#3153=VECTOR('',#16936,1000.);
#3154=VECTOR('',#16937,1000.);
#3155=VECTOR('',#16940,1000.);
#3156=VECTOR('',#16943,1000.);
#3157=VECTOR('',#16944,1000.);
#3158=VECTOR('',#16945,1000.);
#3159=VECTOR('',#16948,1000.);
#3160=VECTOR('',#16949,1000.);
#3161=VECTOR('',#16952,1000.);
#3162=VECTOR('',#16953,1000.);
#3163=VECTOR('',#16956,1000.);
#3164=VECTOR('',#16959,1000.);
#3165=VECTOR('',#16960,1000.);
#3166=VECTOR('',#16961,1000.);
#3167=VECTOR('',#16964,1000.);
#3168=VECTOR('',#16965,1000.);
#3169=VECTOR('',#16968,1000.);
#3170=VECTOR('',#16969,1000.);
#3171=VECTOR('',#16972,1000.);
#3172=VECTOR('',#16975,1000.);
#3173=VECTOR('',#16976,1000.);
#3174=VECTOR('',#16977,1000.);
#3175=VECTOR('',#16980,1000.);
#3176=VECTOR('',#16981,1000.);
#3177=VECTOR('',#16984,1000.);
#3178=VECTOR('',#16985,1000.);
#3179=VECTOR('',#16988,1000.);
#3180=VECTOR('',#16991,1000.);
#3181=VECTOR('',#16992,1000.);
#3182=VECTOR('',#16993,1000.);
#3183=VECTOR('',#16996,1000.);
#3184=VECTOR('',#16997,1000.);
#3185=VECTOR('',#17000,1000.);
#3186=VECTOR('',#17001,1000.);
#3187=VECTOR('',#17004,1000.);
#3188=VECTOR('',#17007,1000.);
#3189=VECTOR('',#17008,1000.);
#3190=VECTOR('',#17009,1000.);
#3191=VECTOR('',#17012,1000.);
#3192=VECTOR('',#17013,1000.);
#3193=VECTOR('',#17016,1000.);
#3194=VECTOR('',#17017,1000.);
#3195=VECTOR('',#17020,1000.);
#3196=VECTOR('',#17023,1000.);
#3197=VECTOR('',#17024,1000.);
#3198=VECTOR('',#17025,1000.);
#3199=VECTOR('',#17028,1000.);
#3200=VECTOR('',#17029,1000.);
#3201=VECTOR('',#17032,1000.);
#3202=VECTOR('',#17033,1000.);
#3203=VECTOR('',#17036,1000.);
#3204=VECTOR('',#17039,1000.);
#3205=VECTOR('',#17040,1000.);
#3206=VECTOR('',#17041,1000.);
#3207=VECTOR('',#17044,1000.);
#3208=VECTOR('',#17045,1000.);
#3209=VECTOR('',#17048,1000.);
#3210=VECTOR('',#17049,1000.);
#3211=VECTOR('',#17052,1000.);
#3212=VECTOR('',#17055,1000.);
#3213=VECTOR('',#17056,1000.);
#3214=VECTOR('',#17057,1000.);
#3215=VECTOR('',#17060,1000.);
#3216=VECTOR('',#17061,1000.);
#3217=VECTOR('',#17064,1000.);
#3218=VECTOR('',#17065,1000.);
#3219=VECTOR('',#17068,1000.);
#3220=VECTOR('',#17071,1000.);
#3221=VECTOR('',#17072,1000.);
#3222=VECTOR('',#17073,1000.);
#3223=VECTOR('',#17076,1000.);
#3224=VECTOR('',#17077,1000.);
#3225=VECTOR('',#17080,1000.);
#3226=VECTOR('',#17081,1000.);
#3227=VECTOR('',#17084,1000.);
#3228=VECTOR('',#17087,1000.);
#3229=VECTOR('',#17088,1000.);
#3230=VECTOR('',#17089,1000.);
#3231=VECTOR('',#17092,1000.);
#3232=VECTOR('',#17093,1000.);
#3233=VECTOR('',#17096,1000.);
#3234=VECTOR('',#17097,1000.);
#3235=VECTOR('',#17100,1000.);
#3236=VECTOR('',#17119,1000.);
#3237=VECTOR('',#17120,1000.);
#3238=VECTOR('',#17121,1000.);
#3239=VECTOR('',#17124,1000.);
#3240=VECTOR('',#17125,1000.);
#3241=VECTOR('',#17128,1000.);
#3242=VECTOR('',#17129,1000.);
#3243=VECTOR('',#17132,1000.);
#3244=VECTOR('',#17135,1000.);
#3245=VECTOR('',#17136,1000.);
#3246=VECTOR('',#17137,1000.);
#3247=VECTOR('',#17140,1000.);
#3248=VECTOR('',#17141,1000.);
#3249=VECTOR('',#17144,1000.);
#3250=VECTOR('',#17145,1000.);
#3251=VECTOR('',#17148,1000.);
#3252=VECTOR('',#17159,1000.);
#3253=VECTOR('',#17160,1000.);
#3254=VECTOR('',#17161,1000.);
#3255=VECTOR('',#17164,1000.);
#3256=VECTOR('',#17165,1000.);
#3257=VECTOR('',#17168,1000.);
#3258=VECTOR('',#17169,1000.);
#3259=VECTOR('',#17172,1000.);
#3260=VECTOR('',#17177,1000.);
#3261=VECTOR('',#17178,1000.);
#3262=VECTOR('',#17179,1000.);
#3263=VECTOR('',#17182,1000.);
#3264=VECTOR('',#17183,1000.);
#3265=VECTOR('',#17186,1000.);
#3266=VECTOR('',#17187,1000.);
#3267=VECTOR('',#17190,1000.);
#3268=VECTOR('',#17193,1000.);
#3269=VECTOR('',#17194,1000.);
#3270=VECTOR('',#17197,1000.);
#3271=VECTOR('',#17198,1000.);
#3272=VECTOR('',#17199,1000.);
#3273=VECTOR('',#17200,1000.);
#3274=VECTOR('',#17201,1000.);
#3275=VECTOR('',#17204,1000.);
#3276=VECTOR('',#17205,1000.);
#3277=VECTOR('',#17208,1000.);
#3278=VECTOR('',#17209,1000.);
#3279=VECTOR('',#17210,1000.);
#3280=VECTOR('',#17211,1000.);
#3281=VECTOR('',#17214,1000.);
#3282=VECTOR('',#17215,1000.);
#3283=VECTOR('',#17216,1000.);
#3284=VECTOR('',#17219,1000.);
#3285=VECTOR('',#17220,1000.);
#3286=VECTOR('',#17223,1000.);
#3287=VECTOR('',#17224,1000.);
#3288=VECTOR('',#17227,1000.);
#3289=VECTOR('',#17230,1000.);
#3290=VECTOR('',#17231,1000.);
#3291=VECTOR('',#17232,1000.);
#3292=VECTOR('',#17235,1000.);
#3293=VECTOR('',#17236,1000.);
#3294=VECTOR('',#17239,1000.);
#3295=VECTOR('',#17240,1000.);
#3296=VECTOR('',#17243,1000.);
#3297=VECTOR('',#17246,1000.);
#3298=VECTOR('',#17247,1000.);
#3299=VECTOR('',#17250,1000.);
#3300=VECTOR('',#17253,1000.);
#3301=VECTOR('',#17258,1000.);
#3302=VECTOR('',#17259,1000.);
#3303=VECTOR('',#17262,1000.);
#3304=VECTOR('',#17265,1000.);
#3305=VECTOR('',#17270,1000.);
#3306=VECTOR('',#17271,1000.);
#3307=VECTOR('',#17274,1000.);
#3308=VECTOR('',#17277,1000.);
#3309=VECTOR('',#17282,1000.);
#3310=VECTOR('',#17283,1000.);
#3311=VECTOR('',#17286,1000.);
#3312=VECTOR('',#17289,1000.);
#3313=VECTOR('',#17294,1000.);
#3314=VECTOR('',#17297,1000.);
#3315=VECTOR('',#17300,1000.);
#3316=VECTOR('',#17305,1000.);
#3317=VECTOR('',#17308,1000.);
#3318=VECTOR('',#17405,1000.);
#3319=VECTOR('',#17406,1000.);
#3320=VECTOR('',#17407,1000.);
#3321=VECTOR('',#17408,1000.);
#3322=VECTOR('',#17411,1000.);
#3323=VECTOR('',#17412,1000.);
#3324=VECTOR('',#17413,1000.);
#3325=VECTOR('',#17414,1000.);
#3326=VECTOR('',#17417,1000.);
#3327=VECTOR('',#17418,1000.);
#3328=VECTOR('',#17421,1000.);
#3329=VECTOR('',#17424,1000.);
#3330=VECTOR('',#17429,1000.);
#3331=VECTOR('',#17438,1000.);
#3332=VECTOR('',#17441,1000.);
#3333=VECTOR('',#17442,1000.);
#3334=VECTOR('',#17443,1000.);
#3335=VECTOR('',#17446,1000.);
#3336=VECTOR('',#17447,1000.);
#3337=VECTOR('',#17448,1000.);
#3338=VECTOR('',#17449,1000.);
#3339=VECTOR('',#17452,1000.);
#3340=VECTOR('',#17453,1000.);
#3341=VECTOR('',#17456,1000.);
#3342=VECTOR('',#17457,1000.);
#3343=VECTOR('',#17458,1000.);
#3344=VECTOR('',#17461,1000.);
#3345=VECTOR('',#17462,1000.);
#3346=VECTOR('',#17463,1000.);
#3347=VECTOR('',#17464,1000.);
#3348=VECTOR('',#17467,1000.);
#3349=VECTOR('',#17468,1000.);
#3350=VECTOR('',#17469,1000.);
#3351=VECTOR('',#17470,1000.);
#3352=VECTOR('',#17471,1000.);
#3353=VECTOR('',#17476,1000.);
#3354=VECTOR('',#17483,1000.);
#3355=VECTOR('',#17484,1000.);
#3356=VECTOR('',#17485,1000.);
#3357=VECTOR('',#17488,1000.);
#3358=VECTOR('',#17493,1000.);
#3359=VECTOR('',#17498,1000.);
#3360=VECTOR('',#17499,1000.);
#3361=VECTOR('',#17500,1000.);
#3362=VECTOR('',#17503,1000.);
#3363=VECTOR('',#17506,1000.);
#3364=VECTOR('',#17509,1000.);
#3365=VECTOR('',#17518,1000.);
#3366=VECTOR('',#17521,1000.);
#3367=VECTOR('',#17522,1000.);
#3368=VECTOR('',#17523,1000.);
#3369=VECTOR('',#17526,1000.);
#3370=VECTOR('',#17527,1000.);
#3371=VECTOR('',#17528,1000.);
#3372=VECTOR('',#17529,1000.);
#3373=VECTOR('',#17534,1000.);
#3374=VECTOR('',#17535,1000.);
#3375=VECTOR('',#17536,1000.);
#3376=VECTOR('',#17539,1000.);
#3377=VECTOR('',#17542,1000.);
#3378=VECTOR('',#17543,1000.);
#3379=VECTOR('',#17544,1000.);
#3380=VECTOR('',#17545,1000.);
#3381=VECTOR('',#17546,1000.);
#3382=VECTOR('',#17549,1000.);
#3383=VECTOR('',#17552,1000.);
#3384=VECTOR('',#17559,1000.);
#3385=VECTOR('',#17564,1000.);
#3386=VECTOR('',#17567,1000.);
#3387=VECTOR('',#17572,1000.);
#3388=VECTOR('',#17575,1000.);
#3389=VECTOR('',#17576,1000.);
#3390=VECTOR('',#17577,1000.);
#3391=VECTOR('',#17584,1000.);
#3392=VECTOR('',#17585,1000.);
#3393=VECTOR('',#17586,1000.);
#3394=VECTOR('',#17587,1000.);
#3395=VECTOR('',#17590,1000.);
#3396=VECTOR('',#17591,1000.);
#3397=VECTOR('',#17592,1000.);
#3398=VECTOR('',#17599,1000.);
#3399=VECTOR('',#17600,1000.);
#3400=VECTOR('',#17603,1000.);
#3401=VECTOR('',#17604,1000.);
#3402=VECTOR('',#17609,1000.);
#3403=VECTOR('',#17610,1000.);
#3404=VECTOR('',#17611,1000.);
#3405=VECTOR('',#17612,1000.);
#3406=VECTOR('',#17613,1000.);
#3407=VECTOR('',#17622,1000.);
#3408=VECTOR('',#17623,1000.);
#3409=VECTOR('',#17624,1000.);
#3410=VECTOR('',#17625,1000.);
#3411=VECTOR('',#17626,1000.);
#3412=VECTOR('',#17629,1000.);
#3413=VECTOR('',#17630,1000.);
#3414=VECTOR('',#17633,1000.);
#3415=VECTOR('',#17634,1000.);
#3416=VECTOR('',#17637,1000.);
#3417=VECTOR('',#17640,1000.);
#3418=VECTOR('',#17641,1000.);
#3419=VECTOR('',#17644,1000.);
#3420=VECTOR('',#17645,1000.);
#3421=VECTOR('',#17648,1000.);
#3422=VECTOR('',#17651,1000.);
#3423=VECTOR('',#17652,1000.);
#3424=VECTOR('',#17655,1000.);
#3425=VECTOR('',#17658,1000.);
#3426=VECTOR('',#17659,1000.);
#3427=VECTOR('',#17662,1000.);
#3428=VECTOR('',#17663,1000.);
#3429=VECTOR('',#17666,1000.);
#3430=VECTOR('',#17669,1000.);
#3431=VECTOR('',#17670,1000.);
#3432=VECTOR('',#17705,1000.);
#3433=VECTOR('',#17708,1000.);
#3434=VECTOR('',#17767,1000.);
#3435=VECTOR('',#17768,1000.);
#3436=VECTOR('',#17769,1000.);
#3437=VECTOR('',#17770,1000.);
#3438=VECTOR('',#17771,1000.);
#3439=VECTOR('',#17772,1000.);
#3440=VECTOR('',#17773,1000.);
#3441=VECTOR('',#17774,1000.);
#3442=VECTOR('',#17775,1000.);
#3443=VECTOR('',#17778,1000.);
#3444=VECTOR('',#17779,1000.);
#3445=VECTOR('',#17780,1000.);
#3446=VECTOR('',#17787,1000.);
#3447=VECTOR('',#17788,1000.);
#3448=VECTOR('',#17789,1000.);
#3449=VECTOR('',#17790,1000.);
#3450=VECTOR('',#17791,1000.);
#3451=VECTOR('',#17792,1000.);
#3452=VECTOR('',#17793,1000.);
#3453=VECTOR('',#17794,1000.);
#3454=VECTOR('',#17795,1000.);
#3455=VECTOR('',#17796,1000.);
#3456=VECTOR('',#17797,1000.);
#3457=VECTOR('',#17798,1000.);
#3458=VECTOR('',#17819,1000.);
#3459=VECTOR('',#17822,1000.);
#3460=VECTOR('',#17827,1000.);
#3461=VECTOR('',#17830,1000.);
#3462=VECTOR('',#17835,1000.);
#3463=VECTOR('',#17838,1000.);
#3464=VECTOR('',#17843,1000.);
#3465=VECTOR('',#17846,1000.);
#3466=CONICAL_SURFACE('',#13458,1.5,0.523598775598299);
#3467=CONICAL_SURFACE('',#13488,1.5,0.523598775598299);
#3468=CONICAL_SURFACE('',#13492,1.5,0.523598775598299);
#3469=CONICAL_SURFACE('',#13684,1.5,0.523598775598299);
#3470=CONICAL_SURFACE('',#13688,1.5,0.523598775598299);
#3471=CONICAL_SURFACE('',#13691,1.5,0.523598775598299);
#3472=CONICAL_SURFACE('',#13695,1.5,0.523598775598299);
#3473=CONICAL_SURFACE('',#14049,1.5,0.785398163397449);
#3474=CONICAL_SURFACE('',#14051,1.5,0.785398163397448);
#3475=CONICAL_SURFACE('',#14219,0.7,0.785398163397447);
#3476=CONICAL_SURFACE('',#14228,0.699999999999992,0.785398163397448);
#3477=CONICAL_SURFACE('',#14352,0.320283434384406,0.0698131700797682);
#3478=CONICAL_SURFACE('',#14355,0.320283434384406,0.0698131700797682);
#3479=CONICAL_SURFACE('',#14358,0.320283434384406,0.0698131700797682);
#3480=CONICAL_SURFACE('',#14366,0.320283434384406,0.0698131700797682);
#3481=CONICAL_SURFACE('',#14369,1.5,0.785398163397446);
#3482=CONICAL_SURFACE('',#14387,0.499999999999989,0.785398163397448);
#3483=ORIENTED_EDGE('',*,*,#7101,.T.);
#3484=ORIENTED_EDGE('',*,*,#7101,.F.);
#3485=ORIENTED_EDGE('',*,*,#7102,.T.);
#3486=ORIENTED_EDGE('',*,*,#7103,.T.);
#3487=ORIENTED_EDGE('',*,*,#7104,.T.);
#3488=ORIENTED_EDGE('',*,*,#7105,.T.);
#3489=ORIENTED_EDGE('',*,*,#7106,.T.);
#3490=ORIENTED_EDGE('',*,*,#7107,.T.);
#3491=ORIENTED_EDGE('',*,*,#7108,.T.);
#3492=ORIENTED_EDGE('',*,*,#7109,.T.);
#3493=ORIENTED_EDGE('',*,*,#7110,.T.);
#3494=ORIENTED_EDGE('',*,*,#7111,.F.);
#3495=ORIENTED_EDGE('',*,*,#7112,.T.);
#3496=ORIENTED_EDGE('',*,*,#7113,.F.);
#3497=ORIENTED_EDGE('',*,*,#7114,.F.);
#3498=ORIENTED_EDGE('',*,*,#7113,.T.);
#3499=ORIENTED_EDGE('',*,*,#7115,.F.);
#3500=ORIENTED_EDGE('',*,*,#7116,.F.);
#3501=ORIENTED_EDGE('',*,*,#7117,.F.);
#3502=ORIENTED_EDGE('',*,*,#7111,.T.);
#3503=ORIENTED_EDGE('',*,*,#7118,.F.);
#3504=ORIENTED_EDGE('',*,*,#7119,.F.);
#3505=ORIENTED_EDGE('',*,*,#7106,.F.);
#3506=ORIENTED_EDGE('',*,*,#7116,.T.);
#3507=ORIENTED_EDGE('',*,*,#7120,.T.);
#3508=ORIENTED_EDGE('',*,*,#7119,.T.);
#3509=ORIENTED_EDGE('',*,*,#7121,.F.);
#3510=ORIENTED_EDGE('',*,*,#7122,.T.);
#3511=ORIENTED_EDGE('',*,*,#7123,.T.);
#3512=ORIENTED_EDGE('',*,*,#7124,.F.);
#3513=ORIENTED_EDGE('',*,*,#7125,.T.);
#3514=ORIENTED_EDGE('',*,*,#7126,.T.);
#3515=ORIENTED_EDGE('',*,*,#7121,.T.);
#3516=ORIENTED_EDGE('',*,*,#7127,.F.);
#3517=ORIENTED_EDGE('',*,*,#7128,.T.);
#3518=ORIENTED_EDGE('',*,*,#7129,.T.);
#3519=ORIENTED_EDGE('',*,*,#7117,.T.);
#3520=ORIENTED_EDGE('',*,*,#7126,.F.);
#3521=ORIENTED_EDGE('',*,*,#7130,.T.);
#3522=ORIENTED_EDGE('',*,*,#7131,.T.);
#3523=ORIENTED_EDGE('',*,*,#7114,.T.);
#3524=ORIENTED_EDGE('',*,*,#7129,.F.);
#3525=ORIENTED_EDGE('',*,*,#7132,.T.);
#3526=ORIENTED_EDGE('',*,*,#7127,.T.);
#3527=ORIENTED_EDGE('',*,*,#7118,.T.);
#3528=ORIENTED_EDGE('',*,*,#7131,.F.);
#3529=ORIENTED_EDGE('',*,*,#7133,.T.);
#3530=ORIENTED_EDGE('',*,*,#7134,.T.);
#3531=ORIENTED_EDGE('',*,*,#7135,.F.);
#3532=ORIENTED_EDGE('',*,*,#7136,.T.);
#3533=ORIENTED_EDGE('',*,*,#7123,.F.);
#3534=ORIENTED_EDGE('',*,*,#7137,.T.);
#3535=ORIENTED_EDGE('',*,*,#7138,.T.);
#3536=ORIENTED_EDGE('',*,*,#7134,.F.);
#3537=ORIENTED_EDGE('',*,*,#7139,.F.);
#3538=ORIENTED_EDGE('',*,*,#7124,.T.);
#3539=ORIENTED_EDGE('',*,*,#7140,.T.);
#3540=ORIENTED_EDGE('',*,*,#7141,.F.);
#3541=ORIENTED_EDGE('',*,*,#7142,.T.);
#3542=ORIENTED_EDGE('',*,*,#7141,.T.);
#3543=ORIENTED_EDGE('',*,*,#7143,.T.);
#3544=ORIENTED_EDGE('',*,*,#7144,.F.);
#3545=ORIENTED_EDGE('',*,*,#7145,.T.);
#3546=ORIENTED_EDGE('',*,*,#7146,.T.);
#3547=ORIENTED_EDGE('',*,*,#7140,.F.);
#3548=ORIENTED_EDGE('',*,*,#7136,.F.);
#3549=ORIENTED_EDGE('',*,*,#7147,.T.);
#3550=ORIENTED_EDGE('',*,*,#7146,.F.);
#3551=ORIENTED_EDGE('',*,*,#7110,.F.);
#3552=ORIENTED_EDGE('',*,*,#7137,.F.);
#3553=ORIENTED_EDGE('',*,*,#7143,.F.);
#3554=ORIENTED_EDGE('',*,*,#7144,.T.);
#3555=ORIENTED_EDGE('',*,*,#7139,.T.);
#3556=ORIENTED_EDGE('',*,*,#7122,.F.);
#3557=ORIENTED_EDGE('',*,*,#7148,.T.);
#3558=ORIENTED_EDGE('',*,*,#7149,.F.);
#3559=ORIENTED_EDGE('',*,*,#7150,.F.);
#3560=ORIENTED_EDGE('',*,*,#7151,.F.);
#3561=ORIENTED_EDGE('',*,*,#7152,.F.);
#3562=ORIENTED_EDGE('',*,*,#7153,.F.);
#3563=ORIENTED_EDGE('',*,*,#7154,.F.);
#3564=ORIENTED_EDGE('',*,*,#7155,.F.);
#3565=ORIENTED_EDGE('',*,*,#7156,.F.);
#3566=ORIENTED_EDGE('',*,*,#7157,.F.);
#3567=ORIENTED_EDGE('',*,*,#7158,.F.);
#3568=ORIENTED_EDGE('',*,*,#7159,.F.);
#3569=ORIENTED_EDGE('',*,*,#7160,.F.);
#3570=ORIENTED_EDGE('',*,*,#7161,.T.);
#3571=ORIENTED_EDGE('',*,*,#7162,.T.);
#3572=ORIENTED_EDGE('',*,*,#7163,.T.);
#3573=ORIENTED_EDGE('',*,*,#7164,.T.);
#3574=ORIENTED_EDGE('',*,*,#7165,.F.);
#3575=ORIENTED_EDGE('',*,*,#7166,.F.);
#3576=ORIENTED_EDGE('',*,*,#7167,.F.);
#3577=ORIENTED_EDGE('',*,*,#7168,.T.);
#3578=ORIENTED_EDGE('',*,*,#7169,.T.);
#3579=ORIENTED_EDGE('',*,*,#7170,.T.);
#3580=ORIENTED_EDGE('',*,*,#7171,.T.);
#3581=ORIENTED_EDGE('',*,*,#7172,.T.);
#3582=ORIENTED_EDGE('',*,*,#7173,.F.);
#3583=ORIENTED_EDGE('',*,*,#7174,.F.);
#3584=ORIENTED_EDGE('',*,*,#7175,.T.);
#3585=ORIENTED_EDGE('',*,*,#7176,.T.);
#3586=ORIENTED_EDGE('',*,*,#7177,.F.);
#3587=ORIENTED_EDGE('',*,*,#7178,.F.);
#3588=ORIENTED_EDGE('',*,*,#7179,.F.);
#3589=ORIENTED_EDGE('',*,*,#7180,.F.);
#3590=ORIENTED_EDGE('',*,*,#7149,.T.);
#3591=ORIENTED_EDGE('',*,*,#7181,.F.);
#3592=ORIENTED_EDGE('',*,*,#7182,.F.);
#3593=ORIENTED_EDGE('',*,*,#7183,.T.);
#3594=ORIENTED_EDGE('',*,*,#7150,.T.);
#3595=ORIENTED_EDGE('',*,*,#7183,.F.);
#3596=ORIENTED_EDGE('',*,*,#7184,.F.);
#3597=ORIENTED_EDGE('',*,*,#7185,.T.);
#3598=ORIENTED_EDGE('',*,*,#7151,.T.);
#3599=ORIENTED_EDGE('',*,*,#7185,.F.);
#3600=ORIENTED_EDGE('',*,*,#7186,.F.);
#3601=ORIENTED_EDGE('',*,*,#7187,.T.);
#3602=ORIENTED_EDGE('',*,*,#7152,.T.);
#3603=ORIENTED_EDGE('',*,*,#7187,.F.);
#3604=ORIENTED_EDGE('',*,*,#7188,.F.);
#3605=ORIENTED_EDGE('',*,*,#7181,.T.);
#3606=ORIENTED_EDGE('',*,*,#7188,.T.);
#3607=ORIENTED_EDGE('',*,*,#7186,.T.);
#3608=ORIENTED_EDGE('',*,*,#7184,.T.);
#3609=ORIENTED_EDGE('',*,*,#7182,.T.);
#3610=ORIENTED_EDGE('',*,*,#7189,.T.);
#3611=ORIENTED_EDGE('',*,*,#7189,.F.);
#3612=ORIENTED_EDGE('',*,*,#7190,.T.);
#3613=ORIENTED_EDGE('',*,*,#7191,.T.);
#3614=ORIENTED_EDGE('',*,*,#7191,.F.);
#3615=ORIENTED_EDGE('',*,*,#7192,.T.);
#3616=ORIENTED_EDGE('',*,*,#7193,.F.);
#3617=ORIENTED_EDGE('',*,*,#7194,.T.);
#3618=ORIENTED_EDGE('',*,*,#7195,.T.);
#3619=ORIENTED_EDGE('',*,*,#7196,.T.);
#3620=ORIENTED_EDGE('',*,*,#7195,.F.);
#3621=ORIENTED_EDGE('',*,*,#7197,.T.);
#3622=ORIENTED_EDGE('',*,*,#7198,.T.);
#3623=ORIENTED_EDGE('',*,*,#7199,.T.);
#3624=ORIENTED_EDGE('',*,*,#7198,.F.);
#3625=ORIENTED_EDGE('',*,*,#7200,.T.);
#3626=ORIENTED_EDGE('',*,*,#7201,.T.);
#3627=ORIENTED_EDGE('',*,*,#7202,.T.);
#3628=ORIENTED_EDGE('',*,*,#7201,.F.);
#3629=ORIENTED_EDGE('',*,*,#7203,.T.);
#3630=ORIENTED_EDGE('',*,*,#7204,.T.);
#3631=ORIENTED_EDGE('',*,*,#7174,.T.);
#3632=ORIENTED_EDGE('',*,*,#7205,.T.);
#3633=ORIENTED_EDGE('',*,*,#7206,.T.);
#3634=ORIENTED_EDGE('',*,*,#7207,.F.);
#3635=ORIENTED_EDGE('',*,*,#7208,.F.);
#3636=ORIENTED_EDGE('',*,*,#7175,.F.);
#3637=ORIENTED_EDGE('',*,*,#7204,.F.);
#3638=ORIENTED_EDGE('',*,*,#7208,.T.);
#3639=ORIENTED_EDGE('',*,*,#7209,.T.);
#3640=ORIENTED_EDGE('',*,*,#7210,.T.);
#3641=ORIENTED_EDGE('',*,*,#7176,.F.);
#3642=ORIENTED_EDGE('',*,*,#7211,.F.);
#3643=ORIENTED_EDGE('',*,*,#7212,.F.);
#3644=ORIENTED_EDGE('',*,*,#7161,.F.);
#3645=ORIENTED_EDGE('',*,*,#7210,.F.);
#3646=ORIENTED_EDGE('',*,*,#7213,.T.);
#3647=ORIENTED_EDGE('',*,*,#7214,.T.);
#3648=ORIENTED_EDGE('',*,*,#7213,.F.);
#3649=ORIENTED_EDGE('',*,*,#7215,.T.);
#3650=ORIENTED_EDGE('',*,*,#7214,.F.);
#3651=ORIENTED_EDGE('',*,*,#7216,.T.);
#3652=ORIENTED_EDGE('',*,*,#7217,.T.);
#3653=ORIENTED_EDGE('',*,*,#7194,.F.);
#3654=ORIENTED_EDGE('',*,*,#7218,.F.);
#3655=ORIENTED_EDGE('',*,*,#7211,.T.);
#3656=ORIENTED_EDGE('',*,*,#7209,.F.);
#3657=ORIENTED_EDGE('',*,*,#7207,.T.);
#3658=ORIENTED_EDGE('',*,*,#7203,.F.);
#3659=ORIENTED_EDGE('',*,*,#7200,.F.);
#3660=ORIENTED_EDGE('',*,*,#7197,.F.);
#3661=ORIENTED_EDGE('',*,*,#7216,.F.);
#3662=ORIENTED_EDGE('',*,*,#7215,.F.);
#3663=ORIENTED_EDGE('',*,*,#7162,.F.);
#3664=ORIENTED_EDGE('',*,*,#7212,.T.);
#3665=ORIENTED_EDGE('',*,*,#7218,.T.);
#3666=ORIENTED_EDGE('',*,*,#7193,.T.);
#3667=ORIENTED_EDGE('',*,*,#7219,.T.);
#3668=ORIENTED_EDGE('',*,*,#7220,.F.);
#3669=ORIENTED_EDGE('',*,*,#7221,.T.);
#3670=ORIENTED_EDGE('',*,*,#7222,.T.);
#3671=ORIENTED_EDGE('',*,*,#7223,.T.);
#3672=ORIENTED_EDGE('',*,*,#7224,.F.);
#3673=ORIENTED_EDGE('',*,*,#7225,.F.);
#3674=ORIENTED_EDGE('',*,*,#7226,.F.);
#3675=ORIENTED_EDGE('',*,*,#7227,.T.);
#3676=ORIENTED_EDGE('',*,*,#7221,.F.);
#3677=ORIENTED_EDGE('',*,*,#7228,.F.);
#3678=ORIENTED_EDGE('',*,*,#7229,.F.);
#3679=ORIENTED_EDGE('',*,*,#7230,.T.);
#3680=ORIENTED_EDGE('',*,*,#7231,.F.);
#3681=ORIENTED_EDGE('',*,*,#7232,.T.);
#3682=ORIENTED_EDGE('',*,*,#7233,.T.);
#3683=ORIENTED_EDGE('',*,*,#7234,.T.);
#3684=ORIENTED_EDGE('',*,*,#7233,.F.);
#3685=ORIENTED_EDGE('',*,*,#7224,.T.);
#3686=ORIENTED_EDGE('',*,*,#7234,.F.);
#3687=ORIENTED_EDGE('',*,*,#7225,.T.);
#3688=ORIENTED_EDGE('',*,*,#7235,.T.);
#3689=ORIENTED_EDGE('',*,*,#7236,.T.);
#3690=ORIENTED_EDGE('',*,*,#7237,.T.);
#3691=ORIENTED_EDGE('',*,*,#7238,.T.);
#3692=ORIENTED_EDGE('',*,*,#7239,.T.);
#3693=ORIENTED_EDGE('',*,*,#7240,.T.);
#3694=ORIENTED_EDGE('',*,*,#7241,.T.);
#3695=ORIENTED_EDGE('',*,*,#7242,.T.);
#3696=ORIENTED_EDGE('',*,*,#7243,.F.);
#3697=ORIENTED_EDGE('',*,*,#7244,.T.);
#3698=ORIENTED_EDGE('',*,*,#7245,.F.);
#3699=ORIENTED_EDGE('',*,*,#7246,.F.);
#3700=ORIENTED_EDGE('',*,*,#7245,.T.);
#3701=ORIENTED_EDGE('',*,*,#7247,.F.);
#3702=ORIENTED_EDGE('',*,*,#7248,.F.);
#3703=ORIENTED_EDGE('',*,*,#7249,.F.);
#3704=ORIENTED_EDGE('',*,*,#7243,.T.);
#3705=ORIENTED_EDGE('',*,*,#7250,.F.);
#3706=ORIENTED_EDGE('',*,*,#7251,.F.);
#3707=ORIENTED_EDGE('',*,*,#7238,.F.);
#3708=ORIENTED_EDGE('',*,*,#7248,.T.);
#3709=ORIENTED_EDGE('',*,*,#7252,.T.);
#3710=ORIENTED_EDGE('',*,*,#7251,.T.);
#3711=ORIENTED_EDGE('',*,*,#7253,.F.);
#3712=ORIENTED_EDGE('',*,*,#7254,.T.);
#3713=ORIENTED_EDGE('',*,*,#7255,.T.);
#3714=ORIENTED_EDGE('',*,*,#7256,.F.);
#3715=ORIENTED_EDGE('',*,*,#7257,.T.);
#3716=ORIENTED_EDGE('',*,*,#7258,.T.);
#3717=ORIENTED_EDGE('',*,*,#7253,.T.);
#3718=ORIENTED_EDGE('',*,*,#7259,.F.);
#3719=ORIENTED_EDGE('',*,*,#7260,.T.);
#3720=ORIENTED_EDGE('',*,*,#7261,.T.);
#3721=ORIENTED_EDGE('',*,*,#7249,.T.);
#3722=ORIENTED_EDGE('',*,*,#7258,.F.);
#3723=ORIENTED_EDGE('',*,*,#7262,.T.);
#3724=ORIENTED_EDGE('',*,*,#7263,.T.);
#3725=ORIENTED_EDGE('',*,*,#7246,.T.);
#3726=ORIENTED_EDGE('',*,*,#7261,.F.);
#3727=ORIENTED_EDGE('',*,*,#7264,.T.);
#3728=ORIENTED_EDGE('',*,*,#7259,.T.);
#3729=ORIENTED_EDGE('',*,*,#7250,.T.);
#3730=ORIENTED_EDGE('',*,*,#7263,.F.);
#3731=ORIENTED_EDGE('',*,*,#7265,.T.);
#3732=ORIENTED_EDGE('',*,*,#7266,.T.);
#3733=ORIENTED_EDGE('',*,*,#7267,.F.);
#3734=ORIENTED_EDGE('',*,*,#7268,.T.);
#3735=ORIENTED_EDGE('',*,*,#7255,.F.);
#3736=ORIENTED_EDGE('',*,*,#7269,.T.);
#3737=ORIENTED_EDGE('',*,*,#7270,.T.);
#3738=ORIENTED_EDGE('',*,*,#7266,.F.);
#3739=ORIENTED_EDGE('',*,*,#7271,.F.);
#3740=ORIENTED_EDGE('',*,*,#7256,.T.);
#3741=ORIENTED_EDGE('',*,*,#7272,.T.);
#3742=ORIENTED_EDGE('',*,*,#7273,.F.);
#3743=ORIENTED_EDGE('',*,*,#7274,.T.);
#3744=ORIENTED_EDGE('',*,*,#7273,.T.);
#3745=ORIENTED_EDGE('',*,*,#7275,.T.);
#3746=ORIENTED_EDGE('',*,*,#7276,.F.);
#3747=ORIENTED_EDGE('',*,*,#7277,.T.);
#3748=ORIENTED_EDGE('',*,*,#7278,.T.);
#3749=ORIENTED_EDGE('',*,*,#7272,.F.);
#3750=ORIENTED_EDGE('',*,*,#7268,.F.);
#3751=ORIENTED_EDGE('',*,*,#7279,.T.);
#3752=ORIENTED_EDGE('',*,*,#7278,.F.);
#3753=ORIENTED_EDGE('',*,*,#7242,.F.);
#3754=ORIENTED_EDGE('',*,*,#7269,.F.);
#3755=ORIENTED_EDGE('',*,*,#7275,.F.);
#3756=ORIENTED_EDGE('',*,*,#7276,.T.);
#3757=ORIENTED_EDGE('',*,*,#7271,.T.);
#3758=ORIENTED_EDGE('',*,*,#7254,.F.);
#3759=ORIENTED_EDGE('',*,*,#7280,.T.);
#3760=ORIENTED_EDGE('',*,*,#7281,.T.);
#3761=ORIENTED_EDGE('',*,*,#7247,.T.);
#3762=ORIENTED_EDGE('',*,*,#7282,.T.);
#3763=ORIENTED_EDGE('',*,*,#7283,.T.);
#3764=ORIENTED_EDGE('',*,*,#7284,.T.);
#3765=ORIENTED_EDGE('',*,*,#7285,.T.);
#3766=ORIENTED_EDGE('',*,*,#7286,.T.);
#3767=ORIENTED_EDGE('',*,*,#7287,.T.);
#3768=ORIENTED_EDGE('',*,*,#7288,.F.);
#3769=ORIENTED_EDGE('',*,*,#7289,.T.);
#3770=ORIENTED_EDGE('',*,*,#7290,.F.);
#3771=ORIENTED_EDGE('',*,*,#7291,.F.);
#3772=ORIENTED_EDGE('',*,*,#7290,.T.);
#3773=ORIENTED_EDGE('',*,*,#7292,.F.);
#3774=ORIENTED_EDGE('',*,*,#7293,.F.);
#3775=ORIENTED_EDGE('',*,*,#7294,.F.);
#3776=ORIENTED_EDGE('',*,*,#7288,.T.);
#3777=ORIENTED_EDGE('',*,*,#7295,.F.);
#3778=ORIENTED_EDGE('',*,*,#7296,.F.);
#3779=ORIENTED_EDGE('',*,*,#7283,.F.);
#3780=ORIENTED_EDGE('',*,*,#7293,.T.);
#3781=ORIENTED_EDGE('',*,*,#7297,.T.);
#3782=ORIENTED_EDGE('',*,*,#7296,.T.);
#3783=ORIENTED_EDGE('',*,*,#7298,.F.);
#3784=ORIENTED_EDGE('',*,*,#7299,.T.);
#3785=ORIENTED_EDGE('',*,*,#7300,.T.);
#3786=ORIENTED_EDGE('',*,*,#7301,.F.);
#3787=ORIENTED_EDGE('',*,*,#7302,.T.);
#3788=ORIENTED_EDGE('',*,*,#7303,.T.);
#3789=ORIENTED_EDGE('',*,*,#7298,.T.);
#3790=ORIENTED_EDGE('',*,*,#7304,.F.);
#3791=ORIENTED_EDGE('',*,*,#7305,.T.);
#3792=ORIENTED_EDGE('',*,*,#7306,.T.);
#3793=ORIENTED_EDGE('',*,*,#7294,.T.);
#3794=ORIENTED_EDGE('',*,*,#7303,.F.);
#3795=ORIENTED_EDGE('',*,*,#7307,.T.);
#3796=ORIENTED_EDGE('',*,*,#7308,.T.);
#3797=ORIENTED_EDGE('',*,*,#7291,.T.);
#3798=ORIENTED_EDGE('',*,*,#7306,.F.);
#3799=ORIENTED_EDGE('',*,*,#7309,.T.);
#3800=ORIENTED_EDGE('',*,*,#7304,.T.);
#3801=ORIENTED_EDGE('',*,*,#7295,.T.);
#3802=ORIENTED_EDGE('',*,*,#7308,.F.);
#3803=ORIENTED_EDGE('',*,*,#7310,.T.);
#3804=ORIENTED_EDGE('',*,*,#7311,.T.);
#3805=ORIENTED_EDGE('',*,*,#7240,.F.);
#3806=ORIENTED_EDGE('',*,*,#7312,.T.);
#3807=ORIENTED_EDGE('',*,*,#7300,.F.);
#3808=ORIENTED_EDGE('',*,*,#7313,.T.);
#3809=ORIENTED_EDGE('',*,*,#7314,.T.);
#3810=ORIENTED_EDGE('',*,*,#7311,.F.);
#3811=ORIENTED_EDGE('',*,*,#7315,.F.);
#3812=ORIENTED_EDGE('',*,*,#7301,.T.);
#3813=ORIENTED_EDGE('',*,*,#7316,.T.);
#3814=ORIENTED_EDGE('',*,*,#7317,.F.);
#3815=ORIENTED_EDGE('',*,*,#7318,.T.);
#3816=ORIENTED_EDGE('',*,*,#7317,.T.);
#3817=ORIENTED_EDGE('',*,*,#7319,.T.);
#3818=ORIENTED_EDGE('',*,*,#7320,.F.);
#3819=ORIENTED_EDGE('',*,*,#7321,.T.);
#3820=ORIENTED_EDGE('',*,*,#7322,.T.);
#3821=ORIENTED_EDGE('',*,*,#7316,.F.);
#3822=ORIENTED_EDGE('',*,*,#7312,.F.);
#3823=ORIENTED_EDGE('',*,*,#7323,.T.);
#3824=ORIENTED_EDGE('',*,*,#7322,.F.);
#3825=ORIENTED_EDGE('',*,*,#7287,.F.);
#3826=ORIENTED_EDGE('',*,*,#7313,.F.);
#3827=ORIENTED_EDGE('',*,*,#7319,.F.);
#3828=ORIENTED_EDGE('',*,*,#7320,.T.);
#3829=ORIENTED_EDGE('',*,*,#7315,.T.);
#3830=ORIENTED_EDGE('',*,*,#7299,.F.);
#3831=ORIENTED_EDGE('',*,*,#7324,.T.);
#3832=ORIENTED_EDGE('',*,*,#7325,.T.);
#3833=ORIENTED_EDGE('',*,*,#7292,.T.);
#3834=ORIENTED_EDGE('',*,*,#7326,.T.);
#3835=ORIENTED_EDGE('',*,*,#7327,.T.);
#3836=ORIENTED_EDGE('',*,*,#7328,.T.);
#3837=ORIENTED_EDGE('',*,*,#7329,.T.);
#3838=ORIENTED_EDGE('',*,*,#7330,.T.);
#3839=ORIENTED_EDGE('',*,*,#7331,.T.);
#3840=ORIENTED_EDGE('',*,*,#7332,.F.);
#3841=ORIENTED_EDGE('',*,*,#7333,.T.);
#3842=ORIENTED_EDGE('',*,*,#7334,.F.);
#3843=ORIENTED_EDGE('',*,*,#7335,.F.);
#3844=ORIENTED_EDGE('',*,*,#7334,.T.);
#3845=ORIENTED_EDGE('',*,*,#7336,.F.);
#3846=ORIENTED_EDGE('',*,*,#7337,.F.);
#3847=ORIENTED_EDGE('',*,*,#7338,.F.);
#3848=ORIENTED_EDGE('',*,*,#7332,.T.);
#3849=ORIENTED_EDGE('',*,*,#7339,.F.);
#3850=ORIENTED_EDGE('',*,*,#7340,.F.);
#3851=ORIENTED_EDGE('',*,*,#7327,.F.);
#3852=ORIENTED_EDGE('',*,*,#7337,.T.);
#3853=ORIENTED_EDGE('',*,*,#7341,.T.);
#3854=ORIENTED_EDGE('',*,*,#7340,.T.);
#3855=ORIENTED_EDGE('',*,*,#7342,.F.);
#3856=ORIENTED_EDGE('',*,*,#7343,.T.);
#3857=ORIENTED_EDGE('',*,*,#7344,.T.);
#3858=ORIENTED_EDGE('',*,*,#7345,.F.);
#3859=ORIENTED_EDGE('',*,*,#7346,.T.);
#3860=ORIENTED_EDGE('',*,*,#7347,.T.);
#3861=ORIENTED_EDGE('',*,*,#7342,.T.);
#3862=ORIENTED_EDGE('',*,*,#7348,.F.);
#3863=ORIENTED_EDGE('',*,*,#7349,.T.);
#3864=ORIENTED_EDGE('',*,*,#7350,.T.);
#3865=ORIENTED_EDGE('',*,*,#7338,.T.);
#3866=ORIENTED_EDGE('',*,*,#7347,.F.);
#3867=ORIENTED_EDGE('',*,*,#7351,.T.);
#3868=ORIENTED_EDGE('',*,*,#7352,.T.);
#3869=ORIENTED_EDGE('',*,*,#7335,.T.);
#3870=ORIENTED_EDGE('',*,*,#7350,.F.);
#3871=ORIENTED_EDGE('',*,*,#7353,.T.);
#3872=ORIENTED_EDGE('',*,*,#7348,.T.);
#3873=ORIENTED_EDGE('',*,*,#7339,.T.);
#3874=ORIENTED_EDGE('',*,*,#7352,.F.);
#3875=ORIENTED_EDGE('',*,*,#7354,.T.);
#3876=ORIENTED_EDGE('',*,*,#7355,.T.);
#3877=ORIENTED_EDGE('',*,*,#7285,.F.);
#3878=ORIENTED_EDGE('',*,*,#7356,.T.);
#3879=ORIENTED_EDGE('',*,*,#7344,.F.);
#3880=ORIENTED_EDGE('',*,*,#7357,.T.);
#3881=ORIENTED_EDGE('',*,*,#7358,.T.);
#3882=ORIENTED_EDGE('',*,*,#7355,.F.);
#3883=ORIENTED_EDGE('',*,*,#7359,.F.);
#3884=ORIENTED_EDGE('',*,*,#7345,.T.);
#3885=ORIENTED_EDGE('',*,*,#7360,.T.);
#3886=ORIENTED_EDGE('',*,*,#7361,.F.);
#3887=ORIENTED_EDGE('',*,*,#7362,.T.);
#3888=ORIENTED_EDGE('',*,*,#7361,.T.);
#3889=ORIENTED_EDGE('',*,*,#7363,.T.);
#3890=ORIENTED_EDGE('',*,*,#7364,.F.);
#3891=ORIENTED_EDGE('',*,*,#7365,.T.);
#3892=ORIENTED_EDGE('',*,*,#7366,.T.);
#3893=ORIENTED_EDGE('',*,*,#7360,.F.);
#3894=ORIENTED_EDGE('',*,*,#7356,.F.);
#3895=ORIENTED_EDGE('',*,*,#7367,.T.);
#3896=ORIENTED_EDGE('',*,*,#7366,.F.);
#3897=ORIENTED_EDGE('',*,*,#7331,.F.);
#3898=ORIENTED_EDGE('',*,*,#7357,.F.);
#3899=ORIENTED_EDGE('',*,*,#7363,.F.);
#3900=ORIENTED_EDGE('',*,*,#7364,.T.);
#3901=ORIENTED_EDGE('',*,*,#7359,.T.);
#3902=ORIENTED_EDGE('',*,*,#7343,.F.);
#3903=ORIENTED_EDGE('',*,*,#7368,.T.);
#3904=ORIENTED_EDGE('',*,*,#7369,.T.);
#3905=ORIENTED_EDGE('',*,*,#7336,.T.);
#3906=ORIENTED_EDGE('',*,*,#7370,.T.);
#3907=ORIENTED_EDGE('',*,*,#7371,.T.);
#3908=ORIENTED_EDGE('',*,*,#7372,.T.);
#3909=ORIENTED_EDGE('',*,*,#7373,.T.);
#3910=ORIENTED_EDGE('',*,*,#7374,.T.);
#3911=ORIENTED_EDGE('',*,*,#7375,.T.);
#3912=ORIENTED_EDGE('',*,*,#7376,.F.);
#3913=ORIENTED_EDGE('',*,*,#7377,.T.);
#3914=ORIENTED_EDGE('',*,*,#7378,.F.);
#3915=ORIENTED_EDGE('',*,*,#7379,.F.);
#3916=ORIENTED_EDGE('',*,*,#7378,.T.);
#3917=ORIENTED_EDGE('',*,*,#7380,.F.);
#3918=ORIENTED_EDGE('',*,*,#7381,.F.);
#3919=ORIENTED_EDGE('',*,*,#7382,.F.);
#3920=ORIENTED_EDGE('',*,*,#7376,.T.);
#3921=ORIENTED_EDGE('',*,*,#7383,.F.);
#3922=ORIENTED_EDGE('',*,*,#7384,.F.);
#3923=ORIENTED_EDGE('',*,*,#7371,.F.);
#3924=ORIENTED_EDGE('',*,*,#7381,.T.);
#3925=ORIENTED_EDGE('',*,*,#7385,.T.);
#3926=ORIENTED_EDGE('',*,*,#7384,.T.);
#3927=ORIENTED_EDGE('',*,*,#7386,.F.);
#3928=ORIENTED_EDGE('',*,*,#7387,.T.);
#3929=ORIENTED_EDGE('',*,*,#7388,.T.);
#3930=ORIENTED_EDGE('',*,*,#7389,.F.);
#3931=ORIENTED_EDGE('',*,*,#7390,.T.);
#3932=ORIENTED_EDGE('',*,*,#7391,.T.);
#3933=ORIENTED_EDGE('',*,*,#7386,.T.);
#3934=ORIENTED_EDGE('',*,*,#7392,.F.);
#3935=ORIENTED_EDGE('',*,*,#7393,.T.);
#3936=ORIENTED_EDGE('',*,*,#7394,.T.);
#3937=ORIENTED_EDGE('',*,*,#7382,.T.);
#3938=ORIENTED_EDGE('',*,*,#7391,.F.);
#3939=ORIENTED_EDGE('',*,*,#7395,.T.);
#3940=ORIENTED_EDGE('',*,*,#7396,.T.);
#3941=ORIENTED_EDGE('',*,*,#7379,.T.);
#3942=ORIENTED_EDGE('',*,*,#7394,.F.);
#3943=ORIENTED_EDGE('',*,*,#7397,.T.);
#3944=ORIENTED_EDGE('',*,*,#7392,.T.);
#3945=ORIENTED_EDGE('',*,*,#7383,.T.);
#3946=ORIENTED_EDGE('',*,*,#7396,.F.);
#3947=ORIENTED_EDGE('',*,*,#7398,.T.);
#3948=ORIENTED_EDGE('',*,*,#7399,.T.);
#3949=ORIENTED_EDGE('',*,*,#7329,.F.);
#3950=ORIENTED_EDGE('',*,*,#7400,.T.);
#3951=ORIENTED_EDGE('',*,*,#7388,.F.);
#3952=ORIENTED_EDGE('',*,*,#7401,.T.);
#3953=ORIENTED_EDGE('',*,*,#7402,.T.);
#3954=ORIENTED_EDGE('',*,*,#7399,.F.);
#3955=ORIENTED_EDGE('',*,*,#7403,.F.);
#3956=ORIENTED_EDGE('',*,*,#7389,.T.);
#3957=ORIENTED_EDGE('',*,*,#7404,.T.);
#3958=ORIENTED_EDGE('',*,*,#7405,.F.);
#3959=ORIENTED_EDGE('',*,*,#7406,.T.);
#3960=ORIENTED_EDGE('',*,*,#7405,.T.);
#3961=ORIENTED_EDGE('',*,*,#7407,.T.);
#3962=ORIENTED_EDGE('',*,*,#7408,.F.);
#3963=ORIENTED_EDGE('',*,*,#7409,.T.);
#3964=ORIENTED_EDGE('',*,*,#7410,.T.);
#3965=ORIENTED_EDGE('',*,*,#7404,.F.);
#3966=ORIENTED_EDGE('',*,*,#7400,.F.);
#3967=ORIENTED_EDGE('',*,*,#7411,.T.);
#3968=ORIENTED_EDGE('',*,*,#7410,.F.);
#3969=ORIENTED_EDGE('',*,*,#7375,.F.);
#3970=ORIENTED_EDGE('',*,*,#7401,.F.);
#3971=ORIENTED_EDGE('',*,*,#7407,.F.);
#3972=ORIENTED_EDGE('',*,*,#7408,.T.);
#3973=ORIENTED_EDGE('',*,*,#7403,.T.);
#3974=ORIENTED_EDGE('',*,*,#7387,.F.);
#3975=ORIENTED_EDGE('',*,*,#7412,.T.);
#3976=ORIENTED_EDGE('',*,*,#7413,.T.);
#3977=ORIENTED_EDGE('',*,*,#7380,.T.);
#3978=ORIENTED_EDGE('',*,*,#7414,.T.);
#3979=ORIENTED_EDGE('',*,*,#7415,.T.);
#3980=ORIENTED_EDGE('',*,*,#7416,.T.);
#3981=ORIENTED_EDGE('',*,*,#7417,.T.);
#3982=ORIENTED_EDGE('',*,*,#7418,.T.);
#3983=ORIENTED_EDGE('',*,*,#7419,.T.);
#3984=ORIENTED_EDGE('',*,*,#7420,.F.);
#3985=ORIENTED_EDGE('',*,*,#7421,.T.);
#3986=ORIENTED_EDGE('',*,*,#7422,.F.);
#3987=ORIENTED_EDGE('',*,*,#7423,.F.);
#3988=ORIENTED_EDGE('',*,*,#7422,.T.);
#3989=ORIENTED_EDGE('',*,*,#7424,.F.);
#3990=ORIENTED_EDGE('',*,*,#7425,.F.);
#3991=ORIENTED_EDGE('',*,*,#7426,.F.);
#3992=ORIENTED_EDGE('',*,*,#7420,.T.);
#3993=ORIENTED_EDGE('',*,*,#7427,.F.);
#3994=ORIENTED_EDGE('',*,*,#7428,.F.);
#3995=ORIENTED_EDGE('',*,*,#7415,.F.);
#3996=ORIENTED_EDGE('',*,*,#7425,.T.);
#3997=ORIENTED_EDGE('',*,*,#7429,.T.);
#3998=ORIENTED_EDGE('',*,*,#7428,.T.);
#3999=ORIENTED_EDGE('',*,*,#7430,.F.);
#4000=ORIENTED_EDGE('',*,*,#7431,.T.);
#4001=ORIENTED_EDGE('',*,*,#7432,.T.);
#4002=ORIENTED_EDGE('',*,*,#7433,.F.);
#4003=ORIENTED_EDGE('',*,*,#7434,.T.);
#4004=ORIENTED_EDGE('',*,*,#7435,.T.);
#4005=ORIENTED_EDGE('',*,*,#7430,.T.);
#4006=ORIENTED_EDGE('',*,*,#7436,.F.);
#4007=ORIENTED_EDGE('',*,*,#7437,.T.);
#4008=ORIENTED_EDGE('',*,*,#7438,.T.);
#4009=ORIENTED_EDGE('',*,*,#7426,.T.);
#4010=ORIENTED_EDGE('',*,*,#7435,.F.);
#4011=ORIENTED_EDGE('',*,*,#7439,.T.);
#4012=ORIENTED_EDGE('',*,*,#7440,.T.);
#4013=ORIENTED_EDGE('',*,*,#7423,.T.);
#4014=ORIENTED_EDGE('',*,*,#7438,.F.);
#4015=ORIENTED_EDGE('',*,*,#7441,.T.);
#4016=ORIENTED_EDGE('',*,*,#7436,.T.);
#4017=ORIENTED_EDGE('',*,*,#7427,.T.);
#4018=ORIENTED_EDGE('',*,*,#7440,.F.);
#4019=ORIENTED_EDGE('',*,*,#7442,.T.);
#4020=ORIENTED_EDGE('',*,*,#7443,.T.);
#4021=ORIENTED_EDGE('',*,*,#7373,.F.);
#4022=ORIENTED_EDGE('',*,*,#7444,.T.);
#4023=ORIENTED_EDGE('',*,*,#7432,.F.);
#4024=ORIENTED_EDGE('',*,*,#7445,.T.);
#4025=ORIENTED_EDGE('',*,*,#7446,.T.);
#4026=ORIENTED_EDGE('',*,*,#7443,.F.);
#4027=ORIENTED_EDGE('',*,*,#7447,.F.);
#4028=ORIENTED_EDGE('',*,*,#7433,.T.);
#4029=ORIENTED_EDGE('',*,*,#7448,.T.);
#4030=ORIENTED_EDGE('',*,*,#7449,.F.);
#4031=ORIENTED_EDGE('',*,*,#7450,.T.);
#4032=ORIENTED_EDGE('',*,*,#7449,.T.);
#4033=ORIENTED_EDGE('',*,*,#7451,.T.);
#4034=ORIENTED_EDGE('',*,*,#7452,.F.);
#4035=ORIENTED_EDGE('',*,*,#7453,.T.);
#4036=ORIENTED_EDGE('',*,*,#7454,.T.);
#4037=ORIENTED_EDGE('',*,*,#7448,.F.);
#4038=ORIENTED_EDGE('',*,*,#7444,.F.);
#4039=ORIENTED_EDGE('',*,*,#7455,.T.);
#4040=ORIENTED_EDGE('',*,*,#7454,.F.);
#4041=ORIENTED_EDGE('',*,*,#7419,.F.);
#4042=ORIENTED_EDGE('',*,*,#7445,.F.);
#4043=ORIENTED_EDGE('',*,*,#7451,.F.);
#4044=ORIENTED_EDGE('',*,*,#7452,.T.);
#4045=ORIENTED_EDGE('',*,*,#7447,.T.);
#4046=ORIENTED_EDGE('',*,*,#7431,.F.);
#4047=ORIENTED_EDGE('',*,*,#7456,.T.);
#4048=ORIENTED_EDGE('',*,*,#7457,.T.);
#4049=ORIENTED_EDGE('',*,*,#7424,.T.);
#4050=ORIENTED_EDGE('',*,*,#7458,.T.);
#4051=ORIENTED_EDGE('',*,*,#7459,.T.);
#4052=ORIENTED_EDGE('',*,*,#7460,.T.);
#4053=ORIENTED_EDGE('',*,*,#7135,.T.);
#4054=ORIENTED_EDGE('',*,*,#7461,.T.);
#4055=ORIENTED_EDGE('',*,*,#7462,.T.);
#4056=ORIENTED_EDGE('',*,*,#7463,.F.);
#4057=ORIENTED_EDGE('',*,*,#7464,.T.);
#4058=ORIENTED_EDGE('',*,*,#7465,.F.);
#4059=ORIENTED_EDGE('',*,*,#7466,.F.);
#4060=ORIENTED_EDGE('',*,*,#7465,.T.);
#4061=ORIENTED_EDGE('',*,*,#7104,.F.);
#4062=ORIENTED_EDGE('',*,*,#7467,.F.);
#4063=ORIENTED_EDGE('',*,*,#7468,.F.);
#4064=ORIENTED_EDGE('',*,*,#7463,.T.);
#4065=ORIENTED_EDGE('',*,*,#7469,.F.);
#4066=ORIENTED_EDGE('',*,*,#7470,.F.);
#4067=ORIENTED_EDGE('',*,*,#7459,.F.);
#4068=ORIENTED_EDGE('',*,*,#7467,.T.);
#4069=ORIENTED_EDGE('',*,*,#7471,.T.);
#4070=ORIENTED_EDGE('',*,*,#7470,.T.);
#4071=ORIENTED_EDGE('',*,*,#7472,.F.);
#4072=ORIENTED_EDGE('',*,*,#7473,.T.);
#4073=ORIENTED_EDGE('',*,*,#7474,.T.);
#4074=ORIENTED_EDGE('',*,*,#7475,.F.);
#4075=ORIENTED_EDGE('',*,*,#7476,.T.);
#4076=ORIENTED_EDGE('',*,*,#7477,.T.);
#4077=ORIENTED_EDGE('',*,*,#7472,.T.);
#4078=ORIENTED_EDGE('',*,*,#7478,.F.);
#4079=ORIENTED_EDGE('',*,*,#7479,.T.);
#4080=ORIENTED_EDGE('',*,*,#7480,.T.);
#4081=ORIENTED_EDGE('',*,*,#7468,.T.);
#4082=ORIENTED_EDGE('',*,*,#7477,.F.);
#4083=ORIENTED_EDGE('',*,*,#7481,.T.);
#4084=ORIENTED_EDGE('',*,*,#7482,.T.);
#4085=ORIENTED_EDGE('',*,*,#7466,.T.);
#4086=ORIENTED_EDGE('',*,*,#7480,.F.);
#4087=ORIENTED_EDGE('',*,*,#7483,.T.);
#4088=ORIENTED_EDGE('',*,*,#7478,.T.);
#4089=ORIENTED_EDGE('',*,*,#7469,.T.);
#4090=ORIENTED_EDGE('',*,*,#7482,.F.);
#4091=ORIENTED_EDGE('',*,*,#7484,.T.);
#4092=ORIENTED_EDGE('',*,*,#7485,.T.);
#4093=ORIENTED_EDGE('',*,*,#7417,.F.);
#4094=ORIENTED_EDGE('',*,*,#7486,.T.);
#4095=ORIENTED_EDGE('',*,*,#7474,.F.);
#4096=ORIENTED_EDGE('',*,*,#7487,.T.);
#4097=ORIENTED_EDGE('',*,*,#7488,.T.);
#4098=ORIENTED_EDGE('',*,*,#7485,.F.);
#4099=ORIENTED_EDGE('',*,*,#7489,.F.);
#4100=ORIENTED_EDGE('',*,*,#7475,.T.);
#4101=ORIENTED_EDGE('',*,*,#7490,.T.);
#4102=ORIENTED_EDGE('',*,*,#7491,.F.);
#4103=ORIENTED_EDGE('',*,*,#7492,.T.);
#4104=ORIENTED_EDGE('',*,*,#7491,.T.);
#4105=ORIENTED_EDGE('',*,*,#7493,.T.);
#4106=ORIENTED_EDGE('',*,*,#7494,.F.);
#4107=ORIENTED_EDGE('',*,*,#7495,.T.);
#4108=ORIENTED_EDGE('',*,*,#7496,.T.);
#4109=ORIENTED_EDGE('',*,*,#7490,.F.);
#4110=ORIENTED_EDGE('',*,*,#7486,.F.);
#4111=ORIENTED_EDGE('',*,*,#7497,.T.);
#4112=ORIENTED_EDGE('',*,*,#7496,.F.);
#4113=ORIENTED_EDGE('',*,*,#7462,.F.);
#4114=ORIENTED_EDGE('',*,*,#7487,.F.);
#4115=ORIENTED_EDGE('',*,*,#7493,.F.);
#4116=ORIENTED_EDGE('',*,*,#7494,.T.);
#4117=ORIENTED_EDGE('',*,*,#7489,.T.);
#4118=ORIENTED_EDGE('',*,*,#7473,.F.);
#4119=ORIENTED_EDGE('',*,*,#7498,.T.);
#4120=ORIENTED_EDGE('',*,*,#7499,.T.);
#4121=ORIENTED_EDGE('',*,*,#7267,.T.);
#4122=ORIENTED_EDGE('',*,*,#7500,.T.);
#4123=ORIENTED_EDGE('',*,*,#7501,.T.);
#4124=ORIENTED_EDGE('',*,*,#7502,.T.);
#4125=ORIENTED_EDGE('',*,*,#7115,.T.);
#4126=ORIENTED_EDGE('',*,*,#7503,.T.);
#4127=ORIENTED_EDGE('',*,*,#7504,.T.);
#4128=ORIENTED_EDGE('',*,*,#7505,.F.);
#4129=ORIENTED_EDGE('',*,*,#7506,.T.);
#4130=ORIENTED_EDGE('',*,*,#7507,.T.);
#4131=ORIENTED_EDGE('',*,*,#7508,.T.);
#4132=ORIENTED_EDGE('',*,*,#7509,.T.);
#4133=ORIENTED_EDGE('',*,*,#7226,.T.);
#4134=ORIENTED_EDGE('',*,*,#7510,.T.);
#4135=ORIENTED_EDGE('',*,*,#7168,.F.);
#4136=ORIENTED_EDGE('',*,*,#7511,.F.);
#4137=ORIENTED_EDGE('',*,*,#7512,.F.);
#4138=ORIENTED_EDGE('',*,*,#7513,.T.);
#4139=ORIENTED_EDGE('',*,*,#7164,.F.);
#4140=ORIENTED_EDGE('',*,*,#7514,.T.);
#4141=ORIENTED_EDGE('',*,*,#7515,.F.);
#4142=ORIENTED_EDGE('',*,*,#7205,.F.);
#4143=ORIENTED_EDGE('',*,*,#7173,.T.);
#4144=ORIENTED_EDGE('',*,*,#7102,.F.);
#4145=ORIENTED_EDGE('',*,*,#7130,.F.);
#4146=ORIENTED_EDGE('',*,*,#7128,.F.);
#4147=ORIENTED_EDGE('',*,*,#7133,.F.);
#4148=ORIENTED_EDGE('',*,*,#7132,.F.);
#4149=ORIENTED_EDGE('',*,*,#7142,.F.);
#4150=ORIENTED_EDGE('',*,*,#7145,.F.);
#4151=ORIENTED_EDGE('',*,*,#7148,.F.);
#4152=ORIENTED_EDGE('',*,*,#7125,.F.);
#4153=ORIENTED_EDGE('',*,*,#7190,.F.);
#4154=ORIENTED_EDGE('',*,*,#7192,.F.);
#4155=ORIENTED_EDGE('',*,*,#7262,.F.);
#4156=ORIENTED_EDGE('',*,*,#7260,.F.);
#4157=ORIENTED_EDGE('',*,*,#7265,.F.);
#4158=ORIENTED_EDGE('',*,*,#7264,.F.);
#4159=ORIENTED_EDGE('',*,*,#7274,.F.);
#4160=ORIENTED_EDGE('',*,*,#7277,.F.);
#4161=ORIENTED_EDGE('',*,*,#7280,.F.);
#4162=ORIENTED_EDGE('',*,*,#7257,.F.);
#4163=ORIENTED_EDGE('',*,*,#7307,.F.);
#4164=ORIENTED_EDGE('',*,*,#7305,.F.);
#4165=ORIENTED_EDGE('',*,*,#7310,.F.);
#4166=ORIENTED_EDGE('',*,*,#7309,.F.);
#4167=ORIENTED_EDGE('',*,*,#7318,.F.);
#4168=ORIENTED_EDGE('',*,*,#7321,.F.);
#4169=ORIENTED_EDGE('',*,*,#7324,.F.);
#4170=ORIENTED_EDGE('',*,*,#7302,.F.);
#4171=ORIENTED_EDGE('',*,*,#7351,.F.);
#4172=ORIENTED_EDGE('',*,*,#7349,.F.);
#4173=ORIENTED_EDGE('',*,*,#7354,.F.);
#4174=ORIENTED_EDGE('',*,*,#7353,.F.);
#4175=ORIENTED_EDGE('',*,*,#7362,.F.);
#4176=ORIENTED_EDGE('',*,*,#7365,.F.);
#4177=ORIENTED_EDGE('',*,*,#7368,.F.);
#4178=ORIENTED_EDGE('',*,*,#7346,.F.);
#4179=ORIENTED_EDGE('',*,*,#7395,.F.);
#4180=ORIENTED_EDGE('',*,*,#7393,.F.);
#4181=ORIENTED_EDGE('',*,*,#7398,.F.);
#4182=ORIENTED_EDGE('',*,*,#7397,.F.);
#4183=ORIENTED_EDGE('',*,*,#7406,.F.);
#4184=ORIENTED_EDGE('',*,*,#7409,.F.);
#4185=ORIENTED_EDGE('',*,*,#7412,.F.);
#4186=ORIENTED_EDGE('',*,*,#7390,.F.);
#4187=ORIENTED_EDGE('',*,*,#7439,.F.);
#4188=ORIENTED_EDGE('',*,*,#7437,.F.);
#4189=ORIENTED_EDGE('',*,*,#7442,.F.);
#4190=ORIENTED_EDGE('',*,*,#7441,.F.);
#4191=ORIENTED_EDGE('',*,*,#7450,.F.);
#4192=ORIENTED_EDGE('',*,*,#7453,.F.);
#4193=ORIENTED_EDGE('',*,*,#7456,.F.);
#4194=ORIENTED_EDGE('',*,*,#7434,.F.);
#4195=ORIENTED_EDGE('',*,*,#7481,.F.);
#4196=ORIENTED_EDGE('',*,*,#7479,.F.);
#4197=ORIENTED_EDGE('',*,*,#7484,.F.);
#4198=ORIENTED_EDGE('',*,*,#7483,.F.);
#4199=ORIENTED_EDGE('',*,*,#7492,.F.);
#4200=ORIENTED_EDGE('',*,*,#7495,.F.);
#4201=ORIENTED_EDGE('',*,*,#7498,.F.);
#4202=ORIENTED_EDGE('',*,*,#7476,.F.);
#4203=ORIENTED_EDGE('',*,*,#7516,.T.);
#4204=ORIENTED_EDGE('',*,*,#7219,.F.);
#4205=ORIENTED_EDGE('',*,*,#7196,.F.);
#4206=ORIENTED_EDGE('',*,*,#7199,.F.);
#4207=ORIENTED_EDGE('',*,*,#7202,.F.);
#4208=ORIENTED_EDGE('',*,*,#7206,.F.);
#4209=ORIENTED_EDGE('',*,*,#7515,.T.);
#4210=ORIENTED_EDGE('',*,*,#7517,.T.);
#4211=ORIENTED_EDGE('',*,*,#7518,.F.);
#4212=ORIENTED_EDGE('',*,*,#7519,.F.);
#4213=ORIENTED_EDGE('',*,*,#7520,.F.);
#4214=ORIENTED_EDGE('',*,*,#7521,.F.);
#4215=ORIENTED_EDGE('',*,*,#7522,.F.);
#4216=ORIENTED_EDGE('',*,*,#7523,.F.);
#4217=ORIENTED_EDGE('',*,*,#7524,.F.);
#4218=ORIENTED_EDGE('',*,*,#7525,.F.);
#4219=ORIENTED_EDGE('',*,*,#7526,.F.);
#4220=ORIENTED_EDGE('',*,*,#7527,.F.);
#4221=ORIENTED_EDGE('',*,*,#7528,.F.);
#4222=ORIENTED_EDGE('',*,*,#7529,.F.);
#4223=ORIENTED_EDGE('',*,*,#7530,.F.);
#4224=ORIENTED_EDGE('',*,*,#7228,.T.);
#4225=ORIENTED_EDGE('',*,*,#7220,.T.);
#4226=ORIENTED_EDGE('',*,*,#7516,.F.);
#4227=ORIENTED_EDGE('',*,*,#7531,.T.);
#4228=ORIENTED_EDGE('',*,*,#7229,.T.);
#4229=ORIENTED_EDGE('',*,*,#7530,.T.);
#4230=ORIENTED_EDGE('',*,*,#7517,.F.);
#4231=ORIENTED_EDGE('',*,*,#7514,.F.);
#4232=ORIENTED_EDGE('',*,*,#7172,.F.);
#4233=ORIENTED_EDGE('',*,*,#7532,.T.);
#4234=ORIENTED_EDGE('',*,*,#7231,.T.);
#4235=ORIENTED_EDGE('',*,*,#7533,.T.);
#4236=ORIENTED_EDGE('',*,*,#7170,.F.);
#4237=ORIENTED_EDGE('',*,*,#7232,.F.);
#4238=ORIENTED_EDGE('',*,*,#7532,.F.);
#4239=ORIENTED_EDGE('',*,*,#7169,.F.);
#4240=ORIENTED_EDGE('',*,*,#7510,.F.);
#4241=ORIENTED_EDGE('',*,*,#7227,.F.);
#4242=ORIENTED_EDGE('',*,*,#7509,.F.);
#4243=ORIENTED_EDGE('',*,*,#7163,.F.);
#4244=ORIENTED_EDGE('',*,*,#7222,.F.);
#4245=ORIENTED_EDGE('',*,*,#7230,.F.);
#4246=ORIENTED_EDGE('',*,*,#7531,.F.);
#4247=ORIENTED_EDGE('',*,*,#7171,.F.);
#4248=ORIENTED_EDGE('',*,*,#7533,.F.);
#4249=ORIENTED_EDGE('',*,*,#7534,.T.);
#4250=ORIENTED_EDGE('',*,*,#7535,.T.);
#4251=ORIENTED_EDGE('',*,*,#7536,.F.);
#4252=ORIENTED_EDGE('',*,*,#7527,.T.);
#4253=ORIENTED_EDGE('',*,*,#7537,.T.);
#4254=ORIENTED_EDGE('',*,*,#7538,.T.);
#4255=ORIENTED_EDGE('',*,*,#7534,.F.);
#4256=ORIENTED_EDGE('',*,*,#7526,.T.);
#4257=ORIENTED_EDGE('',*,*,#7539,.T.);
#4258=ORIENTED_EDGE('',*,*,#7540,.T.);
#4259=ORIENTED_EDGE('',*,*,#7537,.F.);
#4260=ORIENTED_EDGE('',*,*,#7529,.T.);
#4261=ORIENTED_EDGE('',*,*,#7536,.T.);
#4262=ORIENTED_EDGE('',*,*,#7541,.T.);
#4263=ORIENTED_EDGE('',*,*,#7539,.F.);
#4264=ORIENTED_EDGE('',*,*,#7528,.T.);
#4265=ORIENTED_EDGE('',*,*,#7542,.T.);
#4266=ORIENTED_EDGE('',*,*,#7543,.T.);
#4267=ORIENTED_EDGE('',*,*,#7544,.F.);
#4268=ORIENTED_EDGE('',*,*,#7523,.T.);
#4269=ORIENTED_EDGE('',*,*,#7545,.T.);
#4270=ORIENTED_EDGE('',*,*,#7546,.T.);
#4271=ORIENTED_EDGE('',*,*,#7542,.F.);
#4272=ORIENTED_EDGE('',*,*,#7522,.T.);
#4273=ORIENTED_EDGE('',*,*,#7547,.T.);
#4274=ORIENTED_EDGE('',*,*,#7548,.T.);
#4275=ORIENTED_EDGE('',*,*,#7545,.F.);
#4276=ORIENTED_EDGE('',*,*,#7525,.T.);
#4277=ORIENTED_EDGE('',*,*,#7544,.T.);
#4278=ORIENTED_EDGE('',*,*,#7549,.T.);
#4279=ORIENTED_EDGE('',*,*,#7547,.F.);
#4280=ORIENTED_EDGE('',*,*,#7524,.T.);
#4281=ORIENTED_EDGE('',*,*,#7550,.T.);
#4282=ORIENTED_EDGE('',*,*,#7551,.T.);
#4283=ORIENTED_EDGE('',*,*,#7552,.T.);
#4284=ORIENTED_EDGE('',*,*,#7553,.T.);
#4285=ORIENTED_EDGE('',*,*,#7179,.T.);
#4286=ORIENTED_EDGE('',*,*,#7554,.F.);
#4287=ORIENTED_EDGE('',*,*,#7553,.F.);
#4288=ORIENTED_EDGE('',*,*,#7555,.T.);
#4289=ORIENTED_EDGE('',*,*,#7460,.F.);
#4290=ORIENTED_EDGE('',*,*,#7497,.F.);
#4291=ORIENTED_EDGE('',*,*,#7416,.F.);
#4292=ORIENTED_EDGE('',*,*,#7455,.F.);
#4293=ORIENTED_EDGE('',*,*,#7372,.F.);
#4294=ORIENTED_EDGE('',*,*,#7411,.F.);
#4295=ORIENTED_EDGE('',*,*,#7328,.F.);
#4296=ORIENTED_EDGE('',*,*,#7367,.F.);
#4297=ORIENTED_EDGE('',*,*,#7284,.F.);
#4298=ORIENTED_EDGE('',*,*,#7323,.F.);
#4299=ORIENTED_EDGE('',*,*,#7239,.F.);
#4300=ORIENTED_EDGE('',*,*,#7279,.F.);
#4301=ORIENTED_EDGE('',*,*,#7499,.F.);
#4302=ORIENTED_EDGE('',*,*,#7556,.T.);
#4303=ORIENTED_EDGE('',*,*,#7180,.T.);
#4304=ORIENTED_EDGE('',*,*,#7555,.F.);
#4305=ORIENTED_EDGE('',*,*,#7552,.F.);
#4306=ORIENTED_EDGE('',*,*,#7557,.F.);
#4307=ORIENTED_EDGE('',*,*,#7107,.F.);
#4308=ORIENTED_EDGE('',*,*,#7147,.F.);
#4309=ORIENTED_EDGE('',*,*,#7177,.T.);
#4310=ORIENTED_EDGE('',*,*,#7556,.F.);
#4311=ORIENTED_EDGE('',*,*,#7501,.F.);
#4312=ORIENTED_EDGE('',*,*,#7558,.T.);
#4313=ORIENTED_EDGE('',*,*,#7109,.F.);
#4314=ORIENTED_EDGE('',*,*,#7559,.F.);
#4315=ORIENTED_EDGE('',*,*,#7550,.F.);
#4316=ORIENTED_EDGE('',*,*,#7554,.T.);
#4317=ORIENTED_EDGE('',*,*,#7178,.T.);
#4318=ORIENTED_EDGE('',*,*,#7558,.F.);
#4319=ORIENTED_EDGE('',*,*,#7500,.F.);
#4320=ORIENTED_EDGE('',*,*,#7270,.F.);
#4321=ORIENTED_EDGE('',*,*,#7241,.F.);
#4322=ORIENTED_EDGE('',*,*,#7314,.F.);
#4323=ORIENTED_EDGE('',*,*,#7286,.F.);
#4324=ORIENTED_EDGE('',*,*,#7358,.F.);
#4325=ORIENTED_EDGE('',*,*,#7330,.F.);
#4326=ORIENTED_EDGE('',*,*,#7402,.F.);
#4327=ORIENTED_EDGE('',*,*,#7374,.F.);
#4328=ORIENTED_EDGE('',*,*,#7446,.F.);
#4329=ORIENTED_EDGE('',*,*,#7418,.F.);
#4330=ORIENTED_EDGE('',*,*,#7488,.F.);
#4331=ORIENTED_EDGE('',*,*,#7461,.F.);
#4332=ORIENTED_EDGE('',*,*,#7138,.F.);
#4333=ORIENTED_EDGE('',*,*,#7560,.T.);
#4334=ORIENTED_EDGE('',*,*,#7561,.T.);
#4335=ORIENTED_EDGE('',*,*,#7562,.T.);
#4336=ORIENTED_EDGE('',*,*,#7563,.T.);
#4337=ORIENTED_EDGE('',*,*,#7502,.F.);
#4338=ORIENTED_EDGE('',*,*,#7564,.F.);
#4339=ORIENTED_EDGE('',*,*,#7560,.F.);
#4340=ORIENTED_EDGE('',*,*,#7565,.T.);
#4341=ORIENTED_EDGE('',*,*,#7158,.T.);
#4342=ORIENTED_EDGE('',*,*,#7566,.F.);
#4343=ORIENTED_EDGE('',*,*,#7235,.F.);
#4344=ORIENTED_EDGE('',*,*,#7252,.F.);
#4345=ORIENTED_EDGE('',*,*,#7281,.F.);
#4346=ORIENTED_EDGE('',*,*,#7297,.F.);
#4347=ORIENTED_EDGE('',*,*,#7325,.F.);
#4348=ORIENTED_EDGE('',*,*,#7341,.F.);
#4349=ORIENTED_EDGE('',*,*,#7369,.F.);
#4350=ORIENTED_EDGE('',*,*,#7385,.F.);
#4351=ORIENTED_EDGE('',*,*,#7413,.F.);
#4352=ORIENTED_EDGE('',*,*,#7429,.F.);
#4353=ORIENTED_EDGE('',*,*,#7457,.F.);
#4354=ORIENTED_EDGE('',*,*,#7471,.F.);
#4355=ORIENTED_EDGE('',*,*,#7103,.F.);
#4356=ORIENTED_EDGE('',*,*,#7120,.F.);
#4357=ORIENTED_EDGE('',*,*,#7159,.T.);
#4358=ORIENTED_EDGE('',*,*,#7565,.F.);
#4359=ORIENTED_EDGE('',*,*,#7563,.F.);
#4360=ORIENTED_EDGE('',*,*,#7567,.T.);
#4361=ORIENTED_EDGE('',*,*,#7105,.F.);
#4362=ORIENTED_EDGE('',*,*,#7464,.F.);
#4363=ORIENTED_EDGE('',*,*,#7458,.F.);
#4364=ORIENTED_EDGE('',*,*,#7421,.F.);
#4365=ORIENTED_EDGE('',*,*,#7414,.F.);
#4366=ORIENTED_EDGE('',*,*,#7377,.F.);
#4367=ORIENTED_EDGE('',*,*,#7370,.F.);
#4368=ORIENTED_EDGE('',*,*,#7333,.F.);
#4369=ORIENTED_EDGE('',*,*,#7326,.F.);
#4370=ORIENTED_EDGE('',*,*,#7289,.F.);
#4371=ORIENTED_EDGE('',*,*,#7282,.F.);
#4372=ORIENTED_EDGE('',*,*,#7244,.F.);
#4373=ORIENTED_EDGE('',*,*,#7237,.F.);
#4374=ORIENTED_EDGE('',*,*,#7568,.T.);
#4375=ORIENTED_EDGE('',*,*,#7160,.T.);
#4376=ORIENTED_EDGE('',*,*,#7567,.F.);
#4377=ORIENTED_EDGE('',*,*,#7562,.F.);
#4378=ORIENTED_EDGE('',*,*,#7569,.F.);
#4379=ORIENTED_EDGE('',*,*,#7503,.F.);
#4380=ORIENTED_EDGE('',*,*,#7112,.F.);
#4381=ORIENTED_EDGE('',*,*,#7157,.T.);
#4382=ORIENTED_EDGE('',*,*,#7568,.F.);
#4383=ORIENTED_EDGE('',*,*,#7236,.F.);
#4384=ORIENTED_EDGE('',*,*,#7566,.T.);
#4385=ORIENTED_EDGE('',*,*,#7153,.T.);
#4386=ORIENTED_EDGE('',*,*,#7570,.F.);
#4387=ORIENTED_EDGE('',*,*,#7571,.F.);
#4388=ORIENTED_EDGE('',*,*,#7572,.T.);
#4389=ORIENTED_EDGE('',*,*,#7154,.T.);
#4390=ORIENTED_EDGE('',*,*,#7572,.F.);
#4391=ORIENTED_EDGE('',*,*,#7573,.F.);
#4392=ORIENTED_EDGE('',*,*,#7574,.T.);
#4393=ORIENTED_EDGE('',*,*,#7155,.T.);
#4394=ORIENTED_EDGE('',*,*,#7574,.F.);
#4395=ORIENTED_EDGE('',*,*,#7575,.F.);
#4396=ORIENTED_EDGE('',*,*,#7576,.T.);
#4397=ORIENTED_EDGE('',*,*,#7156,.T.);
#4398=ORIENTED_EDGE('',*,*,#7576,.F.);
#4399=ORIENTED_EDGE('',*,*,#7577,.F.);
#4400=ORIENTED_EDGE('',*,*,#7570,.T.);
#4401=ORIENTED_EDGE('',*,*,#7571,.T.);
#4402=ORIENTED_EDGE('',*,*,#7577,.T.);
#4403=ORIENTED_EDGE('',*,*,#7575,.T.);
#4404=ORIENTED_EDGE('',*,*,#7573,.T.);
#4405=ORIENTED_EDGE('',*,*,#7166,.T.);
#4406=ORIENTED_EDGE('',*,*,#7578,.F.);
#4407=ORIENTED_EDGE('',*,*,#7507,.F.);
#4408=ORIENTED_EDGE('',*,*,#7579,.T.);
#4409=ORIENTED_EDGE('',*,*,#7580,.F.);
#4410=ORIENTED_EDGE('',*,*,#7581,.T.);
#4411=ORIENTED_EDGE('',*,*,#7508,.F.);
#4412=ORIENTED_EDGE('',*,*,#7578,.T.);
#4413=ORIENTED_EDGE('',*,*,#7165,.T.);
#4414=ORIENTED_EDGE('',*,*,#7513,.F.);
#4415=ORIENTED_EDGE('',*,*,#7506,.F.);
#4416=ORIENTED_EDGE('',*,*,#7582,.T.);
#4417=ORIENTED_EDGE('',*,*,#7583,.F.);
#4418=ORIENTED_EDGE('',*,*,#7511,.T.);
#4419=ORIENTED_EDGE('',*,*,#7167,.T.);
#4420=ORIENTED_EDGE('',*,*,#7579,.F.);
#4421=ORIENTED_EDGE('',*,*,#7584,.F.);
#4422=ORIENTED_EDGE('',*,*,#7580,.T.);
#4423=ORIENTED_EDGE('',*,*,#7512,.T.);
#4424=ORIENTED_EDGE('',*,*,#7583,.T.);
#4425=ORIENTED_EDGE('',*,*,#7505,.T.);
#4426=ORIENTED_EDGE('',*,*,#7581,.F.);
#4427=ORIENTED_EDGE('',*,*,#7584,.T.);
#4428=ORIENTED_EDGE('',*,*,#7582,.F.);
#4429=ORIENTED_EDGE('',*,*,#7585,.F.);
#4430=ORIENTED_EDGE('',*,*,#7521,.T.);
#4431=ORIENTED_EDGE('',*,*,#7586,.T.);
#4432=ORIENTED_EDGE('',*,*,#7585,.T.);
#4433=ORIENTED_EDGE('',*,*,#7587,.F.);
#4434=ORIENTED_EDGE('',*,*,#7520,.T.);
#4435=ORIENTED_EDGE('',*,*,#7587,.T.);
#4436=ORIENTED_EDGE('',*,*,#7588,.F.);
#4437=ORIENTED_EDGE('',*,*,#7519,.T.);
#4438=ORIENTED_EDGE('',*,*,#7589,.F.);
#4439=ORIENTED_EDGE('',*,*,#7588,.T.);
#4440=ORIENTED_EDGE('',*,*,#7590,.F.);
#4441=ORIENTED_EDGE('',*,*,#7518,.T.);
#4442=ORIENTED_EDGE('',*,*,#7590,.T.);
#4443=ORIENTED_EDGE('',*,*,#7591,.F.);
#4444=ORIENTED_EDGE('',*,*,#7569,.T.);
#4445=ORIENTED_EDGE('',*,*,#7592,.F.);
#4446=ORIENTED_EDGE('',*,*,#7540,.F.);
#4447=ORIENTED_EDGE('',*,*,#7592,.T.);
#4448=ORIENTED_EDGE('',*,*,#7561,.F.);
#4449=ORIENTED_EDGE('',*,*,#7593,.F.);
#4450=ORIENTED_EDGE('',*,*,#7538,.F.);
#4451=ORIENTED_EDGE('',*,*,#7591,.T.);
#4452=ORIENTED_EDGE('',*,*,#7541,.F.);
#4453=ORIENTED_EDGE('',*,*,#7594,.F.);
#4454=ORIENTED_EDGE('',*,*,#7504,.F.);
#4455=ORIENTED_EDGE('',*,*,#7593,.T.);
#4456=ORIENTED_EDGE('',*,*,#7564,.T.);
#4457=ORIENTED_EDGE('',*,*,#7594,.T.);
#4458=ORIENTED_EDGE('',*,*,#7535,.F.);
#4459=ORIENTED_EDGE('',*,*,#7595,.F.);
#4460=ORIENTED_EDGE('',*,*,#7551,.F.);
#4461=ORIENTED_EDGE('',*,*,#7596,.F.);
#4462=ORIENTED_EDGE('',*,*,#7543,.F.);
#4463=ORIENTED_EDGE('',*,*,#7596,.T.);
#4464=ORIENTED_EDGE('',*,*,#7559,.T.);
#4465=ORIENTED_EDGE('',*,*,#7597,.F.);
#4466=ORIENTED_EDGE('',*,*,#7549,.F.);
#4467=ORIENTED_EDGE('',*,*,#7595,.T.);
#4468=ORIENTED_EDGE('',*,*,#7546,.F.);
#4469=ORIENTED_EDGE('',*,*,#7598,.F.);
#4470=ORIENTED_EDGE('',*,*,#7557,.T.);
#4471=ORIENTED_EDGE('',*,*,#7597,.T.);
#4472=ORIENTED_EDGE('',*,*,#7108,.F.);
#4473=ORIENTED_EDGE('',*,*,#7598,.T.);
#4474=ORIENTED_EDGE('',*,*,#7548,.F.);
#4475=ORIENTED_EDGE('',*,*,#7223,.F.);
#4476=ORIENTED_EDGE('',*,*,#7589,.T.);
#4477=ORIENTED_EDGE('',*,*,#7586,.F.);
#4478=ORIENTED_EDGE('',*,*,#7217,.F.);
#4479=ORIENTED_EDGE('',*,*,#7599,.F.);
#4480=ORIENTED_EDGE('',*,*,#7600,.F.);
#4481=ORIENTED_EDGE('',*,*,#7601,.T.);
#4482=ORIENTED_EDGE('',*,*,#7602,.F.);
#4483=ORIENTED_EDGE('',*,*,#7603,.F.);
#4484=ORIENTED_EDGE('',*,*,#7600,.T.);
#4485=ORIENTED_EDGE('',*,*,#7604,.F.);
#4486=ORIENTED_EDGE('',*,*,#7605,.T.);
#4487=ORIENTED_EDGE('',*,*,#7606,.F.);
#4488=ORIENTED_EDGE('',*,*,#7607,.F.);
#4489=ORIENTED_EDGE('',*,*,#7608,.T.);
#4490=ORIENTED_EDGE('',*,*,#7605,.F.);
#4491=ORIENTED_EDGE('',*,*,#7609,.F.);
#4492=ORIENTED_EDGE('',*,*,#7610,.F.);
#4493=ORIENTED_EDGE('',*,*,#7611,.T.);
#4494=ORIENTED_EDGE('',*,*,#7612,.F.);
#4495=ORIENTED_EDGE('',*,*,#7613,.F.);
#4496=ORIENTED_EDGE('',*,*,#7610,.T.);
#4497=ORIENTED_EDGE('',*,*,#7614,.F.);
#4498=ORIENTED_EDGE('',*,*,#7602,.T.);
#4499=ORIENTED_EDGE('',*,*,#7615,.F.);
#4500=ORIENTED_EDGE('',*,*,#7607,.T.);
#4501=ORIENTED_EDGE('',*,*,#7616,.F.);
#4502=ORIENTED_EDGE('',*,*,#7617,.T.);
#4503=ORIENTED_EDGE('',*,*,#7618,.F.);
#4504=ORIENTED_EDGE('',*,*,#7612,.T.);
#4505=ORIENTED_EDGE('',*,*,#7619,.F.);
#4506=ORIENTED_EDGE('',*,*,#7620,.T.);
#4507=ORIENTED_EDGE('',*,*,#7614,.T.);
#4508=ORIENTED_EDGE('',*,*,#7609,.T.);
#4509=ORIENTED_EDGE('',*,*,#7618,.T.);
#4510=ORIENTED_EDGE('',*,*,#7621,.T.);
#4511=ORIENTED_EDGE('',*,*,#7616,.T.);
#4512=ORIENTED_EDGE('',*,*,#7606,.T.);
#4513=ORIENTED_EDGE('',*,*,#7604,.T.);
#4514=ORIENTED_EDGE('',*,*,#7599,.T.);
#4515=ORIENTED_EDGE('',*,*,#7621,.F.);
#4516=ORIENTED_EDGE('',*,*,#7620,.F.);
#4517=ORIENTED_EDGE('',*,*,#7622,.T.);
#4518=ORIENTED_EDGE('',*,*,#7617,.F.);
#4519=ORIENTED_EDGE('',*,*,#7623,.F.);
#4520=ORIENTED_EDGE('',*,*,#7624,.F.);
#4521=ORIENTED_EDGE('',*,*,#7625,.F.);
#4522=ORIENTED_EDGE('',*,*,#7626,.F.);
#4523=ORIENTED_EDGE('',*,*,#7627,.F.);
#4524=ORIENTED_EDGE('',*,*,#7628,.F.);
#4525=ORIENTED_EDGE('',*,*,#7629,.F.);
#4526=ORIENTED_EDGE('',*,*,#7630,.F.);
#4527=ORIENTED_EDGE('',*,*,#7631,.F.);
#4528=ORIENTED_EDGE('',*,*,#7632,.F.);
#4529=ORIENTED_EDGE('',*,*,#7633,.F.);
#4530=ORIENTED_EDGE('',*,*,#7634,.F.);
#4531=ORIENTED_EDGE('',*,*,#7635,.F.);
#4532=ORIENTED_EDGE('',*,*,#7636,.F.);
#4533=ORIENTED_EDGE('',*,*,#7637,.F.);
#4534=ORIENTED_EDGE('',*,*,#7638,.F.);
#4535=ORIENTED_EDGE('',*,*,#7639,.F.);
#4536=ORIENTED_EDGE('',*,*,#7640,.F.);
#4537=ORIENTED_EDGE('',*,*,#7641,.F.);
#4538=ORIENTED_EDGE('',*,*,#7642,.F.);
#4539=ORIENTED_EDGE('',*,*,#7643,.F.);
#4540=ORIENTED_EDGE('',*,*,#7644,.F.);
#4541=ORIENTED_EDGE('',*,*,#7645,.F.);
#4542=ORIENTED_EDGE('',*,*,#7646,.F.);
#4543=ORIENTED_EDGE('',*,*,#7647,.F.);
#4544=ORIENTED_EDGE('',*,*,#7648,.F.);
#4545=ORIENTED_EDGE('',*,*,#7649,.F.);
#4546=ORIENTED_EDGE('',*,*,#7650,.F.);
#4547=ORIENTED_EDGE('',*,*,#7651,.F.);
#4548=ORIENTED_EDGE('',*,*,#7652,.F.);
#4549=ORIENTED_EDGE('',*,*,#7653,.F.);
#4550=ORIENTED_EDGE('',*,*,#7654,.F.);
#4551=ORIENTED_EDGE('',*,*,#7655,.F.);
#4552=ORIENTED_EDGE('',*,*,#7656,.F.);
#4553=ORIENTED_EDGE('',*,*,#7657,.F.);
#4554=ORIENTED_EDGE('',*,*,#7658,.F.);
#4555=ORIENTED_EDGE('',*,*,#7659,.F.);
#4556=ORIENTED_EDGE('',*,*,#7660,.F.);
#4557=ORIENTED_EDGE('',*,*,#7661,.F.);
#4558=ORIENTED_EDGE('',*,*,#7662,.F.);
#4559=ORIENTED_EDGE('',*,*,#7663,.F.);
#4560=ORIENTED_EDGE('',*,*,#7664,.F.);
#4561=ORIENTED_EDGE('',*,*,#7665,.F.);
#4562=ORIENTED_EDGE('',*,*,#7666,.F.);
#4563=ORIENTED_EDGE('',*,*,#7667,.F.);
#4564=ORIENTED_EDGE('',*,*,#7668,.F.);
#4565=ORIENTED_EDGE('',*,*,#7669,.F.);
#4566=ORIENTED_EDGE('',*,*,#7670,.F.);
#4567=ORIENTED_EDGE('',*,*,#7671,.F.);
#4568=ORIENTED_EDGE('',*,*,#7672,.F.);
#4569=ORIENTED_EDGE('',*,*,#7673,.F.);
#4570=ORIENTED_EDGE('',*,*,#7674,.F.);
#4571=ORIENTED_EDGE('',*,*,#7675,.F.);
#4572=ORIENTED_EDGE('',*,*,#7676,.F.);
#4573=ORIENTED_EDGE('',*,*,#7677,.F.);
#4574=ORIENTED_EDGE('',*,*,#7678,.F.);
#4575=ORIENTED_EDGE('',*,*,#7679,.T.);
#4576=ORIENTED_EDGE('',*,*,#7680,.T.);
#4577=ORIENTED_EDGE('',*,*,#7681,.T.);
#4578=ORIENTED_EDGE('',*,*,#7682,.T.);
#4579=ORIENTED_EDGE('',*,*,#7683,.T.);
#4580=ORIENTED_EDGE('',*,*,#7684,.F.);
#4581=ORIENTED_EDGE('',*,*,#7685,.T.);
#4582=ORIENTED_EDGE('',*,*,#7686,.T.);
#4583=ORIENTED_EDGE('',*,*,#7687,.F.);
#4584=ORIENTED_EDGE('',*,*,#7688,.F.);
#4585=ORIENTED_EDGE('',*,*,#7689,.F.);
#4586=ORIENTED_EDGE('',*,*,#7690,.F.);
#4587=ORIENTED_EDGE('',*,*,#7691,.F.);
#4588=ORIENTED_EDGE('',*,*,#7692,.F.);
#4589=ORIENTED_EDGE('',*,*,#7693,.F.);
#4590=ORIENTED_EDGE('',*,*,#7694,.F.);
#4591=ORIENTED_EDGE('',*,*,#7695,.T.);
#4592=ORIENTED_EDGE('',*,*,#7696,.T.);
#4593=ORIENTED_EDGE('',*,*,#7697,.T.);
#4594=ORIENTED_EDGE('',*,*,#7698,.T.);
#4595=ORIENTED_EDGE('',*,*,#7699,.T.);
#4596=ORIENTED_EDGE('',*,*,#7700,.T.);
#4597=ORIENTED_EDGE('',*,*,#7701,.F.);
#4598=ORIENTED_EDGE('',*,*,#7702,.T.);
#4599=ORIENTED_EDGE('',*,*,#7611,.F.);
#4600=ORIENTED_EDGE('',*,*,#7613,.T.);
#4601=ORIENTED_EDGE('',*,*,#7601,.F.);
#4602=ORIENTED_EDGE('',*,*,#7603,.T.);
#4603=ORIENTED_EDGE('',*,*,#7608,.F.);
#4604=ORIENTED_EDGE('',*,*,#7615,.T.);
#4605=ORIENTED_EDGE('',*,*,#7622,.F.);
#4606=ORIENTED_EDGE('',*,*,#7619,.T.);
#4607=ORIENTED_EDGE('',*,*,#7703,.T.);
#4608=ORIENTED_EDGE('',*,*,#7704,.F.);
#4609=ORIENTED_EDGE('',*,*,#7705,.F.);
#4610=ORIENTED_EDGE('',*,*,#7706,.F.);
#4611=ORIENTED_EDGE('',*,*,#7707,.F.);
#4612=ORIENTED_EDGE('',*,*,#7630,.T.);
#4613=ORIENTED_EDGE('',*,*,#7708,.T.);
#4614=ORIENTED_EDGE('',*,*,#7709,.F.);
#4615=ORIENTED_EDGE('',*,*,#7705,.T.);
#4616=ORIENTED_EDGE('',*,*,#7710,.F.);
#4617=ORIENTED_EDGE('',*,*,#7711,.F.);
#4618=ORIENTED_EDGE('',*,*,#7712,.F.);
#4619=ORIENTED_EDGE('',*,*,#7708,.F.);
#4620=ORIENTED_EDGE('',*,*,#7629,.T.);
#4621=ORIENTED_EDGE('',*,*,#7713,.T.);
#4622=ORIENTED_EDGE('',*,*,#7714,.T.);
#4623=ORIENTED_EDGE('',*,*,#7713,.F.);
#4624=ORIENTED_EDGE('',*,*,#7628,.T.);
#4625=ORIENTED_EDGE('',*,*,#7715,.T.);
#4626=ORIENTED_EDGE('',*,*,#7716,.F.);
#4627=ORIENTED_EDGE('',*,*,#7717,.T.);
#4628=ORIENTED_EDGE('',*,*,#7718,.F.);
#4629=ORIENTED_EDGE('',*,*,#7703,.F.);
#4630=ORIENTED_EDGE('',*,*,#7719,.F.);
#4631=ORIENTED_EDGE('',*,*,#7720,.F.);
#4632=ORIENTED_EDGE('',*,*,#7623,.T.);
#4633=ORIENTED_EDGE('',*,*,#7721,.T.);
#4634=ORIENTED_EDGE('',*,*,#7722,.F.);
#4635=ORIENTED_EDGE('',*,*,#7723,.T.);
#4636=ORIENTED_EDGE('',*,*,#7724,.F.);
#4637=ORIENTED_EDGE('',*,*,#7725,.F.);
#4638=ORIENTED_EDGE('',*,*,#7726,.F.);
#4639=ORIENTED_EDGE('',*,*,#7721,.F.);
#4640=ORIENTED_EDGE('',*,*,#7626,.T.);
#4641=ORIENTED_EDGE('',*,*,#7727,.T.);
#4642=ORIENTED_EDGE('',*,*,#7728,.T.);
#4643=ORIENTED_EDGE('',*,*,#7727,.F.);
#4644=ORIENTED_EDGE('',*,*,#7625,.T.);
#4645=ORIENTED_EDGE('',*,*,#7729,.T.);
#4646=ORIENTED_EDGE('',*,*,#7730,.F.);
#4647=ORIENTED_EDGE('',*,*,#7731,.T.);
#4648=ORIENTED_EDGE('',*,*,#7732,.F.);
#4649=ORIENTED_EDGE('',*,*,#7733,.F.);
#4650=ORIENTED_EDGE('',*,*,#7734,.F.);
#4651=ORIENTED_EDGE('',*,*,#7729,.F.);
#4652=ORIENTED_EDGE('',*,*,#7624,.T.);
#4653=ORIENTED_EDGE('',*,*,#7720,.T.);
#4654=ORIENTED_EDGE('',*,*,#7735,.T.);
#4655=ORIENTED_EDGE('',*,*,#7711,.T.);
#4656=ORIENTED_EDGE('',*,*,#7736,.F.);
#4657=ORIENTED_EDGE('',*,*,#7717,.F.);
#4658=ORIENTED_EDGE('',*,*,#7737,.F.);
#4659=ORIENTED_EDGE('',*,*,#7728,.F.);
#4660=ORIENTED_EDGE('',*,*,#7734,.T.);
#4661=ORIENTED_EDGE('',*,*,#7738,.T.);
#4662=ORIENTED_EDGE('',*,*,#7722,.T.);
#4663=ORIENTED_EDGE('',*,*,#7714,.F.);
#4664=ORIENTED_EDGE('',*,*,#7719,.T.);
#4665=ORIENTED_EDGE('',*,*,#7706,.T.);
#4666=ORIENTED_EDGE('',*,*,#7709,.T.);
#4667=ORIENTED_EDGE('',*,*,#7739,.F.);
#4668=ORIENTED_EDGE('',*,*,#7712,.T.);
#4669=ORIENTED_EDGE('',*,*,#7737,.T.);
#4670=ORIENTED_EDGE('',*,*,#7716,.T.);
#4671=ORIENTED_EDGE('',*,*,#7715,.F.);
#4672=ORIENTED_EDGE('',*,*,#7627,.T.);
#4673=ORIENTED_EDGE('',*,*,#7707,.T.);
#4674=ORIENTED_EDGE('',*,*,#7739,.T.);
#4675=ORIENTED_EDGE('',*,*,#7735,.F.);
#4676=ORIENTED_EDGE('',*,*,#7726,.T.);
#4677=ORIENTED_EDGE('',*,*,#7740,.T.);
#4678=ORIENTED_EDGE('',*,*,#7730,.T.);
#4679=ORIENTED_EDGE('',*,*,#7725,.T.);
#4680=ORIENTED_EDGE('',*,*,#7741,.F.);
#4681=ORIENTED_EDGE('',*,*,#7731,.F.);
#4682=ORIENTED_EDGE('',*,*,#7740,.F.);
#4683=ORIENTED_EDGE('',*,*,#7733,.T.);
#4684=ORIENTED_EDGE('',*,*,#7742,.F.);
#4685=ORIENTED_EDGE('',*,*,#7723,.F.);
#4686=ORIENTED_EDGE('',*,*,#7738,.F.);
#4687=ORIENTED_EDGE('',*,*,#7743,.T.);
#4688=ORIENTED_EDGE('',*,*,#7744,.F.);
#4689=ORIENTED_EDGE('',*,*,#7745,.F.);
#4690=ORIENTED_EDGE('',*,*,#7746,.F.);
#4691=ORIENTED_EDGE('',*,*,#7747,.F.);
#4692=ORIENTED_EDGE('',*,*,#7638,.T.);
#4693=ORIENTED_EDGE('',*,*,#7748,.T.);
#4694=ORIENTED_EDGE('',*,*,#7749,.F.);
#4695=ORIENTED_EDGE('',*,*,#7745,.T.);
#4696=ORIENTED_EDGE('',*,*,#7750,.F.);
#4697=ORIENTED_EDGE('',*,*,#7751,.F.);
#4698=ORIENTED_EDGE('',*,*,#7752,.F.);
#4699=ORIENTED_EDGE('',*,*,#7748,.F.);
#4700=ORIENTED_EDGE('',*,*,#7637,.T.);
#4701=ORIENTED_EDGE('',*,*,#7753,.T.);
#4702=ORIENTED_EDGE('',*,*,#7754,.T.);
#4703=ORIENTED_EDGE('',*,*,#7753,.F.);
#4704=ORIENTED_EDGE('',*,*,#7636,.T.);
#4705=ORIENTED_EDGE('',*,*,#7755,.T.);
#4706=ORIENTED_EDGE('',*,*,#7756,.F.);
#4707=ORIENTED_EDGE('',*,*,#7757,.T.);
#4708=ORIENTED_EDGE('',*,*,#7758,.F.);
#4709=ORIENTED_EDGE('',*,*,#7743,.F.);
#4710=ORIENTED_EDGE('',*,*,#7759,.F.);
#4711=ORIENTED_EDGE('',*,*,#7760,.F.);
#4712=ORIENTED_EDGE('',*,*,#7631,.T.);
#4713=ORIENTED_EDGE('',*,*,#7761,.T.);
#4714=ORIENTED_EDGE('',*,*,#7762,.F.);
#4715=ORIENTED_EDGE('',*,*,#7763,.T.);
#4716=ORIENTED_EDGE('',*,*,#7764,.F.);
#4717=ORIENTED_EDGE('',*,*,#7765,.F.);
#4718=ORIENTED_EDGE('',*,*,#7766,.F.);
#4719=ORIENTED_EDGE('',*,*,#7761,.F.);
#4720=ORIENTED_EDGE('',*,*,#7634,.T.);
#4721=ORIENTED_EDGE('',*,*,#7767,.T.);
#4722=ORIENTED_EDGE('',*,*,#7768,.T.);
#4723=ORIENTED_EDGE('',*,*,#7767,.F.);
#4724=ORIENTED_EDGE('',*,*,#7633,.T.);
#4725=ORIENTED_EDGE('',*,*,#7769,.T.);
#4726=ORIENTED_EDGE('',*,*,#7770,.F.);
#4727=ORIENTED_EDGE('',*,*,#7771,.T.);
#4728=ORIENTED_EDGE('',*,*,#7772,.F.);
#4729=ORIENTED_EDGE('',*,*,#7773,.F.);
#4730=ORIENTED_EDGE('',*,*,#7774,.F.);
#4731=ORIENTED_EDGE('',*,*,#7769,.F.);
#4732=ORIENTED_EDGE('',*,*,#7632,.T.);
#4733=ORIENTED_EDGE('',*,*,#7760,.T.);
#4734=ORIENTED_EDGE('',*,*,#7775,.T.);
#4735=ORIENTED_EDGE('',*,*,#7751,.T.);
#4736=ORIENTED_EDGE('',*,*,#7776,.F.);
#4737=ORIENTED_EDGE('',*,*,#7757,.F.);
#4738=ORIENTED_EDGE('',*,*,#7777,.F.);
#4739=ORIENTED_EDGE('',*,*,#7768,.F.);
#4740=ORIENTED_EDGE('',*,*,#7774,.T.);
#4741=ORIENTED_EDGE('',*,*,#7778,.T.);
#4742=ORIENTED_EDGE('',*,*,#7762,.T.);
#4743=ORIENTED_EDGE('',*,*,#7754,.F.);
#4744=ORIENTED_EDGE('',*,*,#7759,.T.);
#4745=ORIENTED_EDGE('',*,*,#7746,.T.);
#4746=ORIENTED_EDGE('',*,*,#7749,.T.);
#4747=ORIENTED_EDGE('',*,*,#7779,.F.);
#4748=ORIENTED_EDGE('',*,*,#7752,.T.);
#4749=ORIENTED_EDGE('',*,*,#7777,.T.);
#4750=ORIENTED_EDGE('',*,*,#7756,.T.);
#4751=ORIENTED_EDGE('',*,*,#7755,.F.);
#4752=ORIENTED_EDGE('',*,*,#7635,.T.);
#4753=ORIENTED_EDGE('',*,*,#7747,.T.);
#4754=ORIENTED_EDGE('',*,*,#7779,.T.);
#4755=ORIENTED_EDGE('',*,*,#7775,.F.);
#4756=ORIENTED_EDGE('',*,*,#7766,.T.);
#4757=ORIENTED_EDGE('',*,*,#7780,.T.);
#4758=ORIENTED_EDGE('',*,*,#7770,.T.);
#4759=ORIENTED_EDGE('',*,*,#7765,.T.);
#4760=ORIENTED_EDGE('',*,*,#7781,.F.);
#4761=ORIENTED_EDGE('',*,*,#7771,.F.);
#4762=ORIENTED_EDGE('',*,*,#7780,.F.);
#4763=ORIENTED_EDGE('',*,*,#7773,.T.);
#4764=ORIENTED_EDGE('',*,*,#7782,.F.);
#4765=ORIENTED_EDGE('',*,*,#7763,.F.);
#4766=ORIENTED_EDGE('',*,*,#7778,.F.);
#4767=ORIENTED_EDGE('',*,*,#7783,.T.);
#4768=ORIENTED_EDGE('',*,*,#7784,.F.);
#4769=ORIENTED_EDGE('',*,*,#7785,.F.);
#4770=ORIENTED_EDGE('',*,*,#7786,.F.);
#4771=ORIENTED_EDGE('',*,*,#7787,.F.);
#4772=ORIENTED_EDGE('',*,*,#7646,.T.);
#4773=ORIENTED_EDGE('',*,*,#7788,.T.);
#4774=ORIENTED_EDGE('',*,*,#7789,.F.);
#4775=ORIENTED_EDGE('',*,*,#7785,.T.);
#4776=ORIENTED_EDGE('',*,*,#7790,.F.);
#4777=ORIENTED_EDGE('',*,*,#7791,.F.);
#4778=ORIENTED_EDGE('',*,*,#7792,.F.);
#4779=ORIENTED_EDGE('',*,*,#7788,.F.);
#4780=ORIENTED_EDGE('',*,*,#7645,.T.);
#4781=ORIENTED_EDGE('',*,*,#7793,.T.);
#4782=ORIENTED_EDGE('',*,*,#7794,.T.);
#4783=ORIENTED_EDGE('',*,*,#7793,.F.);
#4784=ORIENTED_EDGE('',*,*,#7644,.T.);
#4785=ORIENTED_EDGE('',*,*,#7795,.T.);
#4786=ORIENTED_EDGE('',*,*,#7796,.F.);
#4787=ORIENTED_EDGE('',*,*,#7797,.T.);
#4788=ORIENTED_EDGE('',*,*,#7798,.F.);
#4789=ORIENTED_EDGE('',*,*,#7783,.F.);
#4790=ORIENTED_EDGE('',*,*,#7799,.F.);
#4791=ORIENTED_EDGE('',*,*,#7800,.F.);
#4792=ORIENTED_EDGE('',*,*,#7639,.T.);
#4793=ORIENTED_EDGE('',*,*,#7801,.T.);
#4794=ORIENTED_EDGE('',*,*,#7802,.F.);
#4795=ORIENTED_EDGE('',*,*,#7803,.T.);
#4796=ORIENTED_EDGE('',*,*,#7804,.F.);
#4797=ORIENTED_EDGE('',*,*,#7805,.F.);
#4798=ORIENTED_EDGE('',*,*,#7806,.F.);
#4799=ORIENTED_EDGE('',*,*,#7801,.F.);
#4800=ORIENTED_EDGE('',*,*,#7642,.T.);
#4801=ORIENTED_EDGE('',*,*,#7807,.T.);
#4802=ORIENTED_EDGE('',*,*,#7808,.T.);
#4803=ORIENTED_EDGE('',*,*,#7807,.F.);
#4804=ORIENTED_EDGE('',*,*,#7641,.T.);
#4805=ORIENTED_EDGE('',*,*,#7809,.T.);
#4806=ORIENTED_EDGE('',*,*,#7810,.F.);
#4807=ORIENTED_EDGE('',*,*,#7811,.T.);
#4808=ORIENTED_EDGE('',*,*,#7812,.F.);
#4809=ORIENTED_EDGE('',*,*,#7813,.F.);
#4810=ORIENTED_EDGE('',*,*,#7814,.F.);
#4811=ORIENTED_EDGE('',*,*,#7809,.F.);
#4812=ORIENTED_EDGE('',*,*,#7640,.T.);
#4813=ORIENTED_EDGE('',*,*,#7800,.T.);
#4814=ORIENTED_EDGE('',*,*,#7815,.T.);
#4815=ORIENTED_EDGE('',*,*,#7791,.T.);
#4816=ORIENTED_EDGE('',*,*,#7816,.F.);
#4817=ORIENTED_EDGE('',*,*,#7797,.F.);
#4818=ORIENTED_EDGE('',*,*,#7817,.F.);
#4819=ORIENTED_EDGE('',*,*,#7808,.F.);
#4820=ORIENTED_EDGE('',*,*,#7814,.T.);
#4821=ORIENTED_EDGE('',*,*,#7818,.T.);
#4822=ORIENTED_EDGE('',*,*,#7802,.T.);
#4823=ORIENTED_EDGE('',*,*,#7794,.F.);
#4824=ORIENTED_EDGE('',*,*,#7799,.T.);
#4825=ORIENTED_EDGE('',*,*,#7786,.T.);
#4826=ORIENTED_EDGE('',*,*,#7789,.T.);
#4827=ORIENTED_EDGE('',*,*,#7819,.F.);
#4828=ORIENTED_EDGE('',*,*,#7792,.T.);
#4829=ORIENTED_EDGE('',*,*,#7817,.T.);
#4830=ORIENTED_EDGE('',*,*,#7796,.T.);
#4831=ORIENTED_EDGE('',*,*,#7795,.F.);
#4832=ORIENTED_EDGE('',*,*,#7643,.T.);
#4833=ORIENTED_EDGE('',*,*,#7787,.T.);
#4834=ORIENTED_EDGE('',*,*,#7819,.T.);
#4835=ORIENTED_EDGE('',*,*,#7815,.F.);
#4836=ORIENTED_EDGE('',*,*,#7806,.T.);
#4837=ORIENTED_EDGE('',*,*,#7820,.T.);
#4838=ORIENTED_EDGE('',*,*,#7810,.T.);
#4839=ORIENTED_EDGE('',*,*,#7805,.T.);
#4840=ORIENTED_EDGE('',*,*,#7821,.F.);
#4841=ORIENTED_EDGE('',*,*,#7811,.F.);
#4842=ORIENTED_EDGE('',*,*,#7820,.F.);
#4843=ORIENTED_EDGE('',*,*,#7813,.T.);
#4844=ORIENTED_EDGE('',*,*,#7822,.F.);
#4845=ORIENTED_EDGE('',*,*,#7803,.F.);
#4846=ORIENTED_EDGE('',*,*,#7818,.F.);
#4847=ORIENTED_EDGE('',*,*,#7823,.T.);
#4848=ORIENTED_EDGE('',*,*,#7824,.F.);
#4849=ORIENTED_EDGE('',*,*,#7825,.F.);
#4850=ORIENTED_EDGE('',*,*,#7826,.F.);
#4851=ORIENTED_EDGE('',*,*,#7827,.F.);
#4852=ORIENTED_EDGE('',*,*,#7654,.T.);
#4853=ORIENTED_EDGE('',*,*,#7828,.T.);
#4854=ORIENTED_EDGE('',*,*,#7829,.F.);
#4855=ORIENTED_EDGE('',*,*,#7825,.T.);
#4856=ORIENTED_EDGE('',*,*,#7830,.F.);
#4857=ORIENTED_EDGE('',*,*,#7831,.F.);
#4858=ORIENTED_EDGE('',*,*,#7832,.F.);
#4859=ORIENTED_EDGE('',*,*,#7828,.F.);
#4860=ORIENTED_EDGE('',*,*,#7653,.T.);
#4861=ORIENTED_EDGE('',*,*,#7833,.T.);
#4862=ORIENTED_EDGE('',*,*,#7834,.T.);
#4863=ORIENTED_EDGE('',*,*,#7833,.F.);
#4864=ORIENTED_EDGE('',*,*,#7652,.T.);
#4865=ORIENTED_EDGE('',*,*,#7835,.T.);
#4866=ORIENTED_EDGE('',*,*,#7836,.F.);
#4867=ORIENTED_EDGE('',*,*,#7837,.T.);
#4868=ORIENTED_EDGE('',*,*,#7838,.F.);
#4869=ORIENTED_EDGE('',*,*,#7823,.F.);
#4870=ORIENTED_EDGE('',*,*,#7839,.F.);
#4871=ORIENTED_EDGE('',*,*,#7840,.F.);
#4872=ORIENTED_EDGE('',*,*,#7647,.T.);
#4873=ORIENTED_EDGE('',*,*,#7841,.T.);
#4874=ORIENTED_EDGE('',*,*,#7842,.F.);
#4875=ORIENTED_EDGE('',*,*,#7843,.T.);
#4876=ORIENTED_EDGE('',*,*,#7844,.F.);
#4877=ORIENTED_EDGE('',*,*,#7845,.F.);
#4878=ORIENTED_EDGE('',*,*,#7846,.F.);
#4879=ORIENTED_EDGE('',*,*,#7841,.F.);
#4880=ORIENTED_EDGE('',*,*,#7650,.T.);
#4881=ORIENTED_EDGE('',*,*,#7847,.T.);
#4882=ORIENTED_EDGE('',*,*,#7848,.T.);
#4883=ORIENTED_EDGE('',*,*,#7847,.F.);
#4884=ORIENTED_EDGE('',*,*,#7649,.T.);
#4885=ORIENTED_EDGE('',*,*,#7849,.T.);
#4886=ORIENTED_EDGE('',*,*,#7850,.F.);
#4887=ORIENTED_EDGE('',*,*,#7851,.T.);
#4888=ORIENTED_EDGE('',*,*,#7852,.F.);
#4889=ORIENTED_EDGE('',*,*,#7853,.F.);
#4890=ORIENTED_EDGE('',*,*,#7854,.F.);
#4891=ORIENTED_EDGE('',*,*,#7849,.F.);
#4892=ORIENTED_EDGE('',*,*,#7648,.T.);
#4893=ORIENTED_EDGE('',*,*,#7840,.T.);
#4894=ORIENTED_EDGE('',*,*,#7855,.T.);
#4895=ORIENTED_EDGE('',*,*,#7831,.T.);
#4896=ORIENTED_EDGE('',*,*,#7856,.F.);
#4897=ORIENTED_EDGE('',*,*,#7837,.F.);
#4898=ORIENTED_EDGE('',*,*,#7857,.F.);
#4899=ORIENTED_EDGE('',*,*,#7848,.F.);
#4900=ORIENTED_EDGE('',*,*,#7854,.T.);
#4901=ORIENTED_EDGE('',*,*,#7858,.T.);
#4902=ORIENTED_EDGE('',*,*,#7842,.T.);
#4903=ORIENTED_EDGE('',*,*,#7834,.F.);
#4904=ORIENTED_EDGE('',*,*,#7839,.T.);
#4905=ORIENTED_EDGE('',*,*,#7826,.T.);
#4906=ORIENTED_EDGE('',*,*,#7829,.T.);
#4907=ORIENTED_EDGE('',*,*,#7859,.F.);
#4908=ORIENTED_EDGE('',*,*,#7832,.T.);
#4909=ORIENTED_EDGE('',*,*,#7857,.T.);
#4910=ORIENTED_EDGE('',*,*,#7836,.T.);
#4911=ORIENTED_EDGE('',*,*,#7835,.F.);
#4912=ORIENTED_EDGE('',*,*,#7651,.T.);
#4913=ORIENTED_EDGE('',*,*,#7827,.T.);
#4914=ORIENTED_EDGE('',*,*,#7859,.T.);
#4915=ORIENTED_EDGE('',*,*,#7855,.F.);
#4916=ORIENTED_EDGE('',*,*,#7846,.T.);
#4917=ORIENTED_EDGE('',*,*,#7860,.T.);
#4918=ORIENTED_EDGE('',*,*,#7850,.T.);
#4919=ORIENTED_EDGE('',*,*,#7845,.T.);
#4920=ORIENTED_EDGE('',*,*,#7861,.F.);
#4921=ORIENTED_EDGE('',*,*,#7851,.F.);
#4922=ORIENTED_EDGE('',*,*,#7860,.F.);
#4923=ORIENTED_EDGE('',*,*,#7853,.T.);
#4924=ORIENTED_EDGE('',*,*,#7862,.F.);
#4925=ORIENTED_EDGE('',*,*,#7843,.F.);
#4926=ORIENTED_EDGE('',*,*,#7858,.F.);
#4927=ORIENTED_EDGE('',*,*,#7863,.T.);
#4928=ORIENTED_EDGE('',*,*,#7864,.F.);
#4929=ORIENTED_EDGE('',*,*,#7865,.F.);
#4930=ORIENTED_EDGE('',*,*,#7866,.F.);
#4931=ORIENTED_EDGE('',*,*,#7867,.F.);
#4932=ORIENTED_EDGE('',*,*,#7662,.T.);
#4933=ORIENTED_EDGE('',*,*,#7868,.T.);
#4934=ORIENTED_EDGE('',*,*,#7869,.F.);
#4935=ORIENTED_EDGE('',*,*,#7865,.T.);
#4936=ORIENTED_EDGE('',*,*,#7870,.F.);
#4937=ORIENTED_EDGE('',*,*,#7871,.F.);
#4938=ORIENTED_EDGE('',*,*,#7872,.F.);
#4939=ORIENTED_EDGE('',*,*,#7868,.F.);
#4940=ORIENTED_EDGE('',*,*,#7661,.T.);
#4941=ORIENTED_EDGE('',*,*,#7873,.T.);
#4942=ORIENTED_EDGE('',*,*,#7874,.T.);
#4943=ORIENTED_EDGE('',*,*,#7873,.F.);
#4944=ORIENTED_EDGE('',*,*,#7660,.T.);
#4945=ORIENTED_EDGE('',*,*,#7875,.T.);
#4946=ORIENTED_EDGE('',*,*,#7876,.F.);
#4947=ORIENTED_EDGE('',*,*,#7877,.T.);
#4948=ORIENTED_EDGE('',*,*,#7878,.F.);
#4949=ORIENTED_EDGE('',*,*,#7863,.F.);
#4950=ORIENTED_EDGE('',*,*,#7879,.F.);
#4951=ORIENTED_EDGE('',*,*,#7880,.F.);
#4952=ORIENTED_EDGE('',*,*,#7655,.T.);
#4953=ORIENTED_EDGE('',*,*,#7881,.T.);
#4954=ORIENTED_EDGE('',*,*,#7882,.F.);
#4955=ORIENTED_EDGE('',*,*,#7883,.T.);
#4956=ORIENTED_EDGE('',*,*,#7884,.F.);
#4957=ORIENTED_EDGE('',*,*,#7885,.F.);
#4958=ORIENTED_EDGE('',*,*,#7886,.F.);
#4959=ORIENTED_EDGE('',*,*,#7881,.F.);
#4960=ORIENTED_EDGE('',*,*,#7658,.T.);
#4961=ORIENTED_EDGE('',*,*,#7887,.T.);
#4962=ORIENTED_EDGE('',*,*,#7888,.T.);
#4963=ORIENTED_EDGE('',*,*,#7887,.F.);
#4964=ORIENTED_EDGE('',*,*,#7657,.T.);
#4965=ORIENTED_EDGE('',*,*,#7889,.T.);
#4966=ORIENTED_EDGE('',*,*,#7890,.F.);
#4967=ORIENTED_EDGE('',*,*,#7891,.T.);
#4968=ORIENTED_EDGE('',*,*,#7892,.F.);
#4969=ORIENTED_EDGE('',*,*,#7893,.F.);
#4970=ORIENTED_EDGE('',*,*,#7894,.F.);
#4971=ORIENTED_EDGE('',*,*,#7889,.F.);
#4972=ORIENTED_EDGE('',*,*,#7656,.T.);
#4973=ORIENTED_EDGE('',*,*,#7880,.T.);
#4974=ORIENTED_EDGE('',*,*,#7895,.T.);
#4975=ORIENTED_EDGE('',*,*,#7871,.T.);
#4976=ORIENTED_EDGE('',*,*,#7896,.F.);
#4977=ORIENTED_EDGE('',*,*,#7877,.F.);
#4978=ORIENTED_EDGE('',*,*,#7897,.F.);
#4979=ORIENTED_EDGE('',*,*,#7888,.F.);
#4980=ORIENTED_EDGE('',*,*,#7894,.T.);
#4981=ORIENTED_EDGE('',*,*,#7898,.T.);
#4982=ORIENTED_EDGE('',*,*,#7882,.T.);
#4983=ORIENTED_EDGE('',*,*,#7874,.F.);
#4984=ORIENTED_EDGE('',*,*,#7879,.T.);
#4985=ORIENTED_EDGE('',*,*,#7866,.T.);
#4986=ORIENTED_EDGE('',*,*,#7869,.T.);
#4987=ORIENTED_EDGE('',*,*,#7899,.F.);
#4988=ORIENTED_EDGE('',*,*,#7872,.T.);
#4989=ORIENTED_EDGE('',*,*,#7897,.T.);
#4990=ORIENTED_EDGE('',*,*,#7876,.T.);
#4991=ORIENTED_EDGE('',*,*,#7875,.F.);
#4992=ORIENTED_EDGE('',*,*,#7659,.T.);
#4993=ORIENTED_EDGE('',*,*,#7867,.T.);
#4994=ORIENTED_EDGE('',*,*,#7899,.T.);
#4995=ORIENTED_EDGE('',*,*,#7895,.F.);
#4996=ORIENTED_EDGE('',*,*,#7886,.T.);
#4997=ORIENTED_EDGE('',*,*,#7900,.T.);
#4998=ORIENTED_EDGE('',*,*,#7890,.T.);
#4999=ORIENTED_EDGE('',*,*,#7885,.T.);
#5000=ORIENTED_EDGE('',*,*,#7901,.F.);
#5001=ORIENTED_EDGE('',*,*,#7891,.F.);
#5002=ORIENTED_EDGE('',*,*,#7900,.F.);
#5003=ORIENTED_EDGE('',*,*,#7893,.T.);
#5004=ORIENTED_EDGE('',*,*,#7902,.F.);
#5005=ORIENTED_EDGE('',*,*,#7883,.F.);
#5006=ORIENTED_EDGE('',*,*,#7898,.F.);
#5007=ORIENTED_EDGE('',*,*,#7903,.T.);
#5008=ORIENTED_EDGE('',*,*,#7904,.F.);
#5009=ORIENTED_EDGE('',*,*,#7905,.F.);
#5010=ORIENTED_EDGE('',*,*,#7906,.F.);
#5011=ORIENTED_EDGE('',*,*,#7907,.F.);
#5012=ORIENTED_EDGE('',*,*,#7670,.T.);
#5013=ORIENTED_EDGE('',*,*,#7908,.T.);
#5014=ORIENTED_EDGE('',*,*,#7909,.F.);
#5015=ORIENTED_EDGE('',*,*,#7905,.T.);
#5016=ORIENTED_EDGE('',*,*,#7910,.F.);
#5017=ORIENTED_EDGE('',*,*,#7911,.F.);
#5018=ORIENTED_EDGE('',*,*,#7912,.F.);
#5019=ORIENTED_EDGE('',*,*,#7908,.F.);
#5020=ORIENTED_EDGE('',*,*,#7669,.T.);
#5021=ORIENTED_EDGE('',*,*,#7913,.T.);
#5022=ORIENTED_EDGE('',*,*,#7914,.T.);
#5023=ORIENTED_EDGE('',*,*,#7913,.F.);
#5024=ORIENTED_EDGE('',*,*,#7668,.T.);
#5025=ORIENTED_EDGE('',*,*,#7915,.T.);
#5026=ORIENTED_EDGE('',*,*,#7916,.F.);
#5027=ORIENTED_EDGE('',*,*,#7917,.T.);
#5028=ORIENTED_EDGE('',*,*,#7918,.F.);
#5029=ORIENTED_EDGE('',*,*,#7903,.F.);
#5030=ORIENTED_EDGE('',*,*,#7919,.F.);
#5031=ORIENTED_EDGE('',*,*,#7920,.F.);
#5032=ORIENTED_EDGE('',*,*,#7663,.T.);
#5033=ORIENTED_EDGE('',*,*,#7921,.T.);
#5034=ORIENTED_EDGE('',*,*,#7922,.F.);
#5035=ORIENTED_EDGE('',*,*,#7923,.T.);
#5036=ORIENTED_EDGE('',*,*,#7924,.F.);
#5037=ORIENTED_EDGE('',*,*,#7925,.F.);
#5038=ORIENTED_EDGE('',*,*,#7926,.F.);
#5039=ORIENTED_EDGE('',*,*,#7921,.F.);
#5040=ORIENTED_EDGE('',*,*,#7666,.T.);
#5041=ORIENTED_EDGE('',*,*,#7927,.T.);
#5042=ORIENTED_EDGE('',*,*,#7928,.T.);
#5043=ORIENTED_EDGE('',*,*,#7927,.F.);
#5044=ORIENTED_EDGE('',*,*,#7665,.T.);
#5045=ORIENTED_EDGE('',*,*,#7929,.T.);
#5046=ORIENTED_EDGE('',*,*,#7930,.F.);
#5047=ORIENTED_EDGE('',*,*,#7931,.T.);
#5048=ORIENTED_EDGE('',*,*,#7932,.F.);
#5049=ORIENTED_EDGE('',*,*,#7933,.F.);
#5050=ORIENTED_EDGE('',*,*,#7934,.F.);
#5051=ORIENTED_EDGE('',*,*,#7929,.F.);
#5052=ORIENTED_EDGE('',*,*,#7664,.T.);
#5053=ORIENTED_EDGE('',*,*,#7920,.T.);
#5054=ORIENTED_EDGE('',*,*,#7935,.T.);
#5055=ORIENTED_EDGE('',*,*,#7911,.T.);
#5056=ORIENTED_EDGE('',*,*,#7936,.F.);
#5057=ORIENTED_EDGE('',*,*,#7917,.F.);
#5058=ORIENTED_EDGE('',*,*,#7937,.F.);
#5059=ORIENTED_EDGE('',*,*,#7928,.F.);
#5060=ORIENTED_EDGE('',*,*,#7934,.T.);
#5061=ORIENTED_EDGE('',*,*,#7938,.T.);
#5062=ORIENTED_EDGE('',*,*,#7922,.T.);
#5063=ORIENTED_EDGE('',*,*,#7914,.F.);
#5064=ORIENTED_EDGE('',*,*,#7919,.T.);
#5065=ORIENTED_EDGE('',*,*,#7906,.T.);
#5066=ORIENTED_EDGE('',*,*,#7909,.T.);
#5067=ORIENTED_EDGE('',*,*,#7939,.F.);
#5068=ORIENTED_EDGE('',*,*,#7912,.T.);
#5069=ORIENTED_EDGE('',*,*,#7937,.T.);
#5070=ORIENTED_EDGE('',*,*,#7916,.T.);
#5071=ORIENTED_EDGE('',*,*,#7915,.F.);
#5072=ORIENTED_EDGE('',*,*,#7667,.T.);
#5073=ORIENTED_EDGE('',*,*,#7907,.T.);
#5074=ORIENTED_EDGE('',*,*,#7939,.T.);
#5075=ORIENTED_EDGE('',*,*,#7935,.F.);
#5076=ORIENTED_EDGE('',*,*,#7926,.T.);
#5077=ORIENTED_EDGE('',*,*,#7940,.T.);
#5078=ORIENTED_EDGE('',*,*,#7930,.T.);
#5079=ORIENTED_EDGE('',*,*,#7925,.T.);
#5080=ORIENTED_EDGE('',*,*,#7941,.F.);
#5081=ORIENTED_EDGE('',*,*,#7931,.F.);
#5082=ORIENTED_EDGE('',*,*,#7940,.F.);
#5083=ORIENTED_EDGE('',*,*,#7933,.T.);
#5084=ORIENTED_EDGE('',*,*,#7942,.F.);
#5085=ORIENTED_EDGE('',*,*,#7923,.F.);
#5086=ORIENTED_EDGE('',*,*,#7938,.F.);
#5087=ORIENTED_EDGE('',*,*,#7943,.T.);
#5088=ORIENTED_EDGE('',*,*,#7944,.F.);
#5089=ORIENTED_EDGE('',*,*,#7945,.F.);
#5090=ORIENTED_EDGE('',*,*,#7946,.F.);
#5091=ORIENTED_EDGE('',*,*,#7947,.F.);
#5092=ORIENTED_EDGE('',*,*,#7678,.T.);
#5093=ORIENTED_EDGE('',*,*,#7948,.T.);
#5094=ORIENTED_EDGE('',*,*,#7949,.F.);
#5095=ORIENTED_EDGE('',*,*,#7945,.T.);
#5096=ORIENTED_EDGE('',*,*,#7950,.F.);
#5097=ORIENTED_EDGE('',*,*,#7951,.F.);
#5098=ORIENTED_EDGE('',*,*,#7952,.F.);
#5099=ORIENTED_EDGE('',*,*,#7948,.F.);
#5100=ORIENTED_EDGE('',*,*,#7677,.T.);
#5101=ORIENTED_EDGE('',*,*,#7953,.T.);
#5102=ORIENTED_EDGE('',*,*,#7954,.T.);
#5103=ORIENTED_EDGE('',*,*,#7953,.F.);
#5104=ORIENTED_EDGE('',*,*,#7676,.T.);
#5105=ORIENTED_EDGE('',*,*,#7955,.T.);
#5106=ORIENTED_EDGE('',*,*,#7956,.F.);
#5107=ORIENTED_EDGE('',*,*,#7957,.T.);
#5108=ORIENTED_EDGE('',*,*,#7958,.F.);
#5109=ORIENTED_EDGE('',*,*,#7943,.F.);
#5110=ORIENTED_EDGE('',*,*,#7959,.F.);
#5111=ORIENTED_EDGE('',*,*,#7960,.F.);
#5112=ORIENTED_EDGE('',*,*,#7671,.T.);
#5113=ORIENTED_EDGE('',*,*,#7961,.T.);
#5114=ORIENTED_EDGE('',*,*,#7962,.F.);
#5115=ORIENTED_EDGE('',*,*,#7963,.T.);
#5116=ORIENTED_EDGE('',*,*,#7964,.F.);
#5117=ORIENTED_EDGE('',*,*,#7965,.F.);
#5118=ORIENTED_EDGE('',*,*,#7966,.F.);
#5119=ORIENTED_EDGE('',*,*,#7961,.F.);
#5120=ORIENTED_EDGE('',*,*,#7674,.T.);
#5121=ORIENTED_EDGE('',*,*,#7967,.T.);
#5122=ORIENTED_EDGE('',*,*,#7968,.T.);
#5123=ORIENTED_EDGE('',*,*,#7967,.F.);
#5124=ORIENTED_EDGE('',*,*,#7673,.T.);
#5125=ORIENTED_EDGE('',*,*,#7969,.T.);
#5126=ORIENTED_EDGE('',*,*,#7970,.F.);
#5127=ORIENTED_EDGE('',*,*,#7971,.T.);
#5128=ORIENTED_EDGE('',*,*,#7972,.F.);
#5129=ORIENTED_EDGE('',*,*,#7973,.F.);
#5130=ORIENTED_EDGE('',*,*,#7974,.F.);
#5131=ORIENTED_EDGE('',*,*,#7969,.F.);
#5132=ORIENTED_EDGE('',*,*,#7672,.T.);
#5133=ORIENTED_EDGE('',*,*,#7960,.T.);
#5134=ORIENTED_EDGE('',*,*,#7975,.T.);
#5135=ORIENTED_EDGE('',*,*,#7951,.T.);
#5136=ORIENTED_EDGE('',*,*,#7976,.F.);
#5137=ORIENTED_EDGE('',*,*,#7957,.F.);
#5138=ORIENTED_EDGE('',*,*,#7977,.F.);
#5139=ORIENTED_EDGE('',*,*,#7968,.F.);
#5140=ORIENTED_EDGE('',*,*,#7974,.T.);
#5141=ORIENTED_EDGE('',*,*,#7978,.T.);
#5142=ORIENTED_EDGE('',*,*,#7962,.T.);
#5143=ORIENTED_EDGE('',*,*,#7954,.F.);
#5144=ORIENTED_EDGE('',*,*,#7959,.T.);
#5145=ORIENTED_EDGE('',*,*,#7946,.T.);
#5146=ORIENTED_EDGE('',*,*,#7949,.T.);
#5147=ORIENTED_EDGE('',*,*,#7979,.F.);
#5148=ORIENTED_EDGE('',*,*,#7952,.T.);
#5149=ORIENTED_EDGE('',*,*,#7977,.T.);
#5150=ORIENTED_EDGE('',*,*,#7956,.T.);
#5151=ORIENTED_EDGE('',*,*,#7955,.F.);
#5152=ORIENTED_EDGE('',*,*,#7675,.T.);
#5153=ORIENTED_EDGE('',*,*,#7947,.T.);
#5154=ORIENTED_EDGE('',*,*,#7979,.T.);
#5155=ORIENTED_EDGE('',*,*,#7975,.F.);
#5156=ORIENTED_EDGE('',*,*,#7966,.T.);
#5157=ORIENTED_EDGE('',*,*,#7980,.T.);
#5158=ORIENTED_EDGE('',*,*,#7970,.T.);
#5159=ORIENTED_EDGE('',*,*,#7965,.T.);
#5160=ORIENTED_EDGE('',*,*,#7981,.F.);
#5161=ORIENTED_EDGE('',*,*,#7971,.F.);
#5162=ORIENTED_EDGE('',*,*,#7980,.F.);
#5163=ORIENTED_EDGE('',*,*,#7973,.T.);
#5164=ORIENTED_EDGE('',*,*,#7982,.F.);
#5165=ORIENTED_EDGE('',*,*,#7963,.F.);
#5166=ORIENTED_EDGE('',*,*,#7978,.F.);
#5167=ORIENTED_EDGE('',*,*,#7983,.T.);
#5168=ORIENTED_EDGE('',*,*,#7984,.T.);
#5169=ORIENTED_EDGE('',*,*,#7679,.F.);
#5170=ORIENTED_EDGE('',*,*,#7985,.T.);
#5171=ORIENTED_EDGE('',*,*,#7986,.F.);
#5172=ORIENTED_EDGE('',*,*,#7987,.T.);
#5173=ORIENTED_EDGE('',*,*,#7988,.T.);
#5174=ORIENTED_EDGE('',*,*,#7989,.T.);
#5175=ORIENTED_EDGE('',*,*,#7685,.F.);
#5176=ORIENTED_EDGE('',*,*,#7990,.T.);
#5177=ORIENTED_EDGE('',*,*,#7991,.F.);
#5178=ORIENTED_EDGE('',*,*,#7992,.T.);
#5179=ORIENTED_EDGE('',*,*,#7993,.F.);
#5180=ORIENTED_EDGE('',*,*,#7994,.T.);
#5181=ORIENTED_EDGE('',*,*,#7683,.F.);
#5182=ORIENTED_EDGE('',*,*,#7995,.T.);
#5183=ORIENTED_EDGE('',*,*,#7996,.F.);
#5184=ORIENTED_EDGE('',*,*,#7997,.T.);
#5185=ORIENTED_EDGE('',*,*,#7998,.F.);
#5186=ORIENTED_EDGE('',*,*,#7999,.T.);
#5187=ORIENTED_EDGE('',*,*,#7681,.F.);
#5188=ORIENTED_EDGE('',*,*,#8000,.T.);
#5189=ORIENTED_EDGE('',*,*,#8001,.T.);
#5190=ORIENTED_EDGE('',*,*,#8002,.T.);
#5191=ORIENTED_EDGE('',*,*,#7736,.T.);
#5192=ORIENTED_EDGE('',*,*,#7710,.T.);
#5193=ORIENTED_EDGE('',*,*,#7704,.T.);
#5194=ORIENTED_EDGE('',*,*,#7718,.T.);
#5195=ORIENTED_EDGE('',*,*,#7741,.T.);
#5196=ORIENTED_EDGE('',*,*,#7724,.T.);
#5197=ORIENTED_EDGE('',*,*,#7742,.T.);
#5198=ORIENTED_EDGE('',*,*,#7732,.T.);
#5199=ORIENTED_EDGE('',*,*,#7776,.T.);
#5200=ORIENTED_EDGE('',*,*,#7750,.T.);
#5201=ORIENTED_EDGE('',*,*,#7744,.T.);
#5202=ORIENTED_EDGE('',*,*,#7758,.T.);
#5203=ORIENTED_EDGE('',*,*,#7781,.T.);
#5204=ORIENTED_EDGE('',*,*,#7764,.T.);
#5205=ORIENTED_EDGE('',*,*,#7782,.T.);
#5206=ORIENTED_EDGE('',*,*,#7772,.T.);
#5207=ORIENTED_EDGE('',*,*,#7816,.T.);
#5208=ORIENTED_EDGE('',*,*,#7790,.T.);
#5209=ORIENTED_EDGE('',*,*,#7784,.T.);
#5210=ORIENTED_EDGE('',*,*,#7798,.T.);
#5211=ORIENTED_EDGE('',*,*,#7821,.T.);
#5212=ORIENTED_EDGE('',*,*,#7804,.T.);
#5213=ORIENTED_EDGE('',*,*,#7822,.T.);
#5214=ORIENTED_EDGE('',*,*,#7812,.T.);
#5215=ORIENTED_EDGE('',*,*,#7856,.T.);
#5216=ORIENTED_EDGE('',*,*,#7830,.T.);
#5217=ORIENTED_EDGE('',*,*,#7824,.T.);
#5218=ORIENTED_EDGE('',*,*,#7838,.T.);
#5219=ORIENTED_EDGE('',*,*,#7861,.T.);
#5220=ORIENTED_EDGE('',*,*,#7844,.T.);
#5221=ORIENTED_EDGE('',*,*,#7862,.T.);
#5222=ORIENTED_EDGE('',*,*,#7852,.T.);
#5223=ORIENTED_EDGE('',*,*,#7896,.T.);
#5224=ORIENTED_EDGE('',*,*,#7870,.T.);
#5225=ORIENTED_EDGE('',*,*,#7864,.T.);
#5226=ORIENTED_EDGE('',*,*,#7878,.T.);
#5227=ORIENTED_EDGE('',*,*,#7901,.T.);
#5228=ORIENTED_EDGE('',*,*,#7884,.T.);
#5229=ORIENTED_EDGE('',*,*,#7902,.T.);
#5230=ORIENTED_EDGE('',*,*,#7892,.T.);
#5231=ORIENTED_EDGE('',*,*,#7936,.T.);
#5232=ORIENTED_EDGE('',*,*,#7910,.T.);
#5233=ORIENTED_EDGE('',*,*,#7904,.T.);
#5234=ORIENTED_EDGE('',*,*,#7918,.T.);
#5235=ORIENTED_EDGE('',*,*,#7941,.T.);
#5236=ORIENTED_EDGE('',*,*,#7924,.T.);
#5237=ORIENTED_EDGE('',*,*,#7942,.T.);
#5238=ORIENTED_EDGE('',*,*,#7932,.T.);
#5239=ORIENTED_EDGE('',*,*,#7976,.T.);
#5240=ORIENTED_EDGE('',*,*,#7950,.T.);
#5241=ORIENTED_EDGE('',*,*,#7944,.T.);
#5242=ORIENTED_EDGE('',*,*,#7958,.T.);
#5243=ORIENTED_EDGE('',*,*,#7981,.T.);
#5244=ORIENTED_EDGE('',*,*,#7964,.T.);
#5245=ORIENTED_EDGE('',*,*,#7982,.T.);
#5246=ORIENTED_EDGE('',*,*,#7972,.T.);
#5247=ORIENTED_EDGE('',*,*,#7991,.T.);
#5248=ORIENTED_EDGE('',*,*,#8003,.T.);
#5249=ORIENTED_EDGE('',*,*,#7993,.T.);
#5250=ORIENTED_EDGE('',*,*,#8004,.T.);
#5251=ORIENTED_EDGE('',*,*,#8005,.T.);
#5252=ORIENTED_EDGE('',*,*,#8006,.T.);
#5253=ORIENTED_EDGE('',*,*,#8007,.F.);
#5254=ORIENTED_EDGE('',*,*,#8008,.T.);
#5255=ORIENTED_EDGE('',*,*,#8009,.T.);
#5256=ORIENTED_EDGE('',*,*,#8010,.T.);
#5257=ORIENTED_EDGE('',*,*,#8011,.F.);
#5258=ORIENTED_EDGE('',*,*,#8012,.T.);
#5259=ORIENTED_EDGE('',*,*,#7986,.T.);
#5260=ORIENTED_EDGE('',*,*,#8013,.T.);
#5261=ORIENTED_EDGE('',*,*,#8014,.T.);
#5262=ORIENTED_EDGE('',*,*,#8015,.T.);
#5263=ORIENTED_EDGE('',*,*,#8016,.T.);
#5264=ORIENTED_EDGE('',*,*,#8017,.T.);
#5265=ORIENTED_EDGE('',*,*,#8018,.T.);
#5266=ORIENTED_EDGE('',*,*,#8019,.T.);
#5267=ORIENTED_EDGE('',*,*,#8020,.T.);
#5268=ORIENTED_EDGE('',*,*,#8021,.T.);
#5269=ORIENTED_EDGE('',*,*,#7998,.T.);
#5270=ORIENTED_EDGE('',*,*,#8022,.T.);
#5271=ORIENTED_EDGE('',*,*,#8023,.F.);
#5272=ORIENTED_EDGE('',*,*,#8024,.T.);
#5273=ORIENTED_EDGE('',*,*,#7988,.F.);
#5274=ORIENTED_EDGE('',*,*,#8025,.T.);
#5275=ORIENTED_EDGE('',*,*,#8026,.T.);
#5276=ORIENTED_EDGE('',*,*,#8027,.T.);
#5277=ORIENTED_EDGE('',*,*,#8028,.F.);
#5278=ORIENTED_EDGE('',*,*,#8029,.T.);
#5279=ORIENTED_EDGE('',*,*,#8030,.T.);
#5280=ORIENTED_EDGE('',*,*,#8031,.T.);
#5281=ORIENTED_EDGE('',*,*,#8032,.F.);
#5282=ORIENTED_EDGE('',*,*,#8033,.T.);
#5283=ORIENTED_EDGE('',*,*,#8034,.F.);
#5284=ORIENTED_EDGE('',*,*,#8035,.T.);
#5285=ORIENTED_EDGE('',*,*,#8036,.T.);
#5286=ORIENTED_EDGE('',*,*,#8037,.T.);
#5287=ORIENTED_EDGE('',*,*,#8038,.F.);
#5288=ORIENTED_EDGE('',*,*,#8039,.T.);
#5289=ORIENTED_EDGE('',*,*,#8040,.T.);
#5290=ORIENTED_EDGE('',*,*,#8041,.T.);
#5291=ORIENTED_EDGE('',*,*,#8042,.F.);
#5292=ORIENTED_EDGE('',*,*,#8043,.T.);
#5293=ORIENTED_EDGE('',*,*,#8044,.T.);
#5294=ORIENTED_EDGE('',*,*,#8045,.T.);
#5295=ORIENTED_EDGE('',*,*,#8026,.F.);
#5296=ORIENTED_EDGE('',*,*,#8046,.T.);
#5297=ORIENTED_EDGE('',*,*,#8011,.T.);
#5298=ORIENTED_EDGE('',*,*,#8047,.T.);
#5299=ORIENTED_EDGE('',*,*,#8001,.F.);
#5300=ORIENTED_EDGE('',*,*,#8048,.T.);
#5301=ORIENTED_EDGE('',*,*,#7983,.F.);
#5302=ORIENTED_EDGE('',*,*,#8049,.T.);
#5303=ORIENTED_EDGE('',*,*,#8050,.T.);
#5304=ORIENTED_EDGE('',*,*,#8051,.T.);
#5305=ORIENTED_EDGE('',*,*,#7996,.T.);
#5306=ORIENTED_EDGE('',*,*,#8052,.T.);
#5307=ORIENTED_EDGE('',*,*,#8023,.T.);
#5308=ORIENTED_EDGE('',*,*,#8053,.T.);
#5309=ORIENTED_EDGE('',*,*,#8050,.F.);
#5310=ORIENTED_EDGE('',*,*,#8054,.T.);
#5311=ORIENTED_EDGE('',*,*,#8032,.T.);
#5312=ORIENTED_EDGE('',*,*,#8055,.T.);
#5313=ORIENTED_EDGE('',*,*,#8005,.F.);
#5314=ORIENTED_EDGE('',*,*,#8056,.T.);
#5315=ORIENTED_EDGE('',*,*,#8028,.T.);
#5316=ORIENTED_EDGE('',*,*,#8057,.T.);
#5317=ORIENTED_EDGE('',*,*,#8009,.F.);
#5318=ORIENTED_EDGE('',*,*,#8058,.F.);
#5319=ORIENTED_EDGE('',*,*,#8058,.T.);
#5320=ORIENTED_EDGE('',*,*,#8008,.F.);
#5321=ORIENTED_EDGE('',*,*,#8059,.F.);
#5322=ORIENTED_EDGE('',*,*,#8029,.F.);
#5323=ORIENTED_EDGE('',*,*,#8007,.T.);
#5324=ORIENTED_EDGE('',*,*,#8060,.T.);
#5325=ORIENTED_EDGE('',*,*,#8030,.F.);
#5326=ORIENTED_EDGE('',*,*,#8059,.T.);
#5327=ORIENTED_EDGE('',*,*,#7699,.F.);
#5328=ORIENTED_EDGE('',*,*,#8061,.T.);
#5329=ORIENTED_EDGE('',*,*,#8062,.F.);
#5330=ORIENTED_EDGE('',*,*,#8063,.T.);
#5331=ORIENTED_EDGE('',*,*,#8064,.F.);
#5332=ORIENTED_EDGE('',*,*,#8065,.T.);
#5333=ORIENTED_EDGE('',*,*,#7697,.F.);
#5334=ORIENTED_EDGE('',*,*,#8066,.T.);
#5335=ORIENTED_EDGE('',*,*,#8067,.F.);
#5336=ORIENTED_EDGE('',*,*,#8068,.T.);
#5337=ORIENTED_EDGE('',*,*,#7695,.F.);
#5338=ORIENTED_EDGE('',*,*,#8069,.T.);
#5339=ORIENTED_EDGE('',*,*,#8070,.F.);
#5340=ORIENTED_EDGE('',*,*,#8071,.T.);
#5341=ORIENTED_EDGE('',*,*,#7701,.T.);
#5342=ORIENTED_EDGE('',*,*,#8072,.T.);
#5343=ORIENTED_EDGE('',*,*,#8062,.T.);
#5344=ORIENTED_EDGE('',*,*,#8073,.T.);
#5345=ORIENTED_EDGE('',*,*,#8064,.T.);
#5346=ORIENTED_EDGE('',*,*,#8074,.T.);
#5347=ORIENTED_EDGE('',*,*,#8067,.T.);
#5348=ORIENTED_EDGE('',*,*,#8075,.T.);
#5349=ORIENTED_EDGE('',*,*,#8070,.T.);
#5350=ORIENTED_EDGE('',*,*,#8076,.T.);
#5351=ORIENTED_EDGE('',*,*,#8077,.F.);
#5352=ORIENTED_EDGE('',*,*,#7690,.T.);
#5353=ORIENTED_EDGE('',*,*,#8078,.T.);
#5354=ORIENTED_EDGE('',*,*,#8041,.F.);
#5355=ORIENTED_EDGE('',*,*,#8079,.T.);
#5356=ORIENTED_EDGE('',*,*,#8019,.F.);
#5357=ORIENTED_EDGE('',*,*,#8080,.F.);
#5358=ORIENTED_EDGE('',*,*,#8035,.F.);
#5359=ORIENTED_EDGE('',*,*,#8081,.T.);
#5360=ORIENTED_EDGE('',*,*,#8020,.F.);
#5361=ORIENTED_EDGE('',*,*,#8079,.F.);
#5362=ORIENTED_EDGE('',*,*,#8040,.F.);
#5363=ORIENTED_EDGE('',*,*,#8082,.F.);
#5364=ORIENTED_EDGE('',*,*,#7688,.T.);
#5365=ORIENTED_EDGE('',*,*,#8083,.T.);
#5366=ORIENTED_EDGE('',*,*,#8037,.F.);
#5367=ORIENTED_EDGE('',*,*,#8084,.T.);
#5368=ORIENTED_EDGE('',*,*,#8021,.F.);
#5369=ORIENTED_EDGE('',*,*,#8081,.F.);
#5370=ORIENTED_EDGE('',*,*,#8039,.F.);
#5371=ORIENTED_EDGE('',*,*,#8080,.T.);
#5372=ORIENTED_EDGE('',*,*,#8018,.F.);
#5373=ORIENTED_EDGE('',*,*,#8084,.F.);
#5374=ORIENTED_EDGE('',*,*,#8036,.F.);
#5375=ORIENTED_EDGE('',*,*,#8085,.F.);
#5376=ORIENTED_EDGE('',*,*,#7691,.T.);
#5377=ORIENTED_EDGE('',*,*,#8086,.T.);
#5378=ORIENTED_EDGE('',*,*,#8045,.F.);
#5379=ORIENTED_EDGE('',*,*,#8087,.T.);
#5380=ORIENTED_EDGE('',*,*,#8015,.F.);
#5381=ORIENTED_EDGE('',*,*,#8088,.F.);
#5382=ORIENTED_EDGE('',*,*,#8089,.F.);
#5383=ORIENTED_EDGE('',*,*,#8090,.T.);
#5384=ORIENTED_EDGE('',*,*,#8016,.F.);
#5385=ORIENTED_EDGE('',*,*,#8087,.F.);
#5386=ORIENTED_EDGE('',*,*,#8044,.F.);
#5387=ORIENTED_EDGE('',*,*,#8091,.F.);
#5388=ORIENTED_EDGE('',*,*,#7693,.T.);
#5389=ORIENTED_EDGE('',*,*,#8092,.T.);
#5390=ORIENTED_EDGE('',*,*,#8093,.F.);
#5391=ORIENTED_EDGE('',*,*,#8094,.T.);
#5392=ORIENTED_EDGE('',*,*,#8017,.F.);
#5393=ORIENTED_EDGE('',*,*,#8090,.F.);
#5394=ORIENTED_EDGE('',*,*,#8043,.F.);
#5395=ORIENTED_EDGE('',*,*,#8088,.T.);
#5396=ORIENTED_EDGE('',*,*,#8014,.F.);
#5397=ORIENTED_EDGE('',*,*,#8094,.F.);
#5398=ORIENTED_EDGE('',*,*,#8095,.F.);
#5399=ORIENTED_EDGE('',*,*,#8096,.F.);
#5400=ORIENTED_EDGE('',*,*,#8089,.T.);
#5401=ORIENTED_EDGE('',*,*,#8095,.T.);
#5402=ORIENTED_EDGE('',*,*,#8093,.T.);
#5403=ORIENTED_EDGE('',*,*,#8078,.F.);
#5404=ORIENTED_EDGE('',*,*,#7689,.T.);
#5405=ORIENTED_EDGE('',*,*,#8082,.T.);
#5406=ORIENTED_EDGE('',*,*,#8038,.T.);
#5407=ORIENTED_EDGE('',*,*,#8083,.F.);
#5408=ORIENTED_EDGE('',*,*,#7687,.T.);
#5409=ORIENTED_EDGE('',*,*,#8077,.T.);
#5410=ORIENTED_EDGE('',*,*,#8034,.T.);
#5411=ORIENTED_EDGE('',*,*,#8086,.F.);
#5412=ORIENTED_EDGE('',*,*,#7694,.T.);
#5413=ORIENTED_EDGE('',*,*,#8091,.T.);
#5414=ORIENTED_EDGE('',*,*,#8042,.T.);
#5415=ORIENTED_EDGE('',*,*,#8092,.F.);
#5416=ORIENTED_EDGE('',*,*,#7692,.T.);
#5417=ORIENTED_EDGE('',*,*,#8085,.T.);
#5418=ORIENTED_EDGE('',*,*,#8096,.T.);
#5419=ORIENTED_EDGE('',*,*,#8033,.F.);
#5420=ORIENTED_EDGE('',*,*,#8056,.F.);
#5421=ORIENTED_EDGE('',*,*,#8004,.F.);
#5422=ORIENTED_EDGE('',*,*,#7999,.F.);
#5423=ORIENTED_EDGE('',*,*,#8031,.F.);
#5424=ORIENTED_EDGE('',*,*,#8060,.F.);
#5425=ORIENTED_EDGE('',*,*,#8006,.F.);
#5426=ORIENTED_EDGE('',*,*,#8055,.F.);
#5427=ORIENTED_EDGE('',*,*,#8027,.F.);
#5428=ORIENTED_EDGE('',*,*,#8047,.F.);
#5429=ORIENTED_EDGE('',*,*,#8010,.F.);
#5430=ORIENTED_EDGE('',*,*,#8057,.F.);
#5431=ORIENTED_EDGE('',*,*,#8025,.F.);
#5432=ORIENTED_EDGE('',*,*,#7987,.F.);
#5433=ORIENTED_EDGE('',*,*,#8012,.F.);
#5434=ORIENTED_EDGE('',*,*,#8046,.F.);
#5435=ORIENTED_EDGE('',*,*,#8049,.F.);
#5436=ORIENTED_EDGE('',*,*,#7989,.F.);
#5437=ORIENTED_EDGE('',*,*,#8024,.F.);
#5438=ORIENTED_EDGE('',*,*,#8054,.F.);
#5439=ORIENTED_EDGE('',*,*,#8051,.F.);
#5440=ORIENTED_EDGE('',*,*,#8053,.F.);
#5441=ORIENTED_EDGE('',*,*,#8022,.F.);
#5442=ORIENTED_EDGE('',*,*,#7997,.F.);
#5443=ORIENTED_EDGE('',*,*,#8052,.F.);
#5444=ORIENTED_EDGE('',*,*,#7995,.F.);
#5445=ORIENTED_EDGE('',*,*,#7682,.F.);
#5446=ORIENTED_EDGE('',*,*,#8002,.F.);
#5447=ORIENTED_EDGE('',*,*,#8013,.F.);
#5448=ORIENTED_EDGE('',*,*,#7985,.F.);
#5449=ORIENTED_EDGE('',*,*,#7686,.F.);
#5450=ORIENTED_EDGE('',*,*,#7992,.F.);
#5451=ORIENTED_EDGE('',*,*,#7994,.F.);
#5452=ORIENTED_EDGE('',*,*,#8003,.F.);
#5453=ORIENTED_EDGE('',*,*,#7990,.F.);
#5454=ORIENTED_EDGE('',*,*,#7684,.T.);
#5455=ORIENTED_EDGE('',*,*,#8048,.F.);
#5456=ORIENTED_EDGE('',*,*,#8000,.F.);
#5457=ORIENTED_EDGE('',*,*,#7680,.F.);
#5458=ORIENTED_EDGE('',*,*,#7984,.F.);
#5459=ORIENTED_EDGE('',*,*,#8076,.F.);
#5460=ORIENTED_EDGE('',*,*,#8072,.F.);
#5461=ORIENTED_EDGE('',*,*,#7700,.F.);
#5462=ORIENTED_EDGE('',*,*,#8063,.F.);
#5463=ORIENTED_EDGE('',*,*,#8075,.F.);
#5464=ORIENTED_EDGE('',*,*,#8069,.F.);
#5465=ORIENTED_EDGE('',*,*,#7702,.F.);
#5466=ORIENTED_EDGE('',*,*,#8071,.F.);
#5467=ORIENTED_EDGE('',*,*,#8074,.F.);
#5468=ORIENTED_EDGE('',*,*,#8066,.F.);
#5469=ORIENTED_EDGE('',*,*,#7696,.F.);
#5470=ORIENTED_EDGE('',*,*,#8068,.F.);
#5471=ORIENTED_EDGE('',*,*,#8073,.F.);
#5472=ORIENTED_EDGE('',*,*,#8061,.F.);
#5473=ORIENTED_EDGE('',*,*,#7698,.F.);
#5474=ORIENTED_EDGE('',*,*,#8065,.F.);
#5475=ORIENTED_EDGE('',*,*,#8097,.T.);
#5476=ORIENTED_EDGE('',*,*,#8098,.T.);
#5477=ORIENTED_EDGE('',*,*,#8099,.F.);
#5478=ORIENTED_EDGE('',*,*,#8100,.F.);
#5479=ORIENTED_EDGE('',*,*,#8101,.T.);
#5480=ORIENTED_EDGE('',*,*,#8102,.T.);
#5481=ORIENTED_EDGE('',*,*,#8097,.F.);
#5482=ORIENTED_EDGE('',*,*,#8103,.F.);
#5483=ORIENTED_EDGE('',*,*,#8104,.T.);
#5484=ORIENTED_EDGE('',*,*,#8105,.F.);
#5485=ORIENTED_EDGE('',*,*,#8106,.T.);
#5486=ORIENTED_EDGE('',*,*,#8107,.F.);
#5487=ORIENTED_EDGE('',*,*,#8108,.F.);
#5488=ORIENTED_EDGE('',*,*,#8109,.T.);
#5489=ORIENTED_EDGE('',*,*,#8110,.F.);
#5490=ORIENTED_EDGE('',*,*,#8111,.T.);
#5491=ORIENTED_EDGE('',*,*,#8112,.F.);
#5492=ORIENTED_EDGE('',*,*,#8113,.T.);
#5493=ORIENTED_EDGE('',*,*,#8108,.T.);
#5494=ORIENTED_EDGE('',*,*,#8114,.T.);
#5495=ORIENTED_EDGE('',*,*,#8099,.T.);
#5496=ORIENTED_EDGE('',*,*,#8115,.T.);
#5497=ORIENTED_EDGE('',*,*,#8116,.T.);
#5498=ORIENTED_EDGE('',*,*,#8117,.F.);
#5499=ORIENTED_EDGE('',*,*,#8118,.F.);
#5500=ORIENTED_EDGE('',*,*,#8119,.T.);
#5501=ORIENTED_EDGE('',*,*,#8112,.T.);
#5502=ORIENTED_EDGE('',*,*,#8120,.F.);
#5503=ORIENTED_EDGE('',*,*,#8121,.T.);
#5504=ORIENTED_EDGE('',*,*,#8122,.F.);
#5505=ORIENTED_EDGE('',*,*,#8123,.T.);
#5506=ORIENTED_EDGE('',*,*,#8124,.F.);
#5507=ORIENTED_EDGE('',*,*,#8125,.T.);
#5508=ORIENTED_EDGE('',*,*,#8126,.F.);
#5509=ORIENTED_EDGE('',*,*,#8127,.F.);
#5510=ORIENTED_EDGE('',*,*,#8117,.T.);
#5511=ORIENTED_EDGE('',*,*,#8128,.T.);
#5512=ORIENTED_EDGE('',*,*,#8129,.T.);
#5513=ORIENTED_EDGE('',*,*,#8130,.F.);
#5514=ORIENTED_EDGE('',*,*,#8131,.T.);
#5515=ORIENTED_EDGE('',*,*,#8132,.F.);
#5516=ORIENTED_EDGE('',*,*,#8126,.T.);
#5517=ORIENTED_EDGE('',*,*,#8130,.T.);
#5518=ORIENTED_EDGE('',*,*,#8133,.T.);
#5519=ORIENTED_EDGE('',*,*,#8134,.F.);
#5520=ORIENTED_EDGE('',*,*,#8135,.T.);
#5521=ORIENTED_EDGE('',*,*,#8134,.T.);
#5522=ORIENTED_EDGE('',*,*,#8136,.T.);
#5523=ORIENTED_EDGE('',*,*,#8137,.T.);
#5524=ORIENTED_EDGE('',*,*,#8138,.F.);
#5525=ORIENTED_EDGE('',*,*,#8139,.F.);
#5526=ORIENTED_EDGE('',*,*,#8140,.T.);
#5527=ORIENTED_EDGE('',*,*,#8141,.T.);
#5528=ORIENTED_EDGE('',*,*,#8111,.F.);
#5529=ORIENTED_EDGE('',*,*,#8142,.F.);
#5530=ORIENTED_EDGE('',*,*,#8138,.T.);
#5531=ORIENTED_EDGE('',*,*,#8132,.T.);
#5532=ORIENTED_EDGE('',*,*,#8143,.T.);
#5533=ORIENTED_EDGE('',*,*,#8139,.T.);
#5534=ORIENTED_EDGE('',*,*,#8142,.T.);
#5535=ORIENTED_EDGE('',*,*,#8110,.T.);
#5536=ORIENTED_EDGE('',*,*,#8144,.T.);
#5537=ORIENTED_EDGE('',*,*,#8118,.T.);
#5538=ORIENTED_EDGE('',*,*,#8127,.T.);
#5539=ORIENTED_EDGE('',*,*,#8137,.F.);
#5540=ORIENTED_EDGE('',*,*,#8145,.T.);
#5541=ORIENTED_EDGE('',*,*,#8128,.F.);
#5542=ORIENTED_EDGE('',*,*,#8125,.F.);
#5543=ORIENTED_EDGE('',*,*,#8116,.F.);
#5544=ORIENTED_EDGE('',*,*,#8146,.T.);
#5545=ORIENTED_EDGE('',*,*,#8101,.F.);
#5546=ORIENTED_EDGE('',*,*,#8141,.F.);
#5547=ORIENTED_EDGE('',*,*,#8124,.T.);
#5548=ORIENTED_EDGE('',*,*,#8147,.T.);
#5549=ORIENTED_EDGE('',*,*,#8103,.T.);
#5550=ORIENTED_EDGE('',*,*,#8100,.T.);
#5551=ORIENTED_EDGE('',*,*,#8107,.T.);
#5552=ORIENTED_EDGE('',*,*,#8148,.T.);
#5553=ORIENTED_EDGE('',*,*,#8120,.T.);
#5554=ORIENTED_EDGE('',*,*,#8114,.F.);
#5555=ORIENTED_EDGE('',*,*,#8105,.T.);
#5556=ORIENTED_EDGE('',*,*,#8149,.T.);
#5557=ORIENTED_EDGE('',*,*,#8122,.T.);
#5558=ORIENTED_EDGE('',*,*,#8150,.T.);
#5559=ORIENTED_EDGE('',*,*,#8129,.F.);
#5560=ORIENTED_EDGE('',*,*,#8145,.F.);
#5561=ORIENTED_EDGE('',*,*,#8136,.F.);
#5562=ORIENTED_EDGE('',*,*,#8133,.F.);
#5563=ORIENTED_EDGE('',*,*,#8102,.F.);
#5564=ORIENTED_EDGE('',*,*,#8146,.F.);
#5565=ORIENTED_EDGE('',*,*,#8115,.F.);
#5566=ORIENTED_EDGE('',*,*,#8098,.F.);
#5567=ORIENTED_EDGE('',*,*,#8104,.F.);
#5568=ORIENTED_EDGE('',*,*,#8147,.F.);
#5569=ORIENTED_EDGE('',*,*,#8123,.F.);
#5570=ORIENTED_EDGE('',*,*,#8149,.F.);
#5571=ORIENTED_EDGE('',*,*,#8106,.F.);
#5572=ORIENTED_EDGE('',*,*,#8150,.F.);
#5573=ORIENTED_EDGE('',*,*,#8121,.F.);
#5574=ORIENTED_EDGE('',*,*,#8148,.F.);
#5575=ORIENTED_EDGE('',*,*,#8131,.F.);
#5576=ORIENTED_EDGE('',*,*,#8135,.F.);
#5577=ORIENTED_EDGE('',*,*,#8140,.F.);
#5578=ORIENTED_EDGE('',*,*,#8143,.F.);
#5579=ORIENTED_EDGE('',*,*,#8109,.F.);
#5580=ORIENTED_EDGE('',*,*,#8113,.F.);
#5581=ORIENTED_EDGE('',*,*,#8119,.F.);
#5582=ORIENTED_EDGE('',*,*,#8144,.F.);
#5583=ORIENTED_EDGE('',*,*,#8151,.T.);
#5584=ORIENTED_EDGE('',*,*,#8152,.T.);
#5585=ORIENTED_EDGE('',*,*,#8153,.T.);
#5586=ORIENTED_EDGE('',*,*,#8154,.T.);
#5587=ORIENTED_EDGE('',*,*,#8155,.T.);
#5588=ORIENTED_EDGE('',*,*,#8156,.T.);
#5589=ORIENTED_EDGE('',*,*,#8157,.T.);
#5590=ORIENTED_EDGE('',*,*,#8158,.T.);
#5591=ORIENTED_EDGE('',*,*,#8159,.T.);
#5592=ORIENTED_EDGE('',*,*,#8160,.T.);
#5593=ORIENTED_EDGE('',*,*,#8161,.T.);
#5594=ORIENTED_EDGE('',*,*,#8162,.T.);
#5595=ORIENTED_EDGE('',*,*,#8163,.T.);
#5596=ORIENTED_EDGE('',*,*,#8164,.T.);
#5597=ORIENTED_EDGE('',*,*,#8165,.T.);
#5598=ORIENTED_EDGE('',*,*,#8166,.T.);
#5599=ORIENTED_EDGE('',*,*,#8167,.F.);
#5600=ORIENTED_EDGE('',*,*,#8168,.T.);
#5601=ORIENTED_EDGE('',*,*,#8169,.F.);
#5602=ORIENTED_EDGE('',*,*,#8170,.F.);
#5603=ORIENTED_EDGE('',*,*,#8171,.T.);
#5604=ORIENTED_EDGE('',*,*,#8172,.T.);
#5605=ORIENTED_EDGE('',*,*,#8173,.T.);
#5606=ORIENTED_EDGE('',*,*,#8174,.T.);
#5607=ORIENTED_EDGE('',*,*,#8175,.T.);
#5608=ORIENTED_EDGE('',*,*,#8176,.T.);
#5609=ORIENTED_EDGE('',*,*,#8177,.T.);
#5610=ORIENTED_EDGE('',*,*,#8178,.T.);
#5611=ORIENTED_EDGE('',*,*,#8179,.T.);
#5612=ORIENTED_EDGE('',*,*,#8180,.T.);
#5613=ORIENTED_EDGE('',*,*,#8181,.T.);
#5614=ORIENTED_EDGE('',*,*,#8182,.T.);
#5615=ORIENTED_EDGE('',*,*,#8183,.T.);
#5616=ORIENTED_EDGE('',*,*,#8184,.T.);
#5617=ORIENTED_EDGE('',*,*,#8185,.T.);
#5618=ORIENTED_EDGE('',*,*,#8186,.T.);
#5619=ORIENTED_EDGE('',*,*,#8187,.T.);
#5620=ORIENTED_EDGE('',*,*,#8188,.T.);
#5621=ORIENTED_EDGE('',*,*,#8189,.T.);
#5622=ORIENTED_EDGE('',*,*,#8190,.T.);
#5623=ORIENTED_EDGE('',*,*,#8191,.F.);
#5624=ORIENTED_EDGE('',*,*,#8192,.F.);
#5625=ORIENTED_EDGE('',*,*,#8193,.F.);
#5626=ORIENTED_EDGE('',*,*,#8194,.T.);
#5627=ORIENTED_EDGE('',*,*,#8195,.F.);
#5628=ORIENTED_EDGE('',*,*,#8194,.F.);
#5629=ORIENTED_EDGE('',*,*,#8196,.F.);
#5630=ORIENTED_EDGE('',*,*,#8197,.T.);
#5631=ORIENTED_EDGE('',*,*,#8198,.F.);
#5632=ORIENTED_EDGE('',*,*,#8199,.T.);
#5633=ORIENTED_EDGE('',*,*,#8200,.T.);
#5634=ORIENTED_EDGE('',*,*,#8201,.F.);
#5635=ORIENTED_EDGE('',*,*,#8200,.F.);
#5636=ORIENTED_EDGE('',*,*,#8202,.T.);
#5637=ORIENTED_EDGE('',*,*,#8203,.T.);
#5638=ORIENTED_EDGE('',*,*,#8204,.F.);
#5639=ORIENTED_EDGE('',*,*,#8196,.T.);
#5640=ORIENTED_EDGE('',*,*,#8193,.T.);
#5641=ORIENTED_EDGE('',*,*,#8205,.T.);
#5642=ORIENTED_EDGE('',*,*,#8206,.T.);
#5643=ORIENTED_EDGE('',*,*,#8207,.F.);
#5644=ORIENTED_EDGE('',*,*,#8208,.F.);
#5645=ORIENTED_EDGE('',*,*,#8202,.F.);
#5646=ORIENTED_EDGE('',*,*,#8199,.F.);
#5647=ORIENTED_EDGE('',*,*,#8209,.F.);
#5648=ORIENTED_EDGE('',*,*,#8207,.T.);
#5649=ORIENTED_EDGE('',*,*,#8198,.T.);
#5650=ORIENTED_EDGE('',*,*,#8210,.F.);
#5651=ORIENTED_EDGE('',*,*,#8203,.F.);
#5652=ORIENTED_EDGE('',*,*,#8208,.T.);
#5653=ORIENTED_EDGE('',*,*,#8209,.T.);
#5654=ORIENTED_EDGE('',*,*,#8211,.F.);
#5655=ORIENTED_EDGE('',*,*,#8212,.F.);
#5656=ORIENTED_EDGE('',*,*,#8213,.F.);
#5657=ORIENTED_EDGE('',*,*,#8205,.F.);
#5658=ORIENTED_EDGE('',*,*,#8192,.T.);
#5659=ORIENTED_EDGE('',*,*,#8214,.F.);
#5660=ORIENTED_EDGE('',*,*,#8197,.F.);
#5661=ORIENTED_EDGE('',*,*,#8206,.F.);
#5662=ORIENTED_EDGE('',*,*,#8213,.T.);
#5663=ORIENTED_EDGE('',*,*,#8215,.T.);
#5664=ORIENTED_EDGE('',*,*,#8216,.T.);
#5665=ORIENTED_EDGE('',*,*,#8217,.T.);
#5666=ORIENTED_EDGE('',*,*,#8218,.T.);
#5667=ORIENTED_EDGE('',*,*,#8219,.T.);
#5668=ORIENTED_EDGE('',*,*,#8220,.T.);
#5669=ORIENTED_EDGE('',*,*,#8221,.T.);
#5670=ORIENTED_EDGE('',*,*,#8222,.T.);
#5671=ORIENTED_EDGE('',*,*,#8223,.T.);
#5672=ORIENTED_EDGE('',*,*,#8224,.T.);
#5673=ORIENTED_EDGE('',*,*,#8225,.T.);
#5674=ORIENTED_EDGE('',*,*,#8226,.T.);
#5675=ORIENTED_EDGE('',*,*,#8227,.T.);
#5676=ORIENTED_EDGE('',*,*,#8228,.T.);
#5677=ORIENTED_EDGE('',*,*,#8229,.T.);
#5678=ORIENTED_EDGE('',*,*,#8230,.T.);
#5679=ORIENTED_EDGE('',*,*,#8231,.F.);
#5680=ORIENTED_EDGE('',*,*,#8232,.T.);
#5681=ORIENTED_EDGE('',*,*,#8233,.F.);
#5682=ORIENTED_EDGE('',*,*,#8234,.F.);
#5683=ORIENTED_EDGE('',*,*,#8235,.F.);
#5684=ORIENTED_EDGE('',*,*,#8236,.F.);
#5685=ORIENTED_EDGE('',*,*,#8237,.F.);
#5686=ORIENTED_EDGE('',*,*,#8238,.F.);
#5687=ORIENTED_EDGE('',*,*,#8239,.F.);
#5688=ORIENTED_EDGE('',*,*,#8215,.F.);
#5689=ORIENTED_EDGE('',*,*,#8240,.T.);
#5690=ORIENTED_EDGE('',*,*,#8241,.T.);
#5691=ORIENTED_EDGE('',*,*,#8242,.T.);
#5692=ORIENTED_EDGE('',*,*,#8243,.F.);
#5693=ORIENTED_EDGE('',*,*,#8216,.F.);
#5694=ORIENTED_EDGE('',*,*,#8239,.T.);
#5695=ORIENTED_EDGE('',*,*,#8244,.F.);
#5696=ORIENTED_EDGE('',*,*,#8217,.F.);
#5697=ORIENTED_EDGE('',*,*,#8243,.T.);
#5698=ORIENTED_EDGE('',*,*,#8245,.T.);
#5699=ORIENTED_EDGE('',*,*,#8246,.T.);
#5700=ORIENTED_EDGE('',*,*,#8240,.F.);
#5701=ORIENTED_EDGE('',*,*,#8218,.F.);
#5702=ORIENTED_EDGE('',*,*,#8244,.T.);
#5703=ORIENTED_EDGE('',*,*,#8247,.F.);
#5704=ORIENTED_EDGE('',*,*,#8167,.T.);
#5705=ORIENTED_EDGE('',*,*,#8248,.T.);
#5706=ORIENTED_EDGE('',*,*,#8249,.F.);
#5707=ORIENTED_EDGE('',*,*,#8250,.F.);
#5708=ORIENTED_EDGE('',*,*,#8233,.T.);
#5709=ORIENTED_EDGE('',*,*,#8251,.F.);
#5710=ORIENTED_EDGE('',*,*,#8252,.F.);
#5711=ORIENTED_EDGE('',*,*,#8250,.T.);
#5712=ORIENTED_EDGE('',*,*,#8253,.F.);
#5713=ORIENTED_EDGE('',*,*,#8254,.F.);
#5714=ORIENTED_EDGE('',*,*,#8234,.T.);
#5715=ORIENTED_EDGE('',*,*,#8255,.F.);
#5716=ORIENTED_EDGE('',*,*,#8256,.F.);
#5717=ORIENTED_EDGE('',*,*,#8257,.F.);
#5718=ORIENTED_EDGE('',*,*,#8231,.T.);
#5719=ORIENTED_EDGE('',*,*,#8254,.T.);
#5720=ORIENTED_EDGE('',*,*,#8258,.F.);
#5721=ORIENTED_EDGE('',*,*,#8259,.F.);
#5722=ORIENTED_EDGE('',*,*,#8169,.T.);
#5723=ORIENTED_EDGE('',*,*,#8259,.T.);
#5724=ORIENTED_EDGE('',*,*,#8260,.T.);
#5725=ORIENTED_EDGE('',*,*,#8248,.F.);
#5726=ORIENTED_EDGE('',*,*,#8170,.T.);
#5727=ORIENTED_EDGE('',*,*,#8261,.F.);
#5728=ORIENTED_EDGE('',*,*,#8262,.T.);
#5729=ORIENTED_EDGE('',*,*,#8166,.F.);
#5730=ORIENTED_EDGE('',*,*,#8263,.F.);
#5731=ORIENTED_EDGE('',*,*,#8264,.F.);
#5732=ORIENTED_EDGE('',*,*,#8265,.T.);
#5733=ORIENTED_EDGE('',*,*,#8163,.F.);
#5734=ORIENTED_EDGE('',*,*,#8262,.F.);
#5735=ORIENTED_EDGE('',*,*,#8266,.F.);
#5736=ORIENTED_EDGE('',*,*,#8267,.T.);
#5737=ORIENTED_EDGE('',*,*,#8164,.F.);
#5738=ORIENTED_EDGE('',*,*,#8265,.F.);
#5739=ORIENTED_EDGE('',*,*,#8268,.F.);
#5740=ORIENTED_EDGE('',*,*,#8263,.T.);
#5741=ORIENTED_EDGE('',*,*,#8165,.F.);
#5742=ORIENTED_EDGE('',*,*,#8267,.F.);
#5743=ORIENTED_EDGE('',*,*,#8269,.F.);
#5744=ORIENTED_EDGE('',*,*,#8270,.T.);
#5745=ORIENTED_EDGE('',*,*,#8162,.F.);
#5746=ORIENTED_EDGE('',*,*,#8271,.F.);
#5747=ORIENTED_EDGE('',*,*,#8272,.F.);
#5748=ORIENTED_EDGE('',*,*,#8273,.T.);
#5749=ORIENTED_EDGE('',*,*,#8159,.F.);
#5750=ORIENTED_EDGE('',*,*,#8270,.F.);
#5751=ORIENTED_EDGE('',*,*,#8274,.F.);
#5752=ORIENTED_EDGE('',*,*,#8275,.T.);
#5753=ORIENTED_EDGE('',*,*,#8160,.F.);
#5754=ORIENTED_EDGE('',*,*,#8273,.F.);
#5755=ORIENTED_EDGE('',*,*,#8276,.F.);
#5756=ORIENTED_EDGE('',*,*,#8271,.T.);
#5757=ORIENTED_EDGE('',*,*,#8161,.F.);
#5758=ORIENTED_EDGE('',*,*,#8275,.F.);
#5759=ORIENTED_EDGE('',*,*,#8277,.F.);
#5760=ORIENTED_EDGE('',*,*,#8278,.T.);
#5761=ORIENTED_EDGE('',*,*,#8158,.F.);
#5762=ORIENTED_EDGE('',*,*,#8279,.F.);
#5763=ORIENTED_EDGE('',*,*,#8280,.F.);
#5764=ORIENTED_EDGE('',*,*,#8281,.T.);
#5765=ORIENTED_EDGE('',*,*,#8155,.F.);
#5766=ORIENTED_EDGE('',*,*,#8278,.F.);
#5767=ORIENTED_EDGE('',*,*,#8282,.F.);
#5768=ORIENTED_EDGE('',*,*,#8283,.T.);
#5769=ORIENTED_EDGE('',*,*,#8156,.F.);
#5770=ORIENTED_EDGE('',*,*,#8281,.F.);
#5771=ORIENTED_EDGE('',*,*,#8284,.F.);
#5772=ORIENTED_EDGE('',*,*,#8279,.T.);
#5773=ORIENTED_EDGE('',*,*,#8157,.F.);
#5774=ORIENTED_EDGE('',*,*,#8283,.F.);
#5775=ORIENTED_EDGE('',*,*,#8285,.F.);
#5776=ORIENTED_EDGE('',*,*,#8286,.T.);
#5777=ORIENTED_EDGE('',*,*,#8154,.F.);
#5778=ORIENTED_EDGE('',*,*,#8287,.F.);
#5779=ORIENTED_EDGE('',*,*,#8288,.F.);
#5780=ORIENTED_EDGE('',*,*,#8289,.T.);
#5781=ORIENTED_EDGE('',*,*,#8151,.F.);
#5782=ORIENTED_EDGE('',*,*,#8286,.F.);
#5783=ORIENTED_EDGE('',*,*,#8290,.F.);
#5784=ORIENTED_EDGE('',*,*,#8291,.T.);
#5785=ORIENTED_EDGE('',*,*,#8152,.F.);
#5786=ORIENTED_EDGE('',*,*,#8289,.F.);
#5787=ORIENTED_EDGE('',*,*,#8292,.F.);
#5788=ORIENTED_EDGE('',*,*,#8287,.T.);
#5789=ORIENTED_EDGE('',*,*,#8153,.F.);
#5790=ORIENTED_EDGE('',*,*,#8291,.F.);
#5791=ORIENTED_EDGE('',*,*,#8293,.F.);
#5792=ORIENTED_EDGE('',*,*,#8294,.T.);
#5793=ORIENTED_EDGE('',*,*,#8226,.F.);
#5794=ORIENTED_EDGE('',*,*,#8295,.F.);
#5795=ORIENTED_EDGE('',*,*,#8296,.F.);
#5796=ORIENTED_EDGE('',*,*,#8297,.T.);
#5797=ORIENTED_EDGE('',*,*,#8223,.F.);
#5798=ORIENTED_EDGE('',*,*,#8294,.F.);
#5799=ORIENTED_EDGE('',*,*,#8298,.F.);
#5800=ORIENTED_EDGE('',*,*,#8299,.T.);
#5801=ORIENTED_EDGE('',*,*,#8224,.F.);
#5802=ORIENTED_EDGE('',*,*,#8297,.F.);
#5803=ORIENTED_EDGE('',*,*,#8300,.F.);
#5804=ORIENTED_EDGE('',*,*,#8295,.T.);
#5805=ORIENTED_EDGE('',*,*,#8225,.F.);
#5806=ORIENTED_EDGE('',*,*,#8299,.F.);
#5807=ORIENTED_EDGE('',*,*,#8301,.F.);
#5808=ORIENTED_EDGE('',*,*,#8302,.T.);
#5809=ORIENTED_EDGE('',*,*,#8230,.F.);
#5810=ORIENTED_EDGE('',*,*,#8303,.F.);
#5811=ORIENTED_EDGE('',*,*,#8304,.F.);
#5812=ORIENTED_EDGE('',*,*,#8305,.T.);
#5813=ORIENTED_EDGE('',*,*,#8227,.F.);
#5814=ORIENTED_EDGE('',*,*,#8302,.F.);
#5815=ORIENTED_EDGE('',*,*,#8306,.F.);
#5816=ORIENTED_EDGE('',*,*,#8307,.T.);
#5817=ORIENTED_EDGE('',*,*,#8228,.F.);
#5818=ORIENTED_EDGE('',*,*,#8305,.F.);
#5819=ORIENTED_EDGE('',*,*,#8308,.F.);
#5820=ORIENTED_EDGE('',*,*,#8303,.T.);
#5821=ORIENTED_EDGE('',*,*,#8229,.F.);
#5822=ORIENTED_EDGE('',*,*,#8307,.F.);
#5823=ORIENTED_EDGE('',*,*,#8309,.T.);
#5824=ORIENTED_EDGE('',*,*,#8310,.T.);
#5825=ORIENTED_EDGE('',*,*,#8311,.F.);
#5826=ORIENTED_EDGE('',*,*,#8312,.T.);
#5827=ORIENTED_EDGE('',*,*,#8235,.T.);
#5828=ORIENTED_EDGE('',*,*,#8313,.F.);
#5829=ORIENTED_EDGE('',*,*,#8314,.F.);
#5830=ORIENTED_EDGE('',*,*,#8315,.T.);
#5831=ORIENTED_EDGE('',*,*,#8236,.T.);
#5832=ORIENTED_EDGE('',*,*,#8312,.F.);
#5833=ORIENTED_EDGE('',*,*,#8316,.F.);
#5834=ORIENTED_EDGE('',*,*,#8317,.T.);
#5835=ORIENTED_EDGE('',*,*,#8237,.T.);
#5836=ORIENTED_EDGE('',*,*,#8315,.F.);
#5837=ORIENTED_EDGE('',*,*,#8318,.F.);
#5838=ORIENTED_EDGE('',*,*,#8313,.T.);
#5839=ORIENTED_EDGE('',*,*,#8238,.T.);
#5840=ORIENTED_EDGE('',*,*,#8317,.F.);
#5841=ORIENTED_EDGE('',*,*,#8319,.T.);
#5842=ORIENTED_EDGE('',*,*,#8320,.T.);
#5843=ORIENTED_EDGE('',*,*,#8321,.F.);
#5844=ORIENTED_EDGE('',*,*,#8322,.T.);
#5845=ORIENTED_EDGE('',*,*,#8222,.F.);
#5846=ORIENTED_EDGE('',*,*,#8323,.F.);
#5847=ORIENTED_EDGE('',*,*,#8324,.F.);
#5848=ORIENTED_EDGE('',*,*,#8325,.T.);
#5849=ORIENTED_EDGE('',*,*,#8219,.F.);
#5850=ORIENTED_EDGE('',*,*,#8322,.F.);
#5851=ORIENTED_EDGE('',*,*,#8326,.F.);
#5852=ORIENTED_EDGE('',*,*,#8327,.T.);
#5853=ORIENTED_EDGE('',*,*,#8220,.F.);
#5854=ORIENTED_EDGE('',*,*,#8325,.F.);
#5855=ORIENTED_EDGE('',*,*,#8328,.F.);
#5856=ORIENTED_EDGE('',*,*,#8323,.T.);
#5857=ORIENTED_EDGE('',*,*,#8221,.F.);
#5858=ORIENTED_EDGE('',*,*,#8327,.F.);
#5859=ORIENTED_EDGE('',*,*,#8260,.F.);
#5860=ORIENTED_EDGE('',*,*,#8258,.T.);
#5861=ORIENTED_EDGE('',*,*,#8253,.T.);
#5862=ORIENTED_EDGE('',*,*,#8249,.T.);
#5863=ORIENTED_EDGE('',*,*,#8329,.T.);
#5864=ORIENTED_EDGE('',*,*,#8330,.T.);
#5865=ORIENTED_EDGE('',*,*,#8331,.T.);
#5866=ORIENTED_EDGE('',*,*,#8332,.T.);
#5867=ORIENTED_EDGE('',*,*,#8333,.T.);
#5868=ORIENTED_EDGE('',*,*,#8334,.T.);
#5869=ORIENTED_EDGE('',*,*,#8335,.T.);
#5870=ORIENTED_EDGE('',*,*,#8336,.T.);
#5871=ORIENTED_EDGE('',*,*,#8337,.T.);
#5872=ORIENTED_EDGE('',*,*,#8338,.T.);
#5873=ORIENTED_EDGE('',*,*,#8339,.T.);
#5874=ORIENTED_EDGE('',*,*,#8340,.T.);
#5875=ORIENTED_EDGE('',*,*,#8341,.T.);
#5876=ORIENTED_EDGE('',*,*,#8246,.F.);
#5877=ORIENTED_EDGE('',*,*,#8245,.F.);
#5878=ORIENTED_EDGE('',*,*,#8242,.F.);
#5879=ORIENTED_EDGE('',*,*,#8241,.F.);
#5880=ORIENTED_EDGE('',*,*,#8342,.T.);
#5881=ORIENTED_EDGE('',*,*,#8343,.T.);
#5882=ORIENTED_EDGE('',*,*,#8344,.T.);
#5883=ORIENTED_EDGE('',*,*,#8345,.T.);
#5884=ORIENTED_EDGE('',*,*,#8346,.T.);
#5885=ORIENTED_EDGE('',*,*,#8347,.F.);
#5886=ORIENTED_EDGE('',*,*,#8348,.F.);
#5887=ORIENTED_EDGE('',*,*,#8334,.F.);
#5888=ORIENTED_EDGE('',*,*,#8348,.T.);
#5889=ORIENTED_EDGE('',*,*,#8349,.F.);
#5890=ORIENTED_EDGE('',*,*,#8350,.T.);
#5891=ORIENTED_EDGE('',*,*,#8335,.F.);
#5892=ORIENTED_EDGE('',*,*,#8350,.F.);
#5893=ORIENTED_EDGE('',*,*,#8351,.F.);
#5894=ORIENTED_EDGE('',*,*,#8352,.T.);
#5895=ORIENTED_EDGE('',*,*,#8336,.F.);
#5896=ORIENTED_EDGE('',*,*,#8353,.F.);
#5897=ORIENTED_EDGE('',*,*,#8337,.F.);
#5898=ORIENTED_EDGE('',*,*,#8352,.F.);
#5899=ORIENTED_EDGE('',*,*,#8354,.F.);
#5900=ORIENTED_EDGE('',*,*,#8338,.F.);
#5901=ORIENTED_EDGE('',*,*,#8353,.T.);
#5902=ORIENTED_EDGE('',*,*,#8355,.F.);
#5903=ORIENTED_EDGE('',*,*,#8356,.T.);
#5904=ORIENTED_EDGE('',*,*,#8357,.T.);
#5905=ORIENTED_EDGE('',*,*,#8339,.F.);
#5906=ORIENTED_EDGE('',*,*,#8356,.F.);
#5907=ORIENTED_EDGE('',*,*,#8358,.F.);
#5908=ORIENTED_EDGE('',*,*,#8359,.T.);
#5909=ORIENTED_EDGE('',*,*,#8340,.F.);
#5910=ORIENTED_EDGE('',*,*,#8357,.F.);
#5911=ORIENTED_EDGE('',*,*,#8360,.F.);
#5912=ORIENTED_EDGE('',*,*,#8361,.T.);
#5913=ORIENTED_EDGE('',*,*,#8341,.F.);
#5914=ORIENTED_EDGE('',*,*,#8359,.F.);
#5915=ORIENTED_EDGE('',*,*,#8362,.F.);
#5916=ORIENTED_EDGE('',*,*,#8363,.F.);
#5917=ORIENTED_EDGE('',*,*,#8364,.T.);
#5918=ORIENTED_EDGE('',*,*,#8331,.F.);
#5919=ORIENTED_EDGE('',*,*,#8361,.F.);
#5920=ORIENTED_EDGE('',*,*,#8364,.F.);
#5921=ORIENTED_EDGE('',*,*,#8365,.F.);
#5922=ORIENTED_EDGE('',*,*,#8366,.F.);
#5923=ORIENTED_EDGE('',*,*,#8332,.F.);
#5924=ORIENTED_EDGE('',*,*,#8333,.F.);
#5925=ORIENTED_EDGE('',*,*,#8366,.T.);
#5926=ORIENTED_EDGE('',*,*,#8367,.F.);
#5927=ORIENTED_EDGE('',*,*,#8346,.F.);
#5928=ORIENTED_EDGE('',*,*,#8368,.T.);
#5929=ORIENTED_EDGE('',*,*,#8369,.T.);
#5930=ORIENTED_EDGE('',*,*,#8370,.T.);
#5931=ORIENTED_EDGE('',*,*,#8371,.T.);
#5932=ORIENTED_EDGE('',*,*,#8372,.F.);
#5933=ORIENTED_EDGE('',*,*,#8373,.F.);
#5934=ORIENTED_EDGE('',*,*,#8374,.F.);
#5935=ORIENTED_EDGE('',*,*,#8375,.F.);
#5936=ORIENTED_EDGE('',*,*,#8376,.T.);
#5937=ORIENTED_EDGE('',*,*,#8377,.T.);
#5938=ORIENTED_EDGE('',*,*,#8378,.T.);
#5939=ORIENTED_EDGE('',*,*,#8379,.T.);
#5940=ORIENTED_EDGE('',*,*,#8268,.T.);
#5941=ORIENTED_EDGE('',*,*,#8266,.T.);
#5942=ORIENTED_EDGE('',*,*,#8264,.T.);
#5943=ORIENTED_EDGE('',*,*,#8261,.T.);
#5944=ORIENTED_EDGE('',*,*,#8380,.T.);
#5945=ORIENTED_EDGE('',*,*,#8381,.T.);
#5946=ORIENTED_EDGE('',*,*,#8382,.T.);
#5947=ORIENTED_EDGE('',*,*,#8383,.T.);
#5948=ORIENTED_EDGE('',*,*,#8384,.F.);
#5949=ORIENTED_EDGE('',*,*,#8385,.F.);
#5950=ORIENTED_EDGE('',*,*,#8386,.F.);
#5951=ORIENTED_EDGE('',*,*,#8387,.F.);
#5952=ORIENTED_EDGE('',*,*,#8388,.T.);
#5953=ORIENTED_EDGE('',*,*,#8389,.T.);
#5954=ORIENTED_EDGE('',*,*,#8390,.T.);
#5955=ORIENTED_EDGE('',*,*,#8391,.T.);
#5956=ORIENTED_EDGE('',*,*,#8276,.T.);
#5957=ORIENTED_EDGE('',*,*,#8274,.T.);
#5958=ORIENTED_EDGE('',*,*,#8272,.T.);
#5959=ORIENTED_EDGE('',*,*,#8269,.T.);
#5960=ORIENTED_EDGE('',*,*,#8392,.T.);
#5961=ORIENTED_EDGE('',*,*,#8393,.T.);
#5962=ORIENTED_EDGE('',*,*,#8394,.T.);
#5963=ORIENTED_EDGE('',*,*,#8395,.T.);
#5964=ORIENTED_EDGE('',*,*,#8396,.F.);
#5965=ORIENTED_EDGE('',*,*,#8397,.F.);
#5966=ORIENTED_EDGE('',*,*,#8398,.F.);
#5967=ORIENTED_EDGE('',*,*,#8399,.F.);
#5968=ORIENTED_EDGE('',*,*,#8400,.T.);
#5969=ORIENTED_EDGE('',*,*,#8401,.T.);
#5970=ORIENTED_EDGE('',*,*,#8402,.T.);
#5971=ORIENTED_EDGE('',*,*,#8403,.T.);
#5972=ORIENTED_EDGE('',*,*,#8284,.T.);
#5973=ORIENTED_EDGE('',*,*,#8282,.T.);
#5974=ORIENTED_EDGE('',*,*,#8280,.T.);
#5975=ORIENTED_EDGE('',*,*,#8277,.T.);
#5976=ORIENTED_EDGE('',*,*,#8404,.T.);
#5977=ORIENTED_EDGE('',*,*,#8405,.T.);
#5978=ORIENTED_EDGE('',*,*,#8406,.T.);
#5979=ORIENTED_EDGE('',*,*,#8407,.T.);
#5980=ORIENTED_EDGE('',*,*,#8408,.F.);
#5981=ORIENTED_EDGE('',*,*,#8409,.F.);
#5982=ORIENTED_EDGE('',*,*,#8410,.F.);
#5983=ORIENTED_EDGE('',*,*,#8411,.F.);
#5984=ORIENTED_EDGE('',*,*,#8412,.T.);
#5985=ORIENTED_EDGE('',*,*,#8413,.T.);
#5986=ORIENTED_EDGE('',*,*,#8414,.T.);
#5987=ORIENTED_EDGE('',*,*,#8415,.T.);
#5988=ORIENTED_EDGE('',*,*,#8292,.T.);
#5989=ORIENTED_EDGE('',*,*,#8290,.T.);
#5990=ORIENTED_EDGE('',*,*,#8288,.T.);
#5991=ORIENTED_EDGE('',*,*,#8285,.T.);
#5992=ORIENTED_EDGE('',*,*,#8416,.T.);
#5993=ORIENTED_EDGE('',*,*,#8417,.T.);
#5994=ORIENTED_EDGE('',*,*,#8418,.T.);
#5995=ORIENTED_EDGE('',*,*,#8419,.T.);
#5996=ORIENTED_EDGE('',*,*,#8420,.F.);
#5997=ORIENTED_EDGE('',*,*,#8421,.F.);
#5998=ORIENTED_EDGE('',*,*,#8422,.F.);
#5999=ORIENTED_EDGE('',*,*,#8423,.F.);
#6000=ORIENTED_EDGE('',*,*,#8424,.T.);
#6001=ORIENTED_EDGE('',*,*,#8425,.T.);
#6002=ORIENTED_EDGE('',*,*,#8426,.T.);
#6003=ORIENTED_EDGE('',*,*,#8427,.T.);
#6004=ORIENTED_EDGE('',*,*,#8300,.T.);
#6005=ORIENTED_EDGE('',*,*,#8298,.T.);
#6006=ORIENTED_EDGE('',*,*,#8296,.T.);
#6007=ORIENTED_EDGE('',*,*,#8293,.T.);
#6008=ORIENTED_EDGE('',*,*,#8428,.T.);
#6009=ORIENTED_EDGE('',*,*,#8429,.T.);
#6010=ORIENTED_EDGE('',*,*,#8430,.T.);
#6011=ORIENTED_EDGE('',*,*,#8431,.T.);
#6012=ORIENTED_EDGE('',*,*,#8432,.F.);
#6013=ORIENTED_EDGE('',*,*,#8433,.F.);
#6014=ORIENTED_EDGE('',*,*,#8434,.F.);
#6015=ORIENTED_EDGE('',*,*,#8435,.F.);
#6016=ORIENTED_EDGE('',*,*,#8436,.T.);
#6017=ORIENTED_EDGE('',*,*,#8437,.T.);
#6018=ORIENTED_EDGE('',*,*,#8438,.T.);
#6019=ORIENTED_EDGE('',*,*,#8439,.T.);
#6020=ORIENTED_EDGE('',*,*,#8308,.T.);
#6021=ORIENTED_EDGE('',*,*,#8306,.T.);
#6022=ORIENTED_EDGE('',*,*,#8304,.T.);
#6023=ORIENTED_EDGE('',*,*,#8301,.T.);
#6024=ORIENTED_EDGE('',*,*,#8440,.F.);
#6025=ORIENTED_EDGE('',*,*,#8329,.F.);
#6026=ORIENTED_EDGE('',*,*,#8441,.F.);
#6027=ORIENTED_EDGE('',*,*,#8330,.F.);
#6028=ORIENTED_EDGE('',*,*,#8442,.F.);
#6029=ORIENTED_EDGE('',*,*,#8309,.F.);
#6030=ORIENTED_EDGE('',*,*,#8443,.F.);
#6031=ORIENTED_EDGE('',*,*,#8310,.F.);
#6032=ORIENTED_EDGE('',*,*,#8444,.T.);
#6033=ORIENTED_EDGE('',*,*,#8445,.T.);
#6034=ORIENTED_EDGE('',*,*,#8446,.T.);
#6035=ORIENTED_EDGE('',*,*,#8447,.T.);
#6036=ORIENTED_EDGE('',*,*,#8448,.F.);
#6037=ORIENTED_EDGE('',*,*,#8449,.F.);
#6038=ORIENTED_EDGE('',*,*,#8450,.F.);
#6039=ORIENTED_EDGE('',*,*,#8451,.F.);
#6040=ORIENTED_EDGE('',*,*,#8452,.T.);
#6041=ORIENTED_EDGE('',*,*,#8453,.T.);
#6042=ORIENTED_EDGE('',*,*,#8454,.T.);
#6043=ORIENTED_EDGE('',*,*,#8455,.T.);
#6044=ORIENTED_EDGE('',*,*,#8318,.T.);
#6045=ORIENTED_EDGE('',*,*,#8316,.T.);
#6046=ORIENTED_EDGE('',*,*,#8314,.T.);
#6047=ORIENTED_EDGE('',*,*,#8311,.T.);
#6048=ORIENTED_EDGE('',*,*,#8456,.F.);
#6049=ORIENTED_EDGE('',*,*,#8319,.F.);
#6050=ORIENTED_EDGE('',*,*,#8457,.F.);
#6051=ORIENTED_EDGE('',*,*,#8320,.F.);
#6052=ORIENTED_EDGE('',*,*,#8458,.T.);
#6053=ORIENTED_EDGE('',*,*,#8459,.T.);
#6054=ORIENTED_EDGE('',*,*,#8460,.T.);
#6055=ORIENTED_EDGE('',*,*,#8461,.T.);
#6056=ORIENTED_EDGE('',*,*,#8328,.T.);
#6057=ORIENTED_EDGE('',*,*,#8326,.T.);
#6058=ORIENTED_EDGE('',*,*,#8324,.T.);
#6059=ORIENTED_EDGE('',*,*,#8321,.T.);
#6060=ORIENTED_EDGE('',*,*,#8462,.F.);
#6061=ORIENTED_EDGE('',*,*,#8347,.T.);
#6062=ORIENTED_EDGE('',*,*,#8463,.T.);
#6063=ORIENTED_EDGE('',*,*,#8464,.F.);
#6064=ORIENTED_EDGE('',*,*,#8465,.F.);
#6065=ORIENTED_EDGE('',*,*,#8349,.T.);
#6066=ORIENTED_EDGE('',*,*,#8462,.T.);
#6067=ORIENTED_EDGE('',*,*,#8466,.F.);
#6068=ORIENTED_EDGE('',*,*,#8467,.F.);
#6069=ORIENTED_EDGE('',*,*,#8351,.T.);
#6070=ORIENTED_EDGE('',*,*,#8465,.T.);
#6071=ORIENTED_EDGE('',*,*,#8468,.F.);
#6072=ORIENTED_EDGE('',*,*,#8469,.F.);
#6073=ORIENTED_EDGE('',*,*,#8354,.T.);
#6074=ORIENTED_EDGE('',*,*,#8467,.T.);
#6075=ORIENTED_EDGE('',*,*,#8470,.F.);
#6076=ORIENTED_EDGE('',*,*,#8355,.T.);
#6077=ORIENTED_EDGE('',*,*,#8469,.T.);
#6078=ORIENTED_EDGE('',*,*,#8471,.F.);
#6079=ORIENTED_EDGE('',*,*,#8472,.F.);
#6080=ORIENTED_EDGE('',*,*,#8473,.F.);
#6081=ORIENTED_EDGE('',*,*,#8358,.T.);
#6082=ORIENTED_EDGE('',*,*,#8472,.T.);
#6083=ORIENTED_EDGE('',*,*,#8474,.F.);
#6084=ORIENTED_EDGE('',*,*,#8475,.F.);
#6085=ORIENTED_EDGE('',*,*,#8360,.T.);
#6086=ORIENTED_EDGE('',*,*,#8473,.T.);
#6087=ORIENTED_EDGE('',*,*,#8476,.F.);
#6088=ORIENTED_EDGE('',*,*,#8477,.F.);
#6089=ORIENTED_EDGE('',*,*,#8362,.T.);
#6090=ORIENTED_EDGE('',*,*,#8475,.T.);
#6091=ORIENTED_EDGE('',*,*,#8478,.F.);
#6092=ORIENTED_EDGE('',*,*,#8479,.F.);
#6093=ORIENTED_EDGE('',*,*,#8363,.T.);
#6094=ORIENTED_EDGE('',*,*,#8477,.T.);
#6095=ORIENTED_EDGE('',*,*,#8480,.F.);
#6096=ORIENTED_EDGE('',*,*,#8481,.F.);
#6097=ORIENTED_EDGE('',*,*,#8365,.T.);
#6098=ORIENTED_EDGE('',*,*,#8479,.T.);
#6099=ORIENTED_EDGE('',*,*,#8482,.F.);
#6100=ORIENTED_EDGE('',*,*,#8463,.F.);
#6101=ORIENTED_EDGE('',*,*,#8367,.T.);
#6102=ORIENTED_EDGE('',*,*,#8481,.T.);
#6103=ORIENTED_EDGE('',*,*,#8483,.F.);
#6104=ORIENTED_EDGE('',*,*,#8484,.F.);
#6105=ORIENTED_EDGE('',*,*,#8485,.F.);
#6106=ORIENTED_EDGE('',*,*,#8371,.F.);
#6107=ORIENTED_EDGE('',*,*,#8486,.T.);
#6108=ORIENTED_EDGE('',*,*,#8487,.F.);
#6109=ORIENTED_EDGE('',*,*,#8488,.F.);
#6110=ORIENTED_EDGE('',*,*,#8368,.F.);
#6111=ORIENTED_EDGE('',*,*,#8485,.T.);
#6112=ORIENTED_EDGE('',*,*,#8489,.F.);
#6113=ORIENTED_EDGE('',*,*,#8490,.F.);
#6114=ORIENTED_EDGE('',*,*,#8369,.F.);
#6115=ORIENTED_EDGE('',*,*,#8488,.T.);
#6116=ORIENTED_EDGE('',*,*,#8491,.F.);
#6117=ORIENTED_EDGE('',*,*,#8486,.F.);
#6118=ORIENTED_EDGE('',*,*,#8370,.F.);
#6119=ORIENTED_EDGE('',*,*,#8490,.T.);
#6120=ORIENTED_EDGE('',*,*,#8492,.F.);
#6121=ORIENTED_EDGE('',*,*,#8493,.F.);
#6122=ORIENTED_EDGE('',*,*,#8378,.F.);
#6123=ORIENTED_EDGE('',*,*,#8494,.T.);
#6124=ORIENTED_EDGE('',*,*,#8495,.F.);
#6125=ORIENTED_EDGE('',*,*,#8496,.F.);
#6126=ORIENTED_EDGE('',*,*,#8379,.F.);
#6127=ORIENTED_EDGE('',*,*,#8493,.T.);
#6128=ORIENTED_EDGE('',*,*,#8497,.F.);
#6129=ORIENTED_EDGE('',*,*,#8498,.F.);
#6130=ORIENTED_EDGE('',*,*,#8376,.F.);
#6131=ORIENTED_EDGE('',*,*,#8496,.T.);
#6132=ORIENTED_EDGE('',*,*,#8499,.F.);
#6133=ORIENTED_EDGE('',*,*,#8494,.F.);
#6134=ORIENTED_EDGE('',*,*,#8377,.F.);
#6135=ORIENTED_EDGE('',*,*,#8498,.T.);
#6136=ORIENTED_EDGE('',*,*,#8500,.F.);
#6137=ORIENTED_EDGE('',*,*,#8501,.F.);
#6138=ORIENTED_EDGE('',*,*,#8383,.F.);
#6139=ORIENTED_EDGE('',*,*,#8502,.T.);
#6140=ORIENTED_EDGE('',*,*,#8503,.F.);
#6141=ORIENTED_EDGE('',*,*,#8504,.F.);
#6142=ORIENTED_EDGE('',*,*,#8380,.F.);
#6143=ORIENTED_EDGE('',*,*,#8501,.T.);
#6144=ORIENTED_EDGE('',*,*,#8505,.F.);
#6145=ORIENTED_EDGE('',*,*,#8506,.F.);
#6146=ORIENTED_EDGE('',*,*,#8381,.F.);
#6147=ORIENTED_EDGE('',*,*,#8504,.T.);
#6148=ORIENTED_EDGE('',*,*,#8507,.F.);
#6149=ORIENTED_EDGE('',*,*,#8502,.F.);
#6150=ORIENTED_EDGE('',*,*,#8382,.F.);
#6151=ORIENTED_EDGE('',*,*,#8506,.T.);
#6152=ORIENTED_EDGE('',*,*,#8508,.F.);
#6153=ORIENTED_EDGE('',*,*,#8509,.F.);
#6154=ORIENTED_EDGE('',*,*,#8390,.F.);
#6155=ORIENTED_EDGE('',*,*,#8510,.T.);
#6156=ORIENTED_EDGE('',*,*,#8511,.F.);
#6157=ORIENTED_EDGE('',*,*,#8512,.F.);
#6158=ORIENTED_EDGE('',*,*,#8391,.F.);
#6159=ORIENTED_EDGE('',*,*,#8509,.T.);
#6160=ORIENTED_EDGE('',*,*,#8513,.F.);
#6161=ORIENTED_EDGE('',*,*,#8514,.F.);
#6162=ORIENTED_EDGE('',*,*,#8388,.F.);
#6163=ORIENTED_EDGE('',*,*,#8512,.T.);
#6164=ORIENTED_EDGE('',*,*,#8515,.F.);
#6165=ORIENTED_EDGE('',*,*,#8510,.F.);
#6166=ORIENTED_EDGE('',*,*,#8389,.F.);
#6167=ORIENTED_EDGE('',*,*,#8514,.T.);
#6168=ORIENTED_EDGE('',*,*,#8516,.F.);
#6169=ORIENTED_EDGE('',*,*,#8517,.F.);
#6170=ORIENTED_EDGE('',*,*,#8395,.F.);
#6171=ORIENTED_EDGE('',*,*,#8518,.T.);
#6172=ORIENTED_EDGE('',*,*,#8519,.F.);
#6173=ORIENTED_EDGE('',*,*,#8520,.F.);
#6174=ORIENTED_EDGE('',*,*,#8392,.F.);
#6175=ORIENTED_EDGE('',*,*,#8517,.T.);
#6176=ORIENTED_EDGE('',*,*,#8521,.F.);
#6177=ORIENTED_EDGE('',*,*,#8522,.F.);
#6178=ORIENTED_EDGE('',*,*,#8393,.F.);
#6179=ORIENTED_EDGE('',*,*,#8520,.T.);
#6180=ORIENTED_EDGE('',*,*,#8523,.F.);
#6181=ORIENTED_EDGE('',*,*,#8518,.F.);
#6182=ORIENTED_EDGE('',*,*,#8394,.F.);
#6183=ORIENTED_EDGE('',*,*,#8522,.T.);
#6184=ORIENTED_EDGE('',*,*,#8524,.F.);
#6185=ORIENTED_EDGE('',*,*,#8525,.F.);
#6186=ORIENTED_EDGE('',*,*,#8402,.F.);
#6187=ORIENTED_EDGE('',*,*,#8526,.T.);
#6188=ORIENTED_EDGE('',*,*,#8527,.F.);
#6189=ORIENTED_EDGE('',*,*,#8528,.F.);
#6190=ORIENTED_EDGE('',*,*,#8403,.F.);
#6191=ORIENTED_EDGE('',*,*,#8525,.T.);
#6192=ORIENTED_EDGE('',*,*,#8529,.F.);
#6193=ORIENTED_EDGE('',*,*,#8530,.F.);
#6194=ORIENTED_EDGE('',*,*,#8400,.F.);
#6195=ORIENTED_EDGE('',*,*,#8528,.T.);
#6196=ORIENTED_EDGE('',*,*,#8531,.F.);
#6197=ORIENTED_EDGE('',*,*,#8526,.F.);
#6198=ORIENTED_EDGE('',*,*,#8401,.F.);
#6199=ORIENTED_EDGE('',*,*,#8530,.T.);
#6200=ORIENTED_EDGE('',*,*,#8532,.F.);
#6201=ORIENTED_EDGE('',*,*,#8533,.F.);
#6202=ORIENTED_EDGE('',*,*,#8407,.F.);
#6203=ORIENTED_EDGE('',*,*,#8534,.T.);
#6204=ORIENTED_EDGE('',*,*,#8535,.F.);
#6205=ORIENTED_EDGE('',*,*,#8536,.F.);
#6206=ORIENTED_EDGE('',*,*,#8404,.F.);
#6207=ORIENTED_EDGE('',*,*,#8533,.T.);
#6208=ORIENTED_EDGE('',*,*,#8537,.F.);
#6209=ORIENTED_EDGE('',*,*,#8538,.F.);
#6210=ORIENTED_EDGE('',*,*,#8405,.F.);
#6211=ORIENTED_EDGE('',*,*,#8536,.T.);
#6212=ORIENTED_EDGE('',*,*,#8539,.F.);
#6213=ORIENTED_EDGE('',*,*,#8534,.F.);
#6214=ORIENTED_EDGE('',*,*,#8406,.F.);
#6215=ORIENTED_EDGE('',*,*,#8538,.T.);
#6216=ORIENTED_EDGE('',*,*,#8540,.F.);
#6217=ORIENTED_EDGE('',*,*,#8541,.F.);
#6218=ORIENTED_EDGE('',*,*,#8414,.F.);
#6219=ORIENTED_EDGE('',*,*,#8542,.T.);
#6220=ORIENTED_EDGE('',*,*,#8543,.F.);
#6221=ORIENTED_EDGE('',*,*,#8544,.F.);
#6222=ORIENTED_EDGE('',*,*,#8415,.F.);
#6223=ORIENTED_EDGE('',*,*,#8541,.T.);
#6224=ORIENTED_EDGE('',*,*,#8545,.F.);
#6225=ORIENTED_EDGE('',*,*,#8546,.F.);
#6226=ORIENTED_EDGE('',*,*,#8412,.F.);
#6227=ORIENTED_EDGE('',*,*,#8544,.T.);
#6228=ORIENTED_EDGE('',*,*,#8547,.F.);
#6229=ORIENTED_EDGE('',*,*,#8542,.F.);
#6230=ORIENTED_EDGE('',*,*,#8413,.F.);
#6231=ORIENTED_EDGE('',*,*,#8546,.T.);
#6232=ORIENTED_EDGE('',*,*,#8548,.F.);
#6233=ORIENTED_EDGE('',*,*,#8549,.F.);
#6234=ORIENTED_EDGE('',*,*,#8419,.F.);
#6235=ORIENTED_EDGE('',*,*,#8550,.T.);
#6236=ORIENTED_EDGE('',*,*,#8551,.F.);
#6237=ORIENTED_EDGE('',*,*,#8552,.F.);
#6238=ORIENTED_EDGE('',*,*,#8416,.F.);
#6239=ORIENTED_EDGE('',*,*,#8549,.T.);
#6240=ORIENTED_EDGE('',*,*,#8553,.F.);
#6241=ORIENTED_EDGE('',*,*,#8554,.F.);
#6242=ORIENTED_EDGE('',*,*,#8417,.F.);
#6243=ORIENTED_EDGE('',*,*,#8552,.T.);
#6244=ORIENTED_EDGE('',*,*,#8555,.F.);
#6245=ORIENTED_EDGE('',*,*,#8550,.F.);
#6246=ORIENTED_EDGE('',*,*,#8418,.F.);
#6247=ORIENTED_EDGE('',*,*,#8554,.T.);
#6248=ORIENTED_EDGE('',*,*,#8556,.F.);
#6249=ORIENTED_EDGE('',*,*,#8557,.F.);
#6250=ORIENTED_EDGE('',*,*,#8426,.F.);
#6251=ORIENTED_EDGE('',*,*,#8558,.T.);
#6252=ORIENTED_EDGE('',*,*,#8559,.F.);
#6253=ORIENTED_EDGE('',*,*,#8560,.F.);
#6254=ORIENTED_EDGE('',*,*,#8427,.F.);
#6255=ORIENTED_EDGE('',*,*,#8557,.T.);
#6256=ORIENTED_EDGE('',*,*,#8561,.F.);
#6257=ORIENTED_EDGE('',*,*,#8562,.F.);
#6258=ORIENTED_EDGE('',*,*,#8424,.F.);
#6259=ORIENTED_EDGE('',*,*,#8560,.T.);
#6260=ORIENTED_EDGE('',*,*,#8563,.F.);
#6261=ORIENTED_EDGE('',*,*,#8558,.F.);
#6262=ORIENTED_EDGE('',*,*,#8425,.F.);
#6263=ORIENTED_EDGE('',*,*,#8562,.T.);
#6264=ORIENTED_EDGE('',*,*,#8564,.F.);
#6265=ORIENTED_EDGE('',*,*,#8565,.F.);
#6266=ORIENTED_EDGE('',*,*,#8431,.F.);
#6267=ORIENTED_EDGE('',*,*,#8566,.T.);
#6268=ORIENTED_EDGE('',*,*,#8567,.F.);
#6269=ORIENTED_EDGE('',*,*,#8568,.F.);
#6270=ORIENTED_EDGE('',*,*,#8428,.F.);
#6271=ORIENTED_EDGE('',*,*,#8565,.T.);
#6272=ORIENTED_EDGE('',*,*,#8569,.F.);
#6273=ORIENTED_EDGE('',*,*,#8570,.F.);
#6274=ORIENTED_EDGE('',*,*,#8429,.F.);
#6275=ORIENTED_EDGE('',*,*,#8568,.T.);
#6276=ORIENTED_EDGE('',*,*,#8571,.F.);
#6277=ORIENTED_EDGE('',*,*,#8566,.F.);
#6278=ORIENTED_EDGE('',*,*,#8430,.F.);
#6279=ORIENTED_EDGE('',*,*,#8570,.T.);
#6280=ORIENTED_EDGE('',*,*,#8572,.F.);
#6281=ORIENTED_EDGE('',*,*,#8573,.F.);
#6282=ORIENTED_EDGE('',*,*,#8438,.F.);
#6283=ORIENTED_EDGE('',*,*,#8574,.T.);
#6284=ORIENTED_EDGE('',*,*,#8575,.F.);
#6285=ORIENTED_EDGE('',*,*,#8576,.F.);
#6286=ORIENTED_EDGE('',*,*,#8439,.F.);
#6287=ORIENTED_EDGE('',*,*,#8573,.T.);
#6288=ORIENTED_EDGE('',*,*,#8577,.F.);
#6289=ORIENTED_EDGE('',*,*,#8578,.F.);
#6290=ORIENTED_EDGE('',*,*,#8436,.F.);
#6291=ORIENTED_EDGE('',*,*,#8576,.T.);
#6292=ORIENTED_EDGE('',*,*,#8579,.F.);
#6293=ORIENTED_EDGE('',*,*,#8574,.F.);
#6294=ORIENTED_EDGE('',*,*,#8437,.F.);
#6295=ORIENTED_EDGE('',*,*,#8578,.T.);
#6296=ORIENTED_EDGE('',*,*,#8440,.T.);
#6297=ORIENTED_EDGE('',*,*,#8580,.F.);
#6298=ORIENTED_EDGE('',*,*,#8441,.T.);
#6299=ORIENTED_EDGE('',*,*,#8581,.F.);
#6300=ORIENTED_EDGE('',*,*,#8442,.T.);
#6301=ORIENTED_EDGE('',*,*,#8582,.T.);
#6302=ORIENTED_EDGE('',*,*,#8443,.T.);
#6303=ORIENTED_EDGE('',*,*,#8583,.T.);
#6304=ORIENTED_EDGE('',*,*,#8584,.T.);
#6305=ORIENTED_EDGE('',*,*,#8585,.F.);
#6306=ORIENTED_EDGE('',*,*,#8446,.F.);
#6307=ORIENTED_EDGE('',*,*,#8586,.T.);
#6308=ORIENTED_EDGE('',*,*,#8587,.T.);
#6309=ORIENTED_EDGE('',*,*,#8588,.F.);
#6310=ORIENTED_EDGE('',*,*,#8447,.F.);
#6311=ORIENTED_EDGE('',*,*,#8585,.T.);
#6312=ORIENTED_EDGE('',*,*,#8589,.T.);
#6313=ORIENTED_EDGE('',*,*,#8590,.F.);
#6314=ORIENTED_EDGE('',*,*,#8444,.F.);
#6315=ORIENTED_EDGE('',*,*,#8588,.T.);
#6316=ORIENTED_EDGE('',*,*,#8591,.T.);
#6317=ORIENTED_EDGE('',*,*,#8586,.F.);
#6318=ORIENTED_EDGE('',*,*,#8445,.F.);
#6319=ORIENTED_EDGE('',*,*,#8590,.T.);
#6320=ORIENTED_EDGE('',*,*,#8592,.T.);
#6321=ORIENTED_EDGE('',*,*,#8593,.F.);
#6322=ORIENTED_EDGE('',*,*,#8454,.F.);
#6323=ORIENTED_EDGE('',*,*,#8594,.T.);
#6324=ORIENTED_EDGE('',*,*,#8595,.T.);
#6325=ORIENTED_EDGE('',*,*,#8596,.F.);
#6326=ORIENTED_EDGE('',*,*,#8455,.F.);
#6327=ORIENTED_EDGE('',*,*,#8593,.T.);
#6328=ORIENTED_EDGE('',*,*,#8597,.T.);
#6329=ORIENTED_EDGE('',*,*,#8598,.F.);
#6330=ORIENTED_EDGE('',*,*,#8452,.F.);
#6331=ORIENTED_EDGE('',*,*,#8596,.T.);
#6332=ORIENTED_EDGE('',*,*,#8599,.T.);
#6333=ORIENTED_EDGE('',*,*,#8594,.F.);
#6334=ORIENTED_EDGE('',*,*,#8453,.F.);
#6335=ORIENTED_EDGE('',*,*,#8598,.T.);
#6336=ORIENTED_EDGE('',*,*,#8456,.T.);
#6337=ORIENTED_EDGE('',*,*,#8600,.T.);
#6338=ORIENTED_EDGE('',*,*,#8457,.T.);
#6339=ORIENTED_EDGE('',*,*,#8601,.T.);
#6340=ORIENTED_EDGE('',*,*,#8602,.F.);
#6341=ORIENTED_EDGE('',*,*,#8603,.F.);
#6342=ORIENTED_EDGE('',*,*,#8460,.F.);
#6343=ORIENTED_EDGE('',*,*,#8604,.T.);
#6344=ORIENTED_EDGE('',*,*,#8605,.F.);
#6345=ORIENTED_EDGE('',*,*,#8606,.F.);
#6346=ORIENTED_EDGE('',*,*,#8461,.F.);
#6347=ORIENTED_EDGE('',*,*,#8603,.T.);
#6348=ORIENTED_EDGE('',*,*,#8607,.F.);
#6349=ORIENTED_EDGE('',*,*,#8608,.F.);
#6350=ORIENTED_EDGE('',*,*,#8458,.F.);
#6351=ORIENTED_EDGE('',*,*,#8606,.T.);
#6352=ORIENTED_EDGE('',*,*,#8609,.F.);
#6353=ORIENTED_EDGE('',*,*,#8604,.F.);
#6354=ORIENTED_EDGE('',*,*,#8459,.F.);
#6355=ORIENTED_EDGE('',*,*,#8608,.T.);
#6356=ORIENTED_EDGE('',*,*,#8212,.T.);
#6357=ORIENTED_EDGE('',*,*,#8191,.T.);
#6358=ORIENTED_EDGE('',*,*,#8195,.T.);
#6359=ORIENTED_EDGE('',*,*,#8214,.T.);
#6360=ORIENTED_EDGE('',*,*,#8609,.T.);
#6361=ORIENTED_EDGE('',*,*,#8607,.T.);
#6362=ORIENTED_EDGE('',*,*,#8605,.T.);
#6363=ORIENTED_EDGE('',*,*,#8602,.T.);
#6364=ORIENTED_EDGE('',*,*,#8601,.F.);
#6365=ORIENTED_EDGE('',*,*,#8600,.F.);
#6366=ORIENTED_EDGE('',*,*,#8599,.F.);
#6367=ORIENTED_EDGE('',*,*,#8597,.F.);
#6368=ORIENTED_EDGE('',*,*,#8595,.F.);
#6369=ORIENTED_EDGE('',*,*,#8592,.F.);
#6370=ORIENTED_EDGE('',*,*,#8591,.F.);
#6371=ORIENTED_EDGE('',*,*,#8589,.F.);
#6372=ORIENTED_EDGE('',*,*,#8587,.F.);
#6373=ORIENTED_EDGE('',*,*,#8584,.F.);
#6374=ORIENTED_EDGE('',*,*,#8583,.F.);
#6375=ORIENTED_EDGE('',*,*,#8582,.F.);
#6376=ORIENTED_EDGE('',*,*,#8581,.T.);
#6377=ORIENTED_EDGE('',*,*,#8580,.T.);
#6378=ORIENTED_EDGE('',*,*,#8579,.T.);
#6379=ORIENTED_EDGE('',*,*,#8577,.T.);
#6380=ORIENTED_EDGE('',*,*,#8575,.T.);
#6381=ORIENTED_EDGE('',*,*,#8572,.T.);
#6382=ORIENTED_EDGE('',*,*,#8571,.T.);
#6383=ORIENTED_EDGE('',*,*,#8569,.T.);
#6384=ORIENTED_EDGE('',*,*,#8567,.T.);
#6385=ORIENTED_EDGE('',*,*,#8564,.T.);
#6386=ORIENTED_EDGE('',*,*,#8563,.T.);
#6387=ORIENTED_EDGE('',*,*,#8561,.T.);
#6388=ORIENTED_EDGE('',*,*,#8559,.T.);
#6389=ORIENTED_EDGE('',*,*,#8556,.T.);
#6390=ORIENTED_EDGE('',*,*,#8555,.T.);
#6391=ORIENTED_EDGE('',*,*,#8553,.T.);
#6392=ORIENTED_EDGE('',*,*,#8551,.T.);
#6393=ORIENTED_EDGE('',*,*,#8548,.T.);
#6394=ORIENTED_EDGE('',*,*,#8547,.T.);
#6395=ORIENTED_EDGE('',*,*,#8545,.T.);
#6396=ORIENTED_EDGE('',*,*,#8543,.T.);
#6397=ORIENTED_EDGE('',*,*,#8540,.T.);
#6398=ORIENTED_EDGE('',*,*,#8539,.T.);
#6399=ORIENTED_EDGE('',*,*,#8537,.T.);
#6400=ORIENTED_EDGE('',*,*,#8535,.T.);
#6401=ORIENTED_EDGE('',*,*,#8532,.T.);
#6402=ORIENTED_EDGE('',*,*,#8531,.T.);
#6403=ORIENTED_EDGE('',*,*,#8529,.T.);
#6404=ORIENTED_EDGE('',*,*,#8527,.T.);
#6405=ORIENTED_EDGE('',*,*,#8524,.T.);
#6406=ORIENTED_EDGE('',*,*,#8523,.T.);
#6407=ORIENTED_EDGE('',*,*,#8521,.T.);
#6408=ORIENTED_EDGE('',*,*,#8519,.T.);
#6409=ORIENTED_EDGE('',*,*,#8516,.T.);
#6410=ORIENTED_EDGE('',*,*,#8515,.T.);
#6411=ORIENTED_EDGE('',*,*,#8513,.T.);
#6412=ORIENTED_EDGE('',*,*,#8511,.T.);
#6413=ORIENTED_EDGE('',*,*,#8508,.T.);
#6414=ORIENTED_EDGE('',*,*,#8507,.T.);
#6415=ORIENTED_EDGE('',*,*,#8505,.T.);
#6416=ORIENTED_EDGE('',*,*,#8503,.T.);
#6417=ORIENTED_EDGE('',*,*,#8500,.T.);
#6418=ORIENTED_EDGE('',*,*,#8499,.T.);
#6419=ORIENTED_EDGE('',*,*,#8497,.T.);
#6420=ORIENTED_EDGE('',*,*,#8495,.T.);
#6421=ORIENTED_EDGE('',*,*,#8492,.T.);
#6422=ORIENTED_EDGE('',*,*,#8491,.T.);
#6423=ORIENTED_EDGE('',*,*,#8489,.T.);
#6424=ORIENTED_EDGE('',*,*,#8487,.T.);
#6425=ORIENTED_EDGE('',*,*,#8484,.T.);
#6426=ORIENTED_EDGE('',*,*,#8483,.T.);
#6427=ORIENTED_EDGE('',*,*,#8482,.T.);
#6428=ORIENTED_EDGE('',*,*,#8480,.T.);
#6429=ORIENTED_EDGE('',*,*,#8478,.T.);
#6430=ORIENTED_EDGE('',*,*,#8476,.T.);
#6431=ORIENTED_EDGE('',*,*,#8474,.T.);
#6432=ORIENTED_EDGE('',*,*,#8471,.T.);
#6433=ORIENTED_EDGE('',*,*,#8470,.T.);
#6434=ORIENTED_EDGE('',*,*,#8468,.T.);
#6435=ORIENTED_EDGE('',*,*,#8466,.T.);
#6436=ORIENTED_EDGE('',*,*,#8464,.T.);
#6437=ORIENTED_EDGE('',*,*,#8610,.F.);
#6438=ORIENTED_EDGE('',*,*,#8451,.T.);
#6439=ORIENTED_EDGE('',*,*,#8611,.T.);
#6440=ORIENTED_EDGE('',*,*,#8612,.T.);
#6441=ORIENTED_EDGE('',*,*,#8613,.F.);
#6442=ORIENTED_EDGE('',*,*,#8448,.T.);
#6443=ORIENTED_EDGE('',*,*,#8610,.T.);
#6444=ORIENTED_EDGE('',*,*,#8614,.T.);
#6445=ORIENTED_EDGE('',*,*,#8615,.F.);
#6446=ORIENTED_EDGE('',*,*,#8449,.T.);
#6447=ORIENTED_EDGE('',*,*,#8613,.T.);
#6448=ORIENTED_EDGE('',*,*,#8616,.T.);
#6449=ORIENTED_EDGE('',*,*,#8611,.F.);
#6450=ORIENTED_EDGE('',*,*,#8450,.T.);
#6451=ORIENTED_EDGE('',*,*,#8615,.T.);
#6452=ORIENTED_EDGE('',*,*,#8617,.T.);
#6453=ORIENTED_EDGE('',*,*,#8618,.T.);
#6454=ORIENTED_EDGE('',*,*,#8342,.F.);
#6455=ORIENTED_EDGE('',*,*,#8619,.F.);
#6456=ORIENTED_EDGE('',*,*,#8190,.F.);
#6457=ORIENTED_EDGE('',*,*,#8189,.F.);
#6458=ORIENTED_EDGE('',*,*,#8620,.T.);
#6459=ORIENTED_EDGE('',*,*,#8621,.T.);
#6460=ORIENTED_EDGE('',*,*,#8622,.T.);
#6461=ORIENTED_EDGE('',*,*,#8623,.F.);
#6462=ORIENTED_EDGE('',*,*,#8624,.T.);
#6463=ORIENTED_EDGE('',*,*,#8343,.F.);
#6464=ORIENTED_EDGE('',*,*,#8618,.F.);
#6465=ORIENTED_EDGE('',*,*,#8625,.T.);
#6466=ORIENTED_EDGE('',*,*,#8344,.F.);
#6467=ORIENTED_EDGE('',*,*,#8624,.F.);
#6468=ORIENTED_EDGE('',*,*,#8626,.F.);
#6469=ORIENTED_EDGE('',*,*,#8627,.T.);
#6470=ORIENTED_EDGE('',*,*,#8628,.T.);
#6471=ORIENTED_EDGE('',*,*,#8187,.F.);
#6472=ORIENTED_EDGE('',*,*,#8619,.T.);
#6473=ORIENTED_EDGE('',*,*,#8345,.F.);
#6474=ORIENTED_EDGE('',*,*,#8625,.F.);
#6475=ORIENTED_EDGE('',*,*,#8629,.F.);
#6476=ORIENTED_EDGE('',*,*,#8630,.T.);
#6477=ORIENTED_EDGE('',*,*,#8631,.F.);
#6478=ORIENTED_EDGE('',*,*,#8433,.T.);
#6479=ORIENTED_EDGE('',*,*,#8632,.T.);
#6480=ORIENTED_EDGE('',*,*,#8633,.F.);
#6481=ORIENTED_EDGE('',*,*,#8634,.F.);
#6482=ORIENTED_EDGE('',*,*,#8434,.T.);
#6483=ORIENTED_EDGE('',*,*,#8631,.T.);
#6484=ORIENTED_EDGE('',*,*,#8635,.F.);
#6485=ORIENTED_EDGE('',*,*,#8636,.F.);
#6486=ORIENTED_EDGE('',*,*,#8435,.T.);
#6487=ORIENTED_EDGE('',*,*,#8634,.T.);
#6488=ORIENTED_EDGE('',*,*,#8637,.F.);
#6489=ORIENTED_EDGE('',*,*,#8632,.F.);
#6490=ORIENTED_EDGE('',*,*,#8432,.T.);
#6491=ORIENTED_EDGE('',*,*,#8636,.T.);
#6492=ORIENTED_EDGE('',*,*,#8638,.F.);
#6493=ORIENTED_EDGE('',*,*,#8639,.F.);
#6494=ORIENTED_EDGE('',*,*,#8421,.T.);
#6495=ORIENTED_EDGE('',*,*,#8640,.T.);
#6496=ORIENTED_EDGE('',*,*,#8641,.F.);
#6497=ORIENTED_EDGE('',*,*,#8642,.F.);
#6498=ORIENTED_EDGE('',*,*,#8422,.T.);
#6499=ORIENTED_EDGE('',*,*,#8639,.T.);
#6500=ORIENTED_EDGE('',*,*,#8643,.F.);
#6501=ORIENTED_EDGE('',*,*,#8644,.F.);
#6502=ORIENTED_EDGE('',*,*,#8423,.T.);
#6503=ORIENTED_EDGE('',*,*,#8642,.T.);
#6504=ORIENTED_EDGE('',*,*,#8645,.F.);
#6505=ORIENTED_EDGE('',*,*,#8640,.F.);
#6506=ORIENTED_EDGE('',*,*,#8420,.T.);
#6507=ORIENTED_EDGE('',*,*,#8644,.T.);
#6508=ORIENTED_EDGE('',*,*,#8646,.F.);
#6509=ORIENTED_EDGE('',*,*,#8647,.F.);
#6510=ORIENTED_EDGE('',*,*,#8409,.T.);
#6511=ORIENTED_EDGE('',*,*,#8648,.T.);
#6512=ORIENTED_EDGE('',*,*,#8174,.F.);
#6513=ORIENTED_EDGE('',*,*,#8649,.F.);
#6514=ORIENTED_EDGE('',*,*,#8410,.T.);
#6515=ORIENTED_EDGE('',*,*,#8647,.T.);
#6516=ORIENTED_EDGE('',*,*,#8173,.F.);
#6517=ORIENTED_EDGE('',*,*,#8650,.F.);
#6518=ORIENTED_EDGE('',*,*,#8411,.T.);
#6519=ORIENTED_EDGE('',*,*,#8649,.T.);
#6520=ORIENTED_EDGE('',*,*,#8172,.F.);
#6521=ORIENTED_EDGE('',*,*,#8648,.F.);
#6522=ORIENTED_EDGE('',*,*,#8408,.T.);
#6523=ORIENTED_EDGE('',*,*,#8650,.T.);
#6524=ORIENTED_EDGE('',*,*,#8171,.F.);
#6525=ORIENTED_EDGE('',*,*,#8651,.F.);
#6526=ORIENTED_EDGE('',*,*,#8397,.T.);
#6527=ORIENTED_EDGE('',*,*,#8652,.T.);
#6528=ORIENTED_EDGE('',*,*,#8178,.F.);
#6529=ORIENTED_EDGE('',*,*,#8653,.F.);
#6530=ORIENTED_EDGE('',*,*,#8398,.T.);
#6531=ORIENTED_EDGE('',*,*,#8651,.T.);
#6532=ORIENTED_EDGE('',*,*,#8177,.F.);
#6533=ORIENTED_EDGE('',*,*,#8654,.F.);
#6534=ORIENTED_EDGE('',*,*,#8399,.T.);
#6535=ORIENTED_EDGE('',*,*,#8653,.T.);
#6536=ORIENTED_EDGE('',*,*,#8176,.F.);
#6537=ORIENTED_EDGE('',*,*,#8652,.F.);
#6538=ORIENTED_EDGE('',*,*,#8396,.T.);
#6539=ORIENTED_EDGE('',*,*,#8654,.T.);
#6540=ORIENTED_EDGE('',*,*,#8175,.F.);
#6541=ORIENTED_EDGE('',*,*,#8655,.F.);
#6542=ORIENTED_EDGE('',*,*,#8385,.T.);
#6543=ORIENTED_EDGE('',*,*,#8656,.T.);
#6544=ORIENTED_EDGE('',*,*,#8182,.F.);
#6545=ORIENTED_EDGE('',*,*,#8657,.F.);
#6546=ORIENTED_EDGE('',*,*,#8386,.T.);
#6547=ORIENTED_EDGE('',*,*,#8655,.T.);
#6548=ORIENTED_EDGE('',*,*,#8181,.F.);
#6549=ORIENTED_EDGE('',*,*,#8658,.F.);
#6550=ORIENTED_EDGE('',*,*,#8387,.T.);
#6551=ORIENTED_EDGE('',*,*,#8657,.T.);
#6552=ORIENTED_EDGE('',*,*,#8180,.F.);
#6553=ORIENTED_EDGE('',*,*,#8656,.F.);
#6554=ORIENTED_EDGE('',*,*,#8384,.T.);
#6555=ORIENTED_EDGE('',*,*,#8658,.T.);
#6556=ORIENTED_EDGE('',*,*,#8179,.F.);
#6557=ORIENTED_EDGE('',*,*,#8659,.F.);
#6558=ORIENTED_EDGE('',*,*,#8373,.T.);
#6559=ORIENTED_EDGE('',*,*,#8660,.T.);
#6560=ORIENTED_EDGE('',*,*,#8186,.F.);
#6561=ORIENTED_EDGE('',*,*,#8661,.F.);
#6562=ORIENTED_EDGE('',*,*,#8374,.T.);
#6563=ORIENTED_EDGE('',*,*,#8659,.T.);
#6564=ORIENTED_EDGE('',*,*,#8185,.F.);
#6565=ORIENTED_EDGE('',*,*,#8662,.F.);
#6566=ORIENTED_EDGE('',*,*,#8375,.T.);
#6567=ORIENTED_EDGE('',*,*,#8661,.T.);
#6568=ORIENTED_EDGE('',*,*,#8184,.F.);
#6569=ORIENTED_EDGE('',*,*,#8660,.F.);
#6570=ORIENTED_EDGE('',*,*,#8372,.T.);
#6571=ORIENTED_EDGE('',*,*,#8662,.T.);
#6572=ORIENTED_EDGE('',*,*,#8183,.F.);
#6573=ORIENTED_EDGE('',*,*,#8210,.T.);
#6574=ORIENTED_EDGE('',*,*,#8201,.T.);
#6575=ORIENTED_EDGE('',*,*,#8204,.T.);
#6576=ORIENTED_EDGE('',*,*,#8211,.T.);
#6577=ORIENTED_EDGE('',*,*,#8646,.T.);
#6578=ORIENTED_EDGE('',*,*,#8645,.T.);
#6579=ORIENTED_EDGE('',*,*,#8643,.T.);
#6580=ORIENTED_EDGE('',*,*,#8641,.T.);
#6581=ORIENTED_EDGE('',*,*,#8638,.T.);
#6582=ORIENTED_EDGE('',*,*,#8637,.T.);
#6583=ORIENTED_EDGE('',*,*,#8635,.T.);
#6584=ORIENTED_EDGE('',*,*,#8633,.T.);
#6585=ORIENTED_EDGE('',*,*,#8623,.T.);
#6586=ORIENTED_EDGE('',*,*,#8663,.T.);
#6587=ORIENTED_EDGE('',*,*,#8629,.T.);
#6588=ORIENTED_EDGE('',*,*,#8626,.T.);
#6589=ORIENTED_EDGE('',*,*,#8617,.F.);
#6590=ORIENTED_EDGE('',*,*,#8616,.F.);
#6591=ORIENTED_EDGE('',*,*,#8614,.F.);
#6592=ORIENTED_EDGE('',*,*,#8612,.F.);
#6593=ORIENTED_EDGE('',*,*,#8622,.F.);
#6594=ORIENTED_EDGE('',*,*,#8664,.F.);
#6595=ORIENTED_EDGE('',*,*,#8630,.F.);
#6596=ORIENTED_EDGE('',*,*,#8663,.F.);
#6597=ORIENTED_EDGE('',*,*,#8620,.F.);
#6598=ORIENTED_EDGE('',*,*,#8188,.F.);
#6599=ORIENTED_EDGE('',*,*,#8628,.F.);
#6600=ORIENTED_EDGE('',*,*,#8665,.T.);
#6601=ORIENTED_EDGE('',*,*,#8621,.F.);
#6602=ORIENTED_EDGE('',*,*,#8665,.F.);
#6603=ORIENTED_EDGE('',*,*,#8627,.F.);
#6604=ORIENTED_EDGE('',*,*,#8664,.T.);
#6605=ORIENTED_EDGE('',*,*,#8666,.F.);
#6606=ORIENTED_EDGE('',*,*,#8251,.T.);
#6607=ORIENTED_EDGE('',*,*,#8232,.F.);
#6608=ORIENTED_EDGE('',*,*,#8257,.T.);
#6609=ORIENTED_EDGE('',*,*,#8667,.F.);
#6610=ORIENTED_EDGE('',*,*,#8252,.T.);
#6611=ORIENTED_EDGE('',*,*,#8666,.T.);
#6612=ORIENTED_EDGE('',*,*,#8256,.T.);
#6613=ORIENTED_EDGE('',*,*,#8168,.F.);
#6614=ORIENTED_EDGE('',*,*,#8247,.T.);
#6615=ORIENTED_EDGE('',*,*,#8667,.T.);
#6616=ORIENTED_EDGE('',*,*,#8255,.T.);
#6617=ORIENTED_EDGE('',*,*,#8668,.F.);
#6618=ORIENTED_EDGE('',*,*,#8669,.F.);
#6619=ORIENTED_EDGE('',*,*,#8668,.T.);
#6620=ORIENTED_EDGE('',*,*,#8670,.T.);
#6621=ORIENTED_EDGE('',*,*,#8671,.T.);
#6622=ORIENTED_EDGE('',*,*,#8671,.F.);
#6623=ORIENTED_EDGE('',*,*,#8672,.T.);
#6624=ORIENTED_EDGE('',*,*,#8672,.F.);
#6625=ORIENTED_EDGE('',*,*,#8673,.T.);
#6626=ORIENTED_EDGE('',*,*,#8673,.F.);
#6627=ORIENTED_EDGE('',*,*,#8674,.T.);
#6628=ORIENTED_EDGE('',*,*,#8674,.F.);
#6629=ORIENTED_EDGE('',*,*,#8675,.T.);
#6630=ORIENTED_EDGE('',*,*,#8675,.F.);
#6631=ORIENTED_EDGE('',*,*,#8676,.T.);
#6632=ORIENTED_EDGE('',*,*,#8676,.F.);
#6633=ORIENTED_EDGE('',*,*,#8677,.T.);
#6634=ORIENTED_EDGE('',*,*,#8677,.F.);
#6635=ORIENTED_EDGE('',*,*,#8678,.T.);
#6636=ORIENTED_EDGE('',*,*,#8678,.F.);
#6637=ORIENTED_EDGE('',*,*,#8679,.T.);
#6638=ORIENTED_EDGE('',*,*,#8679,.F.);
#6639=ORIENTED_EDGE('',*,*,#8669,.T.);
#6640=ORIENTED_EDGE('',*,*,#8680,.T.);
#6641=ORIENTED_EDGE('',*,*,#8670,.F.);
#6642=ORIENTED_EDGE('',*,*,#8680,.F.);
#6643=ORIENTED_EDGE('',*,*,#8681,.T.);
#6644=ORIENTED_EDGE('',*,*,#8682,.F.);
#6645=ORIENTED_EDGE('',*,*,#8683,.T.);
#6646=ORIENTED_EDGE('',*,*,#8684,.T.);
#6647=ORIENTED_EDGE('',*,*,#8685,.T.);
#6648=ORIENTED_EDGE('',*,*,#8684,.F.);
#6649=ORIENTED_EDGE('',*,*,#8686,.T.);
#6650=ORIENTED_EDGE('',*,*,#8685,.F.);
#6651=ORIENTED_EDGE('',*,*,#8687,.T.);
#6652=ORIENTED_EDGE('',*,*,#8686,.F.);
#6653=ORIENTED_EDGE('',*,*,#8682,.T.);
#6654=ORIENTED_EDGE('',*,*,#8687,.F.);
#6655=ORIENTED_EDGE('',*,*,#8683,.F.);
#6656=ORIENTED_EDGE('',*,*,#8681,.F.);
#6657=ORIENTED_EDGE('',*,*,#8688,.T.);
#6658=ORIENTED_EDGE('',*,*,#8689,.T.);
#6659=ORIENTED_EDGE('',*,*,#8690,.T.);
#6660=ORIENTED_EDGE('',*,*,#8691,.T.);
#6661=ORIENTED_EDGE('',*,*,#8692,.F.);
#6662=ORIENTED_EDGE('',*,*,#8693,.T.);
#6663=ORIENTED_EDGE('',*,*,#8694,.F.);
#6664=ORIENTED_EDGE('',*,*,#8695,.T.);
#6665=ORIENTED_EDGE('',*,*,#8696,.T.);
#6666=ORIENTED_EDGE('',*,*,#8697,.T.);
#6667=ORIENTED_EDGE('',*,*,#8698,.F.);
#6668=ORIENTED_EDGE('',*,*,#8699,.T.);
#6669=ORIENTED_EDGE('',*,*,#8700,.F.);
#6670=ORIENTED_EDGE('',*,*,#8701,.T.);
#6671=ORIENTED_EDGE('',*,*,#8702,.T.);
#6672=ORIENTED_EDGE('',*,*,#8703,.T.);
#6673=ORIENTED_EDGE('',*,*,#8698,.T.);
#6674=ORIENTED_EDGE('',*,*,#8704,.T.);
#6675=ORIENTED_EDGE('',*,*,#8705,.T.);
#6676=ORIENTED_EDGE('',*,*,#8706,.T.);
#6677=ORIENTED_EDGE('',*,*,#8707,.T.);
#6678=ORIENTED_EDGE('',*,*,#8708,.T.);
#6679=ORIENTED_EDGE('',*,*,#8700,.T.);
#6680=ORIENTED_EDGE('',*,*,#8709,.T.);
#6681=ORIENTED_EDGE('',*,*,#8710,.T.);
#6682=ORIENTED_EDGE('',*,*,#8711,.F.);
#6683=ORIENTED_EDGE('',*,*,#8712,.F.);
#6684=ORIENTED_EDGE('',*,*,#8713,.T.);
#6685=ORIENTED_EDGE('',*,*,#8714,.F.);
#6686=ORIENTED_EDGE('',*,*,#8715,.T.);
#6687=ORIENTED_EDGE('',*,*,#8716,.T.);
#6688=ORIENTED_EDGE('',*,*,#8717,.T.);
#6689=ORIENTED_EDGE('',*,*,#8711,.T.);
#6690=ORIENTED_EDGE('',*,*,#8718,.T.);
#6691=ORIENTED_EDGE('',*,*,#8719,.T.);
#6692=ORIENTED_EDGE('',*,*,#8720,.T.);
#6693=ORIENTED_EDGE('',*,*,#8721,.T.);
#6694=ORIENTED_EDGE('',*,*,#8722,.T.);
#6695=ORIENTED_EDGE('',*,*,#8723,.F.);
#6696=ORIENTED_EDGE('',*,*,#8724,.T.);
#6697=ORIENTED_EDGE('',*,*,#8712,.T.);
#6698=ORIENTED_EDGE('',*,*,#8725,.T.);
#6699=ORIENTED_EDGE('',*,*,#8726,.F.);
#6700=ORIENTED_EDGE('',*,*,#8727,.T.);
#6701=ORIENTED_EDGE('',*,*,#8723,.T.);
#6702=ORIENTED_EDGE('',*,*,#8728,.T.);
#6703=ORIENTED_EDGE('',*,*,#8729,.T.);
#6704=ORIENTED_EDGE('',*,*,#8730,.T.);
#6705=ORIENTED_EDGE('',*,*,#8731,.T.);
#6706=ORIENTED_EDGE('',*,*,#8732,.T.);
#6707=ORIENTED_EDGE('',*,*,#8733,.F.);
#6708=ORIENTED_EDGE('',*,*,#8734,.T.);
#6709=ORIENTED_EDGE('',*,*,#8735,.T.);
#6710=ORIENTED_EDGE('',*,*,#8736,.T.);
#6711=ORIENTED_EDGE('',*,*,#8737,.F.);
#6712=ORIENTED_EDGE('',*,*,#8738,.T.);
#6713=ORIENTED_EDGE('',*,*,#8739,.T.);
#6714=ORIENTED_EDGE('',*,*,#8733,.T.);
#6715=ORIENTED_EDGE('',*,*,#8740,.T.);
#6716=ORIENTED_EDGE('',*,*,#8741,.T.);
#6717=ORIENTED_EDGE('',*,*,#8742,.T.);
#6718=ORIENTED_EDGE('',*,*,#8743,.T.);
#6719=ORIENTED_EDGE('',*,*,#8744,.T.);
#6720=ORIENTED_EDGE('',*,*,#8745,.T.);
#6721=ORIENTED_EDGE('',*,*,#8746,.T.);
#6722=ORIENTED_EDGE('',*,*,#8747,.T.);
#6723=ORIENTED_EDGE('',*,*,#8737,.T.);
#6724=ORIENTED_EDGE('',*,*,#8748,.T.);
#6725=ORIENTED_EDGE('',*,*,#8749,.T.);
#6726=ORIENTED_EDGE('',*,*,#8750,.T.);
#6727=ORIENTED_EDGE('',*,*,#8751,.T.);
#6728=ORIENTED_EDGE('',*,*,#8752,.T.);
#6729=ORIENTED_EDGE('',*,*,#8753,.T.);
#6730=ORIENTED_EDGE('',*,*,#8754,.T.);
#6731=ORIENTED_EDGE('',*,*,#8755,.T.);
#6732=ORIENTED_EDGE('',*,*,#8756,.T.);
#6733=ORIENTED_EDGE('',*,*,#8757,.F.);
#6734=ORIENTED_EDGE('',*,*,#8758,.T.);
#6735=ORIENTED_EDGE('',*,*,#8759,.T.);
#6736=ORIENTED_EDGE('',*,*,#8760,.T.);
#6737=ORIENTED_EDGE('',*,*,#8761,.T.);
#6738=ORIENTED_EDGE('',*,*,#8762,.T.);
#6739=ORIENTED_EDGE('',*,*,#8757,.T.);
#6740=ORIENTED_EDGE('',*,*,#8763,.T.);
#6741=ORIENTED_EDGE('',*,*,#8764,.T.);
#6742=ORIENTED_EDGE('',*,*,#8765,.F.);
#6743=ORIENTED_EDGE('',*,*,#8694,.T.);
#6744=ORIENTED_EDGE('',*,*,#8766,.T.);
#6745=ORIENTED_EDGE('',*,*,#8767,.F.);
#6746=ORIENTED_EDGE('',*,*,#8768,.T.);
#6747=ORIENTED_EDGE('',*,*,#8688,.F.);
#6748=ORIENTED_EDGE('',*,*,#8769,.T.);
#6749=ORIENTED_EDGE('',*,*,#8770,.T.);
#6750=ORIENTED_EDGE('',*,*,#8771,.T.);
#6751=ORIENTED_EDGE('',*,*,#8765,.T.);
#6752=ORIENTED_EDGE('',*,*,#8772,.T.);
#6753=ORIENTED_EDGE('',*,*,#8773,.T.);
#6754=ORIENTED_EDGE('',*,*,#8774,.T.);
#6755=ORIENTED_EDGE('',*,*,#8767,.T.);
#6756=ORIENTED_EDGE('',*,*,#8775,.T.);
#6757=ORIENTED_EDGE('',*,*,#8776,.F.);
#6758=ORIENTED_EDGE('',*,*,#8777,.T.);
#6759=ORIENTED_EDGE('',*,*,#8776,.T.);
#6760=ORIENTED_EDGE('',*,*,#8778,.T.);
#6761=ORIENTED_EDGE('',*,*,#8692,.T.);
#6762=ORIENTED_EDGE('',*,*,#8779,.T.);
#6763=ORIENTED_EDGE('',*,*,#8780,.T.);
#6764=ORIENTED_EDGE('',*,*,#8781,.T.);
#6765=ORIENTED_EDGE('',*,*,#8782,.F.);
#6766=ORIENTED_EDGE('',*,*,#8783,.T.);
#6767=ORIENTED_EDGE('',*,*,#8784,.T.);
#6768=ORIENTED_EDGE('',*,*,#8785,.T.);
#6769=ORIENTED_EDGE('',*,*,#8690,.F.);
#6770=ORIENTED_EDGE('',*,*,#8786,.T.);
#6771=ORIENTED_EDGE('',*,*,#8787,.F.);
#6772=ORIENTED_EDGE('',*,*,#8788,.T.);
#6773=ORIENTED_EDGE('',*,*,#8789,.T.);
#6774=ORIENTED_EDGE('',*,*,#8782,.T.);
#6775=ORIENTED_EDGE('',*,*,#8790,.T.);
#6776=ORIENTED_EDGE('',*,*,#8791,.T.);
#6777=ORIENTED_EDGE('',*,*,#8792,.T.);
#6778=ORIENTED_EDGE('',*,*,#8793,.T.);
#6779=ORIENTED_EDGE('',*,*,#8787,.T.);
#6780=ORIENTED_EDGE('',*,*,#8794,.T.);
#6781=ORIENTED_EDGE('',*,*,#8795,.T.);
#6782=ORIENTED_EDGE('',*,*,#8796,.T.);
#6783=ORIENTED_EDGE('',*,*,#8797,.F.);
#6784=ORIENTED_EDGE('',*,*,#8798,.T.);
#6785=ORIENTED_EDGE('',*,*,#8797,.T.);
#6786=ORIENTED_EDGE('',*,*,#8799,.T.);
#6787=ORIENTED_EDGE('',*,*,#8800,.F.);
#6788=ORIENTED_EDGE('',*,*,#8801,.T.);
#6789=ORIENTED_EDGE('',*,*,#8802,.T.);
#6790=ORIENTED_EDGE('',*,*,#8803,.T.);
#6791=ORIENTED_EDGE('',*,*,#8804,.T.);
#6792=ORIENTED_EDGE('',*,*,#8805,.T.);
#6793=ORIENTED_EDGE('',*,*,#8800,.T.);
#6794=ORIENTED_EDGE('',*,*,#8806,.T.);
#6795=ORIENTED_EDGE('',*,*,#8807,.F.);
#6796=ORIENTED_EDGE('',*,*,#8808,.T.);
#6797=ORIENTED_EDGE('',*,*,#8809,.T.);
#6798=ORIENTED_EDGE('',*,*,#8810,.T.);
#6799=ORIENTED_EDGE('',*,*,#8811,.T.);
#6800=ORIENTED_EDGE('',*,*,#8812,.T.);
#6801=ORIENTED_EDGE('',*,*,#8813,.T.);
#6802=ORIENTED_EDGE('',*,*,#8814,.T.);
#6803=ORIENTED_EDGE('',*,*,#8696,.F.);
#6804=ORIENTED_EDGE('',*,*,#8815,.T.);
#6805=ORIENTED_EDGE('',*,*,#8714,.T.);
#6806=ORIENTED_EDGE('',*,*,#8816,.T.);
#6807=ORIENTED_EDGE('',*,*,#8726,.T.);
#6808=ORIENTED_EDGE('',*,*,#8817,.T.);
#6809=ORIENTED_EDGE('',*,*,#8729,.F.);
#6810=ORIENTED_EDGE('',*,*,#8818,.T.);
#6811=ORIENTED_EDGE('',*,*,#8721,.F.);
#6812=ORIENTED_EDGE('',*,*,#8819,.T.);
#6813=ORIENTED_EDGE('',*,*,#8809,.F.);
#6814=ORIENTED_EDGE('',*,*,#8820,.T.);
#6815=ORIENTED_EDGE('',*,*,#8802,.F.);
#6816=ORIENTED_EDGE('',*,*,#8821,.T.);
#6817=ORIENTED_EDGE('',*,*,#8753,.F.);
#6818=ORIENTED_EDGE('',*,*,#8822,.T.);
#6819=ORIENTED_EDGE('',*,*,#8823,.T.);
#6820=ORIENTED_EDGE('',*,*,#8824,.T.);
#6821=ORIENTED_EDGE('',*,*,#8742,.F.);
#6822=ORIENTED_EDGE('',*,*,#8825,.T.);
#6823=ORIENTED_EDGE('',*,*,#8813,.F.);
#6824=ORIENTED_EDGE('',*,*,#8826,.T.);
#6825=ORIENTED_EDGE('',*,*,#8804,.F.);
#6826=ORIENTED_EDGE('',*,*,#8827,.T.);
#6827=ORIENTED_EDGE('',*,*,#8807,.T.);
#6828=ORIENTED_EDGE('',*,*,#8828,.T.);
#6829=ORIENTED_EDGE('',*,*,#8811,.F.);
#6830=ORIENTED_EDGE('',*,*,#8829,.T.);
#6831=ORIENTED_EDGE('',*,*,#8744,.F.);
#6832=ORIENTED_EDGE('',*,*,#8830,.T.);
#6833=ORIENTED_EDGE('',*,*,#8831,.T.);
#6834=ORIENTED_EDGE('',*,*,#8832,.T.);
#6835=ORIENTED_EDGE('',*,*,#8751,.F.);
#6836=ORIENTED_EDGE('',*,*,#8833,.T.);
#6837=ORIENTED_EDGE('',*,*,#8746,.F.);
#6838=ORIENTED_EDGE('',*,*,#8834,.T.);
#6839=ORIENTED_EDGE('',*,*,#8702,.F.);
#6840=ORIENTED_EDGE('',*,*,#8835,.T.);
#6841=ORIENTED_EDGE('',*,*,#8739,.F.);
#6842=ORIENTED_EDGE('',*,*,#8836,.T.);
#6843=ORIENTED_EDGE('',*,*,#8707,.F.);
#6844=ORIENTED_EDGE('',*,*,#8717,.F.);
#6845=ORIENTED_EDGE('',*,*,#8837,.T.);
#6846=ORIENTED_EDGE('',*,*,#8734,.F.);
#6847=ORIENTED_EDGE('',*,*,#8716,.F.);
#6848=ORIENTED_EDGE('',*,*,#8838,.T.);
#6849=ORIENTED_EDGE('',*,*,#8735,.F.);
#6850=ORIENTED_EDGE('',*,*,#8837,.F.);
#6851=ORIENTED_EDGE('',*,*,#8710,.F.);
#6852=ORIENTED_EDGE('',*,*,#8839,.T.);
#6853=ORIENTED_EDGE('',*,*,#8740,.F.);
#6854=ORIENTED_EDGE('',*,*,#8732,.F.);
#6855=ORIENTED_EDGE('',*,*,#8840,.F.);
#6856=ORIENTED_EDGE('',*,*,#8718,.F.);
#6857=ORIENTED_EDGE('',*,*,#8749,.F.);
#6858=ORIENTED_EDGE('',*,*,#8841,.T.);
#6859=ORIENTED_EDGE('',*,*,#8705,.F.);
#6860=ORIENTED_EDGE('',*,*,#8842,.T.);
#6861=ORIENTED_EDGE('',*,*,#8731,.F.);
#6862=ORIENTED_EDGE('',*,*,#8843,.T.);
#6863=ORIENTED_EDGE('',*,*,#8719,.F.);
#6864=ORIENTED_EDGE('',*,*,#8840,.T.);
#6865=ORIENTED_EDGE('',*,*,#8770,.F.);
#6866=ORIENTED_EDGE('',*,*,#8844,.T.);
#6867=ORIENTED_EDGE('',*,*,#8784,.F.);
#6868=ORIENTED_EDGE('',*,*,#8845,.T.);
#6869=ORIENTED_EDGE('',*,*,#8789,.F.);
#6870=ORIENTED_EDGE('',*,*,#8846,.T.);
#6871=ORIENTED_EDGE('',*,*,#8761,.F.);
#6872=ORIENTED_EDGE('',*,*,#8771,.F.);
#6873=ORIENTED_EDGE('',*,*,#8845,.F.);
#6874=ORIENTED_EDGE('',*,*,#8783,.F.);
#6875=ORIENTED_EDGE('',*,*,#8792,.F.);
#6876=ORIENTED_EDGE('',*,*,#8847,.T.);
#6877=ORIENTED_EDGE('',*,*,#8759,.F.);
#6878=ORIENTED_EDGE('',*,*,#8848,.T.);
#6879=ORIENTED_EDGE('',*,*,#8780,.F.);
#6880=ORIENTED_EDGE('',*,*,#8849,.T.);
#6881=ORIENTED_EDGE('',*,*,#8773,.F.);
#6882=ORIENTED_EDGE('',*,*,#8850,.F.);
#6883=ORIENTED_EDGE('',*,*,#8764,.F.);
#6884=ORIENTED_EDGE('',*,*,#8851,.T.);
#6885=ORIENTED_EDGE('',*,*,#8790,.F.);
#6886=ORIENTED_EDGE('',*,*,#8781,.F.);
#6887=ORIENTED_EDGE('',*,*,#8850,.T.);
#6888=ORIENTED_EDGE('',*,*,#8772,.F.);
#6889=ORIENTED_EDGE('',*,*,#8795,.F.);
#6890=ORIENTED_EDGE('',*,*,#8852,.T.);
#6891=ORIENTED_EDGE('',*,*,#8755,.F.);
#6892=ORIENTED_EDGE('',*,*,#8853,.T.);
#6893=ORIENTED_EDGE('',*,*,#8805,.F.);
#6894=ORIENTED_EDGE('',*,*,#8833,.F.);
#6895=ORIENTED_EDGE('',*,*,#8760,.F.);
#6896=ORIENTED_EDGE('',*,*,#8847,.F.);
#6897=ORIENTED_EDGE('',*,*,#8798,.F.);
#6898=ORIENTED_EDGE('',*,*,#8801,.F.);
#6899=ORIENTED_EDGE('',*,*,#8793,.F.);
#6900=ORIENTED_EDGE('',*,*,#8848,.F.);
#6901=ORIENTED_EDGE('',*,*,#8758,.F.);
#6902=ORIENTED_EDGE('',*,*,#8762,.F.);
#6903=ORIENTED_EDGE('',*,*,#8846,.F.);
#6904=ORIENTED_EDGE('',*,*,#8788,.F.);
#6905=ORIENTED_EDGE('',*,*,#8703,.F.);
#6906=ORIENTED_EDGE('',*,*,#8834,.F.);
#6907=ORIENTED_EDGE('',*,*,#8745,.F.);
#6908=ORIENTED_EDGE('',*,*,#8829,.F.);
#6909=ORIENTED_EDGE('',*,*,#8815,.F.);
#6910=ORIENTED_EDGE('',*,*,#8699,.F.);
#6911=ORIENTED_EDGE('',*,*,#8708,.F.);
#6912=ORIENTED_EDGE('',*,*,#8836,.F.);
#6913=ORIENTED_EDGE('',*,*,#8738,.F.);
#6914=ORIENTED_EDGE('',*,*,#8747,.F.);
#6915=ORIENTED_EDGE('',*,*,#8835,.F.);
#6916=ORIENTED_EDGE('',*,*,#8701,.F.);
#6917=ORIENTED_EDGE('',*,*,#8706,.F.);
#6918=ORIENTED_EDGE('',*,*,#8841,.F.);
#6919=ORIENTED_EDGE('',*,*,#8748,.F.);
#6920=ORIENTED_EDGE('',*,*,#8741,.F.);
#6921=ORIENTED_EDGE('',*,*,#8839,.F.);
#6922=ORIENTED_EDGE('',*,*,#8709,.F.);
#6923=ORIENTED_EDGE('',*,*,#8791,.F.);
#6924=ORIENTED_EDGE('',*,*,#8851,.F.);
#6925=ORIENTED_EDGE('',*,*,#8763,.F.);
#6926=ORIENTED_EDGE('',*,*,#8756,.F.);
#6927=ORIENTED_EDGE('',*,*,#8852,.F.);
#6928=ORIENTED_EDGE('',*,*,#8794,.F.);
#6929=ORIENTED_EDGE('',*,*,#8796,.F.);
#6930=ORIENTED_EDGE('',*,*,#8853,.F.);
#6931=ORIENTED_EDGE('',*,*,#8754,.F.);
#6932=ORIENTED_EDGE('',*,*,#8821,.F.);
#6933=ORIENTED_EDGE('',*,*,#8806,.F.);
#6934=ORIENTED_EDGE('',*,*,#8799,.F.);
#6935=ORIENTED_EDGE('',*,*,#8814,.F.);
#6936=ORIENTED_EDGE('',*,*,#8825,.F.);
#6937=ORIENTED_EDGE('',*,*,#8750,.F.);
#6938=ORIENTED_EDGE('',*,*,#8842,.F.);
#6939=ORIENTED_EDGE('',*,*,#8704,.F.);
#6940=ORIENTED_EDGE('',*,*,#8697,.F.);
#6941=ORIENTED_EDGE('',*,*,#8736,.F.);
#6942=ORIENTED_EDGE('',*,*,#8838,.F.);
#6943=ORIENTED_EDGE('',*,*,#8715,.F.);
#6944=ORIENTED_EDGE('',*,*,#8817,.F.);
#6945=ORIENTED_EDGE('',*,*,#8785,.F.);
#6946=ORIENTED_EDGE('',*,*,#8844,.F.);
#6947=ORIENTED_EDGE('',*,*,#8769,.F.);
#6948=ORIENTED_EDGE('',*,*,#8691,.F.);
#6949=ORIENTED_EDGE('',*,*,#8779,.F.);
#6950=ORIENTED_EDGE('',*,*,#8695,.F.);
#6951=ORIENTED_EDGE('',*,*,#8774,.F.);
#6952=ORIENTED_EDGE('',*,*,#8849,.F.);
#6953=ORIENTED_EDGE('',*,*,#8730,.F.);
#6954=ORIENTED_EDGE('',*,*,#8819,.F.);
#6955=ORIENTED_EDGE('',*,*,#8720,.F.);
#6956=ORIENTED_EDGE('',*,*,#8843,.F.);
#6957=ORIENTED_EDGE('',*,*,#8766,.F.);
#6958=ORIENTED_EDGE('',*,*,#8693,.F.);
#6959=ORIENTED_EDGE('',*,*,#8778,.F.);
#6960=ORIENTED_EDGE('',*,*,#8775,.F.);
#6961=ORIENTED_EDGE('',*,*,#8768,.F.);
#6962=ORIENTED_EDGE('',*,*,#8777,.F.);
#6963=ORIENTED_EDGE('',*,*,#8786,.F.);
#6964=ORIENTED_EDGE('',*,*,#8689,.F.);
#6965=ORIENTED_EDGE('',*,*,#8713,.F.);
#6966=ORIENTED_EDGE('',*,*,#8724,.F.);
#6967=ORIENTED_EDGE('',*,*,#8727,.F.);
#6968=ORIENTED_EDGE('',*,*,#8816,.F.);
#6969=ORIENTED_EDGE('',*,*,#8722,.F.);
#6970=ORIENTED_EDGE('',*,*,#8818,.F.);
#6971=ORIENTED_EDGE('',*,*,#8728,.F.);
#6972=ORIENTED_EDGE('',*,*,#8725,.F.);
#6973=ORIENTED_EDGE('',*,*,#8854,.T.);
#6974=ORIENTED_EDGE('',*,*,#8830,.F.);
#6975=ORIENTED_EDGE('',*,*,#8743,.F.);
#6976=ORIENTED_EDGE('',*,*,#8824,.F.);
#6977=ORIENTED_EDGE('',*,*,#8855,.T.);
#6978=ORIENTED_EDGE('',*,*,#8831,.F.);
#6979=ORIENTED_EDGE('',*,*,#8854,.F.);
#6980=ORIENTED_EDGE('',*,*,#8823,.F.);
#6981=ORIENTED_EDGE('',*,*,#8752,.F.);
#6982=ORIENTED_EDGE('',*,*,#8832,.F.);
#6983=ORIENTED_EDGE('',*,*,#8855,.F.);
#6984=ORIENTED_EDGE('',*,*,#8822,.F.);
#6985=ORIENTED_EDGE('',*,*,#8827,.F.);
#6986=ORIENTED_EDGE('',*,*,#8803,.F.);
#6987=ORIENTED_EDGE('',*,*,#8820,.F.);
#6988=ORIENTED_EDGE('',*,*,#8808,.F.);
#6989=ORIENTED_EDGE('',*,*,#8828,.F.);
#6990=ORIENTED_EDGE('',*,*,#8810,.F.);
#6991=ORIENTED_EDGE('',*,*,#8826,.F.);
#6992=ORIENTED_EDGE('',*,*,#8812,.F.);
#6993=ORIENTED_EDGE('',*,*,#8856,.T.);
#6994=ORIENTED_EDGE('',*,*,#8857,.T.);
#6995=ORIENTED_EDGE('',*,*,#8858,.T.);
#6996=ORIENTED_EDGE('',*,*,#8859,.F.);
#6997=ORIENTED_EDGE('',*,*,#8860,.T.);
#6998=ORIENTED_EDGE('',*,*,#8861,.F.);
#6999=ORIENTED_EDGE('',*,*,#8862,.T.);
#7000=ORIENTED_EDGE('',*,*,#8863,.T.);
#7001=ORIENTED_EDGE('',*,*,#8864,.F.);
#7002=ORIENTED_EDGE('',*,*,#8865,.F.);
#7003=ORIENTED_EDGE('',*,*,#8866,.T.);
#7004=ORIENTED_EDGE('',*,*,#8867,.T.);
#7005=ORIENTED_EDGE('',*,*,#8868,.F.);
#7006=ORIENTED_EDGE('',*,*,#8869,.T.);
#7007=ORIENTED_EDGE('',*,*,#8870,.T.);
#7008=ORIENTED_EDGE('',*,*,#8871,.F.);
#7009=ORIENTED_EDGE('',*,*,#8857,.F.);
#7010=ORIENTED_EDGE('',*,*,#8872,.T.);
#7011=ORIENTED_EDGE('',*,*,#8873,.T.);
#7012=ORIENTED_EDGE('',*,*,#8874,.F.);
#7013=ORIENTED_EDGE('',*,*,#8863,.F.);
#7014=ORIENTED_EDGE('',*,*,#8875,.F.);
#7015=ORIENTED_EDGE('',*,*,#8876,.F.);
#7016=ORIENTED_EDGE('',*,*,#8877,.T.);
#7017=ORIENTED_EDGE('',*,*,#8878,.F.);
#7018=ORIENTED_EDGE('',*,*,#8879,.F.);
#7019=ORIENTED_EDGE('',*,*,#8880,.F.);
#7020=ORIENTED_EDGE('',*,*,#8881,.T.);
#7021=ORIENTED_EDGE('',*,*,#8866,.F.);
#7022=ORIENTED_EDGE('',*,*,#8882,.T.);
#7023=ORIENTED_EDGE('',*,*,#8883,.T.);
#7024=ORIENTED_EDGE('',*,*,#8884,.T.);
#7025=ORIENTED_EDGE('',*,*,#8885,.T.);
#7026=ORIENTED_EDGE('',*,*,#8886,.F.);
#7027=ORIENTED_EDGE('',*,*,#8861,.T.);
#7028=ORIENTED_EDGE('',*,*,#8887,.F.);
#7029=ORIENTED_EDGE('',*,*,#8888,.F.);
#7030=ORIENTED_EDGE('',*,*,#8889,.T.);
#7031=ORIENTED_EDGE('',*,*,#8859,.T.);
#7032=ORIENTED_EDGE('',*,*,#8890,.F.);
#7033=ORIENTED_EDGE('',*,*,#8891,.F.);
#7034=ORIENTED_EDGE('',*,*,#8892,.T.);
#7035=ORIENTED_EDGE('',*,*,#8868,.T.);
#7036=ORIENTED_EDGE('',*,*,#8893,.T.);
#7037=ORIENTED_EDGE('',*,*,#8894,.T.);
#7038=ORIENTED_EDGE('',*,*,#8895,.F.);
#7039=ORIENTED_EDGE('',*,*,#8896,.F.);
#7040=ORIENTED_EDGE('',*,*,#8883,.F.);
#7041=ORIENTED_EDGE('',*,*,#8897,.F.);
#7042=ORIENTED_EDGE('',*,*,#8878,.T.);
#7043=ORIENTED_EDGE('',*,*,#8898,.T.);
#7044=ORIENTED_EDGE('',*,*,#8882,.F.);
#7045=ORIENTED_EDGE('',*,*,#8899,.T.);
#7046=ORIENTED_EDGE('',*,*,#8898,.F.);
#7047=ORIENTED_EDGE('',*,*,#8900,.T.);
#7048=ORIENTED_EDGE('',*,*,#8899,.F.);
#7049=ORIENTED_EDGE('',*,*,#8901,.T.);
#7050=ORIENTED_EDGE('',*,*,#8900,.F.);
#7051=ORIENTED_EDGE('',*,*,#8889,.F.);
#7052=ORIENTED_EDGE('',*,*,#8902,.F.);
#7053=ORIENTED_EDGE('',*,*,#8872,.F.);
#7054=ORIENTED_EDGE('',*,*,#8860,.F.);
#7055=ORIENTED_EDGE('',*,*,#8864,.T.);
#7056=ORIENTED_EDGE('',*,*,#8874,.T.);
#7057=ORIENTED_EDGE('',*,*,#8903,.T.);
#7058=ORIENTED_EDGE('',*,*,#8887,.T.);
#7059=ORIENTED_EDGE('',*,*,#8873,.F.);
#7060=ORIENTED_EDGE('',*,*,#8902,.T.);
#7061=ORIENTED_EDGE('',*,*,#8888,.T.);
#7062=ORIENTED_EDGE('',*,*,#8903,.F.);
#7063=ORIENTED_EDGE('',*,*,#8881,.F.);
#7064=ORIENTED_EDGE('',*,*,#8904,.F.);
#7065=ORIENTED_EDGE('',*,*,#8893,.F.);
#7066=ORIENTED_EDGE('',*,*,#8867,.F.);
#7067=ORIENTED_EDGE('',*,*,#8897,.T.);
#7068=ORIENTED_EDGE('',*,*,#8895,.T.);
#7069=ORIENTED_EDGE('',*,*,#8905,.T.);
#7070=ORIENTED_EDGE('',*,*,#8879,.T.);
#7071=ORIENTED_EDGE('',*,*,#8894,.F.);
#7072=ORIENTED_EDGE('',*,*,#8904,.T.);
#7073=ORIENTED_EDGE('',*,*,#8880,.T.);
#7074=ORIENTED_EDGE('',*,*,#8905,.F.);
#7075=ORIENTED_EDGE('',*,*,#8886,.T.);
#7076=ORIENTED_EDGE('',*,*,#8906,.T.);
#7077=ORIENTED_EDGE('',*,*,#8875,.T.);
#7078=ORIENTED_EDGE('',*,*,#8862,.F.);
#7079=ORIENTED_EDGE('',*,*,#8896,.T.);
#7080=ORIENTED_EDGE('',*,*,#8877,.F.);
#7081=ORIENTED_EDGE('',*,*,#8907,.F.);
#7082=ORIENTED_EDGE('',*,*,#8884,.F.);
#7083=ORIENTED_EDGE('',*,*,#8885,.F.);
#7084=ORIENTED_EDGE('',*,*,#8907,.T.);
#7085=ORIENTED_EDGE('',*,*,#8876,.T.);
#7086=ORIENTED_EDGE('',*,*,#8906,.F.);
#7087=ORIENTED_EDGE('',*,*,#8865,.T.);
#7088=ORIENTED_EDGE('',*,*,#8892,.F.);
#7089=ORIENTED_EDGE('',*,*,#8908,.F.);
#7090=ORIENTED_EDGE('',*,*,#8869,.F.);
#7091=ORIENTED_EDGE('',*,*,#8871,.T.);
#7092=ORIENTED_EDGE('',*,*,#8909,.T.);
#7093=ORIENTED_EDGE('',*,*,#8890,.T.);
#7094=ORIENTED_EDGE('',*,*,#8858,.F.);
#7095=ORIENTED_EDGE('',*,*,#8870,.F.);
#7096=ORIENTED_EDGE('',*,*,#8908,.T.);
#7097=ORIENTED_EDGE('',*,*,#8891,.T.);
#7098=ORIENTED_EDGE('',*,*,#8909,.F.);
#7099=ORIENTED_EDGE('',*,*,#8901,.F.);
#7100=ORIENTED_EDGE('',*,*,#8856,.F.);
#7101=EDGE_CURVE('',#8910,#8910,#10093,.T.);
#7102=EDGE_CURVE('',#8911,#8911,#10094,.F.);
#7103=EDGE_CURVE('',#8912,#8913,#280,.T.);
#7104=EDGE_CURVE('',#8913,#8914,#281,.T.);
#7105=EDGE_CURVE('',#8914,#8915,#282,.T.);
#7106=EDGE_CURVE('',#8915,#8912,#283,.T.);
#7107=EDGE_CURVE('',#8916,#8917,#284,.T.);
#7108=EDGE_CURVE('',#8917,#8918,#285,.T.);
#7109=EDGE_CURVE('',#8918,#8919,#286,.T.);
#7110=EDGE_CURVE('',#8919,#8916,#287,.T.);
#7111=EDGE_CURVE('',#8915,#8920,#288,.F.);
#7112=EDGE_CURVE('',#8915,#8921,#289,.T.);
#7113=EDGE_CURVE('',#8922,#8921,#290,.T.);
#7114=EDGE_CURVE('',#8920,#8922,#291,.T.);
#7115=EDGE_CURVE('',#8923,#8921,#292,.T.);
#7116=EDGE_CURVE('',#8924,#8923,#293,.F.);
#7117=EDGE_CURVE('',#8922,#8924,#294,.T.);
#7118=EDGE_CURVE('',#8925,#8920,#295,.T.);
#7119=EDGE_CURVE('',#8912,#8925,#296,.F.);
#7120=EDGE_CURVE('',#8923,#8912,#297,.T.);
#7121=EDGE_CURVE('',#8924,#8925,#298,.T.);
#7122=EDGE_CURVE('',#8926,#8927,#299,.T.);
#7123=EDGE_CURVE('',#8927,#8928,#300,.T.);
#7124=EDGE_CURVE('',#8929,#8928,#301,.T.);
#7125=EDGE_CURVE('',#8929,#8926,#302,.T.);
#7126=EDGE_CURVE('',#8930,#8924,#303,.T.);
#7127=EDGE_CURVE('',#8931,#8925,#304,.T.);
#7128=EDGE_CURVE('',#8931,#8930,#305,.T.);
#7129=EDGE_CURVE('',#8932,#8922,#306,.T.);
#7130=EDGE_CURVE('',#8930,#8932,#307,.T.);
#7131=EDGE_CURVE('',#8933,#8920,#308,.T.);
#7132=EDGE_CURVE('',#8932,#8933,#309,.T.);
#7133=EDGE_CURVE('',#8933,#8931,#310,.T.);
#7134=EDGE_CURVE('',#8927,#8934,#311,.F.);
#7135=EDGE_CURVE('',#8935,#8934,#312,.T.);
#7136=EDGE_CURVE('',#8935,#8928,#313,.F.);
#7137=EDGE_CURVE('',#8936,#8919,#314,.T.);
#7138=EDGE_CURVE('',#8919,#8934,#315,.T.);
#7139=EDGE_CURVE('',#8936,#8927,#316,.T.);
#7140=EDGE_CURVE('',#8928,#8937,#317,.T.);
#7141=EDGE_CURVE('',#8938,#8937,#318,.T.);
#7142=EDGE_CURVE('',#8938,#8929,#319,.T.);
#7143=EDGE_CURVE('',#8937,#8936,#320,.T.);
#7144=EDGE_CURVE('',#8939,#8936,#321,.T.);
#7145=EDGE_CURVE('',#8939,#8938,#322,.T.);
#7146=EDGE_CURVE('',#8916,#8937,#323,.F.);
#7147=EDGE_CURVE('',#8935,#8916,#324,.T.);
#7148=EDGE_CURVE('',#8926,#8939,#325,.T.);
#7149=EDGE_CURVE('',#8940,#8941,#326,.T.);
#7150=EDGE_CURVE('',#8942,#8940,#327,.T.);
#7151=EDGE_CURVE('',#8943,#8942,#328,.T.);
#7152=EDGE_CURVE('',#8941,#8943,#329,.T.);
#7153=EDGE_CURVE('',#8944,#8945,#330,.T.);
#7154=EDGE_CURVE('',#8946,#8944,#331,.T.);
#7155=EDGE_CURVE('',#8947,#8946,#332,.T.);
#7156=EDGE_CURVE('',#8945,#8947,#333,.T.);
#7157=EDGE_CURVE('',#8948,#8949,#334,.F.);
#7158=EDGE_CURVE('',#8950,#8948,#335,.T.);
#7159=EDGE_CURVE('',#8951,#8950,#336,.T.);
#7160=EDGE_CURVE('',#8949,#8951,#337,.T.);
#7161=EDGE_CURVE('',#8952,#8953,#338,.F.);
#7162=EDGE_CURVE('',#8953,#8954,#339,.T.);
#7163=EDGE_CURVE('',#8954,#8955,#340,.F.);
#7164=EDGE_CURVE('',#8955,#8956,#341,.T.);
#7165=EDGE_CURVE('',#8957,#8956,#342,.T.);
#7166=EDGE_CURVE('',#8958,#8957,#343,.T.);
#7167=EDGE_CURVE('',#8959,#8958,#344,.T.);
#7168=EDGE_CURVE('',#8959,#8960,#345,.T.);
#7169=EDGE_CURVE('',#8960,#8961,#346,.F.);
#7170=EDGE_CURVE('',#8961,#8962,#347,.T.);
#7171=EDGE_CURVE('',#8962,#8963,#10095,.F.);
#7172=EDGE_CURVE('',#8963,#8964,#348,.T.);
#7173=EDGE_CURVE('',#8965,#8964,#10096,.F.);
#7174=EDGE_CURVE('',#8966,#8965,#349,.T.);
#7175=EDGE_CURVE('',#8966,#8967,#350,.F.);
#7176=EDGE_CURVE('',#8967,#8952,#351,.T.);
#7177=EDGE_CURVE('',#8968,#8969,#352,.F.);
#7178=EDGE_CURVE('',#8970,#8968,#353,.T.);
#7179=EDGE_CURVE('',#8971,#8970,#354,.T.);
#7180=EDGE_CURVE('',#8969,#8971,#355,.T.);
#7181=EDGE_CURVE('',#8972,#8941,#356,.T.);
#7182=EDGE_CURVE('',#8973,#8972,#357,.T.);
#7183=EDGE_CURVE('',#8973,#8940,#358,.T.);
#7184=EDGE_CURVE('',#8974,#8973,#359,.T.);
#7185=EDGE_CURVE('',#8974,#8942,#360,.T.);
#7186=EDGE_CURVE('',#8975,#8974,#361,.T.);
#7187=EDGE_CURVE('',#8975,#8943,#362,.T.);
#7188=EDGE_CURVE('',#8972,#8975,#363,.T.);
#7189=EDGE_CURVE('',#8976,#8976,#10097,.T.);
#7190=EDGE_CURVE('',#8977,#8977,#10098,.F.);
#7191=EDGE_CURVE('',#8978,#8978,#10099,.T.);
#7192=EDGE_CURVE('',#8979,#8979,#10100,.F.);
#7193=EDGE_CURVE('',#8980,#8981,#364,.T.);
#7194=EDGE_CURVE('',#8980,#8982,#10101,.F.);
#7195=EDGE_CURVE('',#8982,#8983,#365,.T.);
#7196=EDGE_CURVE('',#8983,#8981,#10102,.T.);
#7197=EDGE_CURVE('',#8982,#8984,#366,.T.);
#7198=EDGE_CURVE('',#8984,#8985,#367,.T.);
#7199=EDGE_CURVE('',#8985,#8983,#368,.T.);
#7200=EDGE_CURVE('',#8984,#8986,#10103,.F.);
#7201=EDGE_CURVE('',#8986,#8987,#369,.T.);
#7202=EDGE_CURVE('',#8987,#8985,#10104,.T.);
#7203=EDGE_CURVE('',#8986,#8988,#370,.T.);
#7204=EDGE_CURVE('',#8988,#8966,#371,.T.);
#7205=EDGE_CURVE('',#8965,#8989,#372,.T.);
#7206=EDGE_CURVE('',#8989,#8987,#373,.T.);
#7207=EDGE_CURVE('',#8990,#8988,#374,.F.);
#7208=EDGE_CURVE('',#8967,#8990,#375,.T.);
#7209=EDGE_CURVE('',#8990,#8991,#376,.T.);
#7210=EDGE_CURVE('',#8991,#8952,#377,.T.);
#7211=EDGE_CURVE('',#8992,#8991,#378,.F.);
#7212=EDGE_CURVE('',#8953,#8992,#379,.T.);
#7213=EDGE_CURVE('',#8993,#8993,#10105,.T.);
#7214=EDGE_CURVE('',#8994,#8994,#10106,.T.);
#7215=EDGE_CURVE('',#8995,#8995,#10107,.T.);
#7216=EDGE_CURVE('',#8996,#8996,#10108,.T.);
#7217=EDGE_CURVE('',#8997,#8997,#10109,.T.);
#7218=EDGE_CURVE('',#8992,#8980,#380,.T.);
#7219=EDGE_CURVE('',#8981,#8998,#381,.T.);
#7220=EDGE_CURVE('',#8999,#8998,#382,.T.);
#7221=EDGE_CURVE('',#8999,#9000,#383,.T.);
#7222=EDGE_CURVE('',#9000,#8954,#384,.T.);
#7223=EDGE_CURVE('',#9001,#9001,#10110,.T.);
#7224=EDGE_CURVE('',#9002,#9002,#10111,.T.);
#7225=EDGE_CURVE('',#9003,#9003,#10112,.T.);
#7226=EDGE_CURVE('',#9004,#9005,#385,.T.);
#7227=EDGE_CURVE('',#9004,#9000,#386,.F.);
#7228=EDGE_CURVE('',#9006,#8999,#10113,.F.);
#7229=EDGE_CURVE('',#9007,#9006,#387,.T.);
#7230=EDGE_CURVE('',#9007,#9008,#10114,.T.);
#7231=EDGE_CURVE('',#9009,#9008,#388,.T.);
#7232=EDGE_CURVE('',#9009,#9005,#389,.F.);
#7233=EDGE_CURVE('',#9010,#9010,#10115,.T.);
#7234=EDGE_CURVE('',#9011,#9011,#10116,.T.);
#7235=EDGE_CURVE('',#9012,#9013,#390,.T.);
#7236=EDGE_CURVE('',#9013,#9014,#391,.T.);
#7237=EDGE_CURVE('',#9014,#9015,#392,.T.);
#7238=EDGE_CURVE('',#9015,#9012,#393,.T.);
#7239=EDGE_CURVE('',#9016,#9017,#394,.T.);
#7240=EDGE_CURVE('',#9017,#9018,#395,.T.);
#7241=EDGE_CURVE('',#9018,#9019,#396,.T.);
#7242=EDGE_CURVE('',#9019,#9016,#397,.T.);
#7243=EDGE_CURVE('',#9015,#9020,#398,.F.);
#7244=EDGE_CURVE('',#9015,#9021,#399,.T.);
#7245=EDGE_CURVE('',#9022,#9021,#400,.T.);
#7246=EDGE_CURVE('',#9020,#9022,#401,.T.);
#7247=EDGE_CURVE('',#9023,#9021,#402,.T.);
#7248=EDGE_CURVE('',#9024,#9023,#403,.F.);
#7249=EDGE_CURVE('',#9022,#9024,#404,.T.);
#7250=EDGE_CURVE('',#9025,#9020,#405,.T.);
#7251=EDGE_CURVE('',#9012,#9025,#406,.F.);
#7252=EDGE_CURVE('',#9023,#9012,#407,.T.);
#7253=EDGE_CURVE('',#9024,#9025,#408,.T.);
#7254=EDGE_CURVE('',#9026,#9027,#409,.T.);
#7255=EDGE_CURVE('',#9027,#9028,#410,.T.);
#7256=EDGE_CURVE('',#9029,#9028,#411,.T.);
#7257=EDGE_CURVE('',#9029,#9026,#412,.T.);
#7258=EDGE_CURVE('',#9030,#9024,#413,.T.);
#7259=EDGE_CURVE('',#9031,#9025,#414,.T.);
#7260=EDGE_CURVE('',#9031,#9030,#415,.T.);
#7261=EDGE_CURVE('',#9032,#9022,#416,.T.);
#7262=EDGE_CURVE('',#9030,#9032,#417,.T.);
#7263=EDGE_CURVE('',#9033,#9020,#418,.T.);
#7264=EDGE_CURVE('',#9032,#9033,#419,.T.);
#7265=EDGE_CURVE('',#9033,#9031,#420,.T.);
#7266=EDGE_CURVE('',#9027,#9034,#421,.F.);
#7267=EDGE_CURVE('',#9035,#9034,#422,.T.);
#7268=EDGE_CURVE('',#9035,#9028,#423,.F.);
#7269=EDGE_CURVE('',#9036,#9019,#424,.T.);
#7270=EDGE_CURVE('',#9019,#9034,#425,.T.);
#7271=EDGE_CURVE('',#9036,#9027,#426,.T.);
#7272=EDGE_CURVE('',#9028,#9037,#427,.T.);
#7273=EDGE_CURVE('',#9038,#9037,#428,.T.);
#7274=EDGE_CURVE('',#9038,#9029,#429,.T.);
#7275=EDGE_CURVE('',#9037,#9036,#430,.T.);
#7276=EDGE_CURVE('',#9039,#9036,#431,.T.);
#7277=EDGE_CURVE('',#9039,#9038,#432,.T.);
#7278=EDGE_CURVE('',#9016,#9037,#433,.F.);
#7279=EDGE_CURVE('',#9035,#9016,#434,.T.);
#7280=EDGE_CURVE('',#9026,#9039,#435,.T.);
#7281=EDGE_CURVE('',#9040,#9023,#436,.T.);
#7282=EDGE_CURVE('',#9021,#9041,#437,.T.);
#7283=EDGE_CURVE('',#9041,#9040,#438,.T.);
#7284=EDGE_CURVE('',#9042,#9043,#439,.T.);
#7285=EDGE_CURVE('',#9043,#9044,#440,.T.);
#7286=EDGE_CURVE('',#9044,#9045,#441,.T.);
#7287=EDGE_CURVE('',#9045,#9042,#442,.T.);
#7288=EDGE_CURVE('',#9041,#9046,#443,.F.);
#7289=EDGE_CURVE('',#9041,#9047,#444,.T.);
#7290=EDGE_CURVE('',#9048,#9047,#445,.T.);
#7291=EDGE_CURVE('',#9046,#9048,#446,.T.);
#7292=EDGE_CURVE('',#9049,#9047,#447,.T.);
#7293=EDGE_CURVE('',#9050,#9049,#448,.F.);
#7294=EDGE_CURVE('',#9048,#9050,#449,.T.);
#7295=EDGE_CURVE('',#9051,#9046,#450,.T.);
#7296=EDGE_CURVE('',#9040,#9051,#451,.F.);
#7297=EDGE_CURVE('',#9049,#9040,#452,.T.);
#7298=EDGE_CURVE('',#9050,#9051,#453,.T.);
#7299=EDGE_CURVE('',#9052,#9053,#454,.T.);
#7300=EDGE_CURVE('',#9053,#9054,#455,.T.);
#7301=EDGE_CURVE('',#9055,#9054,#456,.T.);
#7302=EDGE_CURVE('',#9055,#9052,#457,.T.);
#7303=EDGE_CURVE('',#9056,#9050,#458,.T.);
#7304=EDGE_CURVE('',#9057,#9051,#459,.T.);
#7305=EDGE_CURVE('',#9057,#9056,#460,.T.);
#7306=EDGE_CURVE('',#9058,#9048,#461,.T.);
#7307=EDGE_CURVE('',#9056,#9058,#462,.T.);
#7308=EDGE_CURVE('',#9059,#9046,#463,.T.);
#7309=EDGE_CURVE('',#9058,#9059,#464,.T.);
#7310=EDGE_CURVE('',#9059,#9057,#465,.T.);
#7311=EDGE_CURVE('',#9053,#9018,#466,.F.);
#7312=EDGE_CURVE('',#9017,#9054,#467,.F.);
#7313=EDGE_CURVE('',#9060,#9045,#468,.T.);
#7314=EDGE_CURVE('',#9045,#9018,#469,.T.);
#7315=EDGE_CURVE('',#9060,#9053,#470,.T.);
#7316=EDGE_CURVE('',#9054,#9061,#471,.T.);
#7317=EDGE_CURVE('',#9062,#9061,#472,.T.);
#7318=EDGE_CURVE('',#9062,#9055,#473,.T.);
#7319=EDGE_CURVE('',#9061,#9060,#474,.T.);
#7320=EDGE_CURVE('',#9063,#9060,#475,.T.);
#7321=EDGE_CURVE('',#9063,#9062,#476,.T.);
#7322=EDGE_CURVE('',#9042,#9061,#477,.F.);
#7323=EDGE_CURVE('',#9017,#9042,#478,.T.);
#7324=EDGE_CURVE('',#9052,#9063,#479,.T.);
#7325=EDGE_CURVE('',#9064,#9049,#480,.T.);
#7326=EDGE_CURVE('',#9047,#9065,#481,.T.);
#7327=EDGE_CURVE('',#9065,#9064,#482,.T.);
#7328=EDGE_CURVE('',#9066,#9067,#483,.T.);
#7329=EDGE_CURVE('',#9067,#9068,#484,.T.);
#7330=EDGE_CURVE('',#9068,#9069,#485,.T.);
#7331=EDGE_CURVE('',#9069,#9066,#486,.T.);
#7332=EDGE_CURVE('',#9065,#9070,#487,.F.);
#7333=EDGE_CURVE('',#9065,#9071,#488,.T.);
#7334=EDGE_CURVE('',#9072,#9071,#489,.T.);
#7335=EDGE_CURVE('',#9070,#9072,#490,.T.);
#7336=EDGE_CURVE('',#9073,#9071,#491,.T.);
#7337=EDGE_CURVE('',#9074,#9073,#492,.F.);
#7338=EDGE_CURVE('',#9072,#9074,#493,.T.);
#7339=EDGE_CURVE('',#9075,#9070,#494,.T.);
#7340=EDGE_CURVE('',#9064,#9075,#495,.F.);
#7341=EDGE_CURVE('',#9073,#9064,#496,.T.);
#7342=EDGE_CURVE('',#9074,#9075,#497,.T.);
#7343=EDGE_CURVE('',#9076,#9077,#498,.T.);
#7344=EDGE_CURVE('',#9077,#9078,#499,.T.);
#7345=EDGE_CURVE('',#9079,#9078,#500,.T.);
#7346=EDGE_CURVE('',#9079,#9076,#501,.T.);
#7347=EDGE_CURVE('',#9080,#9074,#502,.T.);
#7348=EDGE_CURVE('',#9081,#9075,#503,.T.);
#7349=EDGE_CURVE('',#9081,#9080,#504,.T.);
#7350=EDGE_CURVE('',#9082,#9072,#505,.T.);
#7351=EDGE_CURVE('',#9080,#9082,#506,.T.);
#7352=EDGE_CURVE('',#9083,#9070,#507,.T.);
#7353=EDGE_CURVE('',#9082,#9083,#508,.T.);
#7354=EDGE_CURVE('',#9083,#9081,#509,.T.);
#7355=EDGE_CURVE('',#9077,#9044,#510,.F.);
#7356=EDGE_CURVE('',#9043,#9078,#511,.F.);
#7357=EDGE_CURVE('',#9084,#9069,#512,.T.);
#7358=EDGE_CURVE('',#9069,#9044,#513,.T.);
#7359=EDGE_CURVE('',#9084,#9077,#514,.T.);
#7360=EDGE_CURVE('',#9078,#9085,#515,.T.);
#7361=EDGE_CURVE('',#9086,#9085,#516,.T.);
#7362=EDGE_CURVE('',#9086,#9079,#517,.T.);
#7363=EDGE_CURVE('',#9085,#9084,#518,.T.);
#7364=EDGE_CURVE('',#9087,#9084,#519,.T.);
#7365=EDGE_CURVE('',#9087,#9086,#520,.T.);
#7366=EDGE_CURVE('',#9066,#9085,#521,.F.);
#7367=EDGE_CURVE('',#9043,#9066,#522,.T.);
#7368=EDGE_CURVE('',#9076,#9087,#523,.T.);
#7369=EDGE_CURVE('',#9088,#9073,#524,.T.);
#7370=EDGE_CURVE('',#9071,#9089,#525,.T.);
#7371=EDGE_CURVE('',#9089,#9088,#526,.T.);
#7372=EDGE_CURVE('',#9090,#9091,#527,.T.);
#7373=EDGE_CURVE('',#9091,#9092,#528,.T.);
#7374=EDGE_CURVE('',#9092,#9093,#529,.T.);
#7375=EDGE_CURVE('',#9093,#9090,#530,.T.);
#7376=EDGE_CURVE('',#9089,#9094,#531,.F.);
#7377=EDGE_CURVE('',#9089,#9095,#532,.T.);
#7378=EDGE_CURVE('',#9096,#9095,#533,.T.);
#7379=EDGE_CURVE('',#9094,#9096,#534,.T.);
#7380=EDGE_CURVE('',#9097,#9095,#535,.T.);
#7381=EDGE_CURVE('',#9098,#9097,#536,.F.);
#7382=EDGE_CURVE('',#9096,#9098,#537,.T.);
#7383=EDGE_CURVE('',#9099,#9094,#538,.T.);
#7384=EDGE_CURVE('',#9088,#9099,#539,.F.);
#7385=EDGE_CURVE('',#9097,#9088,#540,.T.);
#7386=EDGE_CURVE('',#9098,#9099,#541,.T.);
#7387=EDGE_CURVE('',#9100,#9101,#542,.T.);
#7388=EDGE_CURVE('',#9101,#9102,#543,.T.);
#7389=EDGE_CURVE('',#9103,#9102,#544,.T.);
#7390=EDGE_CURVE('',#9103,#9100,#545,.T.);
#7391=EDGE_CURVE('',#9104,#9098,#546,.T.);
#7392=EDGE_CURVE('',#9105,#9099,#547,.T.);
#7393=EDGE_CURVE('',#9105,#9104,#548,.T.);
#7394=EDGE_CURVE('',#9106,#9096,#549,.T.);
#7395=EDGE_CURVE('',#9104,#9106,#550,.T.);
#7396=EDGE_CURVE('',#9107,#9094,#551,.T.);
#7397=EDGE_CURVE('',#9106,#9107,#552,.T.);
#7398=EDGE_CURVE('',#9107,#9105,#553,.T.);
#7399=EDGE_CURVE('',#9101,#9068,#554,.F.);
#7400=EDGE_CURVE('',#9067,#9102,#555,.F.);
#7401=EDGE_CURVE('',#9108,#9093,#556,.T.);
#7402=EDGE_CURVE('',#9093,#9068,#557,.T.);
#7403=EDGE_CURVE('',#9108,#9101,#558,.T.);
#7404=EDGE_CURVE('',#9102,#9109,#559,.T.);
#7405=EDGE_CURVE('',#9110,#9109,#560,.T.);
#7406=EDGE_CURVE('',#9110,#9103,#561,.T.);
#7407=EDGE_CURVE('',#9109,#9108,#562,.T.);
#7408=EDGE_CURVE('',#9111,#9108,#563,.T.);
#7409=EDGE_CURVE('',#9111,#9110,#564,.T.);
#7410=EDGE_CURVE('',#9090,#9109,#565,.F.);
#7411=EDGE_CURVE('',#9067,#9090,#566,.T.);
#7412=EDGE_CURVE('',#9100,#9111,#567,.T.);
#7413=EDGE_CURVE('',#9112,#9097,#568,.T.);
#7414=EDGE_CURVE('',#9095,#9113,#569,.T.);
#7415=EDGE_CURVE('',#9113,#9112,#570,.T.);
#7416=EDGE_CURVE('',#9114,#9115,#571,.T.);
#7417=EDGE_CURVE('',#9115,#9116,#572,.T.);
#7418=EDGE_CURVE('',#9116,#9117,#573,.T.);
#7419=EDGE_CURVE('',#9117,#9114,#574,.T.);
#7420=EDGE_CURVE('',#9113,#9118,#575,.F.);
#7421=EDGE_CURVE('',#9113,#9119,#576,.T.);
#7422=EDGE_CURVE('',#9120,#9119,#577,.T.);
#7423=EDGE_CURVE('',#9118,#9120,#578,.T.);
#7424=EDGE_CURVE('',#9121,#9119,#579,.T.);
#7425=EDGE_CURVE('',#9122,#9121,#580,.F.);
#7426=EDGE_CURVE('',#9120,#9122,#581,.T.);
#7427=EDGE_CURVE('',#9123,#9118,#582,.T.);
#7428=EDGE_CURVE('',#9112,#9123,#583,.F.);
#7429=EDGE_CURVE('',#9121,#9112,#584,.T.);
#7430=EDGE_CURVE('',#9122,#9123,#585,.T.);
#7431=EDGE_CURVE('',#9124,#9125,#586,.T.);
#7432=EDGE_CURVE('',#9125,#9126,#587,.T.);
#7433=EDGE_CURVE('',#9127,#9126,#588,.T.);
#7434=EDGE_CURVE('',#9127,#9124,#589,.T.);
#7435=EDGE_CURVE('',#9128,#9122,#590,.T.);
#7436=EDGE_CURVE('',#9129,#9123,#591,.T.);
#7437=EDGE_CURVE('',#9129,#9128,#592,.T.);
#7438=EDGE_CURVE('',#9130,#9120,#593,.T.);
#7439=EDGE_CURVE('',#9128,#9130,#594,.T.);
#7440=EDGE_CURVE('',#9131,#9118,#595,.T.);
#7441=EDGE_CURVE('',#9130,#9131,#596,.T.);
#7442=EDGE_CURVE('',#9131,#9129,#597,.T.);
#7443=EDGE_CURVE('',#9125,#9092,#598,.F.);
#7444=EDGE_CURVE('',#9091,#9126,#599,.F.);
#7445=EDGE_CURVE('',#9132,#9117,#600,.T.);
#7446=EDGE_CURVE('',#9117,#9092,#601,.T.);
#7447=EDGE_CURVE('',#9132,#9125,#602,.T.);
#7448=EDGE_CURVE('',#9126,#9133,#603,.T.);
#7449=EDGE_CURVE('',#9134,#9133,#604,.T.);
#7450=EDGE_CURVE('',#9134,#9127,#605,.T.);
#7451=EDGE_CURVE('',#9133,#9132,#606,.T.);
#7452=EDGE_CURVE('',#9135,#9132,#607,.T.);
#7453=EDGE_CURVE('',#9135,#9134,#608,.T.);
#7454=EDGE_CURVE('',#9114,#9133,#609,.F.);
#7455=EDGE_CURVE('',#9091,#9114,#610,.T.);
#7456=EDGE_CURVE('',#9124,#9135,#611,.T.);
#7457=EDGE_CURVE('',#9136,#9121,#612,.T.);
#7458=EDGE_CURVE('',#9119,#9137,#613,.T.);
#7459=EDGE_CURVE('',#9137,#9136,#614,.T.);
#7460=EDGE_CURVE('',#9138,#8935,#615,.T.);
#7461=EDGE_CURVE('',#8934,#9139,#616,.T.);
#7462=EDGE_CURVE('',#9139,#9138,#617,.T.);
#7463=EDGE_CURVE('',#9137,#9140,#618,.F.);
#7464=EDGE_CURVE('',#9137,#8914,#619,.T.);
#7465=EDGE_CURVE('',#9141,#8914,#620,.T.);
#7466=EDGE_CURVE('',#9140,#9141,#621,.T.);
#7467=EDGE_CURVE('',#9142,#8913,#622,.F.);
#7468=EDGE_CURVE('',#9141,#9142,#623,.T.);
#7469=EDGE_CURVE('',#9143,#9140,#624,.T.);
#7470=EDGE_CURVE('',#9136,#9143,#625,.F.);
#7471=EDGE_CURVE('',#8913,#9136,#626,.T.);
#7472=EDGE_CURVE('',#9142,#9143,#627,.T.);
#7473=EDGE_CURVE('',#9144,#9145,#628,.T.);
#7474=EDGE_CURVE('',#9145,#9146,#629,.T.);
#7475=EDGE_CURVE('',#9147,#9146,#630,.T.);
#7476=EDGE_CURVE('',#9147,#9144,#631,.T.);
#7477=EDGE_CURVE('',#9148,#9142,#632,.T.);
#7478=EDGE_CURVE('',#9149,#9143,#633,.T.);
#7479=EDGE_CURVE('',#9149,#9148,#634,.T.);
#7480=EDGE_CURVE('',#9150,#9141,#635,.T.);
#7481=EDGE_CURVE('',#9148,#9150,#636,.T.);
#7482=EDGE_CURVE('',#9151,#9140,#637,.T.);
#7483=EDGE_CURVE('',#9150,#9151,#638,.T.);
#7484=EDGE_CURVE('',#9151,#9149,#639,.T.);
#7485=EDGE_CURVE('',#9145,#9116,#640,.F.);
#7486=EDGE_CURVE('',#9115,#9146,#641,.F.);
#7487=EDGE_CURVE('',#9152,#9139,#642,.T.);
#7488=EDGE_CURVE('',#9139,#9116,#643,.T.);
#7489=EDGE_CURVE('',#9152,#9145,#644,.T.);
#7490=EDGE_CURVE('',#9146,#9153,#645,.T.);
#7491=EDGE_CURVE('',#9154,#9153,#646,.T.);
#7492=EDGE_CURVE('',#9154,#9147,#647,.T.);
#7493=EDGE_CURVE('',#9153,#9152,#648,.T.);
#7494=EDGE_CURVE('',#9155,#9152,#649,.T.);
#7495=EDGE_CURVE('',#9155,#9154,#650,.T.);
#7496=EDGE_CURVE('',#9138,#9153,#651,.F.);
#7497=EDGE_CURVE('',#9115,#9138,#652,.T.);
#7498=EDGE_CURVE('',#9144,#9155,#653,.T.);
#7499=EDGE_CURVE('',#9156,#9035,#654,.T.);
#7500=EDGE_CURVE('',#9034,#9157,#655,.T.);
#7501=EDGE_CURVE('',#9157,#9156,#656,.T.);
#7502=EDGE_CURVE('',#9158,#8923,#657,.T.);
#7503=EDGE_CURVE('',#8921,#9159,#658,.T.);
#7504=EDGE_CURVE('',#9159,#9158,#659,.T.);
#7505=EDGE_CURVE('',#9160,#9161,#660,.T.);
#7506=EDGE_CURVE('',#9160,#9162,#661,.T.);
#7507=EDGE_CURVE('',#9162,#9163,#662,.T.);
#7508=EDGE_CURVE('',#9163,#9161,#663,.T.);
#7509=EDGE_CURVE('',#8955,#9004,#664,.T.);
#7510=EDGE_CURVE('',#9005,#8960,#665,.T.);
#7511=EDGE_CURVE('',#9164,#8959,#666,.T.);
#7512=EDGE_CURVE('',#9165,#9164,#667,.T.);
#7513=EDGE_CURVE('',#9165,#8956,#668,.T.);
#7514=EDGE_CURVE('',#8964,#9166,#669,.T.);
#7515=EDGE_CURVE('',#8989,#9166,#10117,.F.);
#7516=EDGE_CURVE('',#9167,#8998,#10118,.F.);
#7517=EDGE_CURVE('',#9166,#9167,#670,.T.);
#7518=EDGE_CURVE('',#9168,#9168,#10119,.T.);
#7519=EDGE_CURVE('',#9169,#9169,#10120,.T.);
#7520=EDGE_CURVE('',#9170,#9170,#10121,.T.);
#7521=EDGE_CURVE('',#9171,#9171,#10122,.T.);
#7522=EDGE_CURVE('',#9172,#9173,#671,.T.);
#7523=EDGE_CURVE('',#9174,#9172,#672,.T.);
#7524=EDGE_CURVE('',#9175,#9174,#673,.T.);
#7525=EDGE_CURVE('',#9173,#9175,#674,.T.);
#7526=EDGE_CURVE('',#9176,#9177,#675,.T.);
#7527=EDGE_CURVE('',#9178,#9176,#676,.T.);
#7528=EDGE_CURVE('',#9179,#9178,#677,.T.);
#7529=EDGE_CURVE('',#9177,#9179,#678,.T.);
#7530=EDGE_CURVE('',#9006,#9167,#679,.T.);
#7531=EDGE_CURVE('',#8963,#9007,#680,.T.);
#7532=EDGE_CURVE('',#8961,#9009,#681,.T.);
#7533=EDGE_CURVE('',#9008,#8962,#682,.F.);
#7534=EDGE_CURVE('',#9176,#9180,#683,.T.);
#7535=EDGE_CURVE('',#9180,#9181,#684,.T.);
#7536=EDGE_CURVE('',#9178,#9181,#685,.T.);
#7537=EDGE_CURVE('',#9177,#9182,#686,.T.);
#7538=EDGE_CURVE('',#9182,#9180,#687,.T.);
#7539=EDGE_CURVE('',#9179,#9183,#688,.T.);
#7540=EDGE_CURVE('',#9183,#9182,#689,.T.);
#7541=EDGE_CURVE('',#9181,#9183,#690,.T.);
#7542=EDGE_CURVE('',#9172,#9184,#691,.T.);
#7543=EDGE_CURVE('',#9184,#9185,#692,.T.);
#7544=EDGE_CURVE('',#9174,#9185,#693,.T.);
#7545=EDGE_CURVE('',#9173,#9186,#694,.T.);
#7546=EDGE_CURVE('',#9186,#9184,#695,.T.);
#7547=EDGE_CURVE('',#9175,#9187,#696,.T.);
#7548=EDGE_CURVE('',#9187,#9186,#697,.T.);
#7549=EDGE_CURVE('',#9185,#9187,#698,.T.);
#7550=EDGE_CURVE('',#9188,#9189,#699,.T.);
#7551=EDGE_CURVE('',#9189,#9190,#700,.T.);
#7552=EDGE_CURVE('',#9190,#9191,#701,.T.);
#7553=EDGE_CURVE('',#9191,#9188,#702,.T.);
#7554=EDGE_CURVE('',#9188,#8970,#703,.T.);
#7555=EDGE_CURVE('',#9191,#8971,#704,.T.);
#7556=EDGE_CURVE('',#9156,#8969,#705,.T.);
#7557=EDGE_CURVE('',#8917,#9190,#706,.T.);
#7558=EDGE_CURVE('',#9157,#8968,#707,.T.);
#7559=EDGE_CURVE('',#9189,#8918,#708,.T.);
#7560=EDGE_CURVE('',#9192,#9193,#709,.T.);
#7561=EDGE_CURVE('',#9193,#9194,#710,.T.);
#7562=EDGE_CURVE('',#9194,#9195,#711,.T.);
#7563=EDGE_CURVE('',#9195,#9192,#712,.T.);
#7564=EDGE_CURVE('',#9193,#9158,#713,.T.);
#7565=EDGE_CURVE('',#9192,#8950,#714,.T.);
#7566=EDGE_CURVE('',#9013,#8948,#715,.T.);
#7567=EDGE_CURVE('',#9195,#8951,#716,.T.);
#7568=EDGE_CURVE('',#9014,#8949,#717,.T.);
#7569=EDGE_CURVE('',#9159,#9194,#718,.T.);
#7570=EDGE_CURVE('',#9196,#8945,#719,.T.);
#7571=EDGE_CURVE('',#9197,#9196,#720,.T.);
#7572=EDGE_CURVE('',#9197,#8944,#721,.T.);
#7573=EDGE_CURVE('',#9198,#9197,#722,.T.);
#7574=EDGE_CURVE('',#9198,#8946,#723,.T.);
#7575=EDGE_CURVE('',#9199,#9198,#724,.T.);
#7576=EDGE_CURVE('',#9199,#8947,#725,.T.);
#7577=EDGE_CURVE('',#9196,#9199,#726,.T.);
#7578=EDGE_CURVE('',#9163,#8957,#727,.T.);
#7579=EDGE_CURVE('',#9162,#8958,#728,.T.);
#7580=EDGE_CURVE('',#9200,#9165,#729,.T.);
#7581=EDGE_CURVE('',#9200,#9161,#10123,.T.);
#7582=EDGE_CURVE('',#9160,#9201,#10124,.T.);
#7583=EDGE_CURVE('',#9164,#9201,#730,.T.);
#7584=EDGE_CURVE('',#9200,#9201,#731,.F.);
#7585=EDGE_CURVE('',#9202,#9202,#10125,.T.);
#7586=EDGE_CURVE('',#9203,#9203,#10126,.F.);
#7587=EDGE_CURVE('',#9204,#9204,#10127,.F.);
#7588=EDGE_CURVE('',#9205,#9205,#10128,.F.);
#7589=EDGE_CURVE('',#9206,#9206,#10129,.F.);
#7590=EDGE_CURVE('',#9207,#9207,#10130,.F.);
#7591=EDGE_CURVE('',#9159,#9183,#732,.F.);
#7592=EDGE_CURVE('',#9182,#9194,#733,.T.);
#7593=EDGE_CURVE('',#9180,#9193,#734,.F.);
#7594=EDGE_CURVE('',#9158,#9181,#735,.F.);
#7595=EDGE_CURVE('',#9190,#9184,#736,.F.);
#7596=EDGE_CURVE('',#9185,#9189,#737,.T.);
#7597=EDGE_CURVE('',#9187,#8918,#738,.F.);
#7598=EDGE_CURVE('',#8917,#9186,#739,.F.);
#7599=EDGE_CURVE('',#9208,#9209,#10131,.T.);
#7600=EDGE_CURVE('',#9210,#9208,#740,.F.);
#7601=EDGE_CURVE('',#9210,#9211,#10132,.T.);
#7602=EDGE_CURVE('',#9209,#9211,#741,.T.);
#7603=EDGE_CURVE('',#9210,#9212,#742,.T.);
#7604=EDGE_CURVE('',#9213,#9208,#743,.T.);
#7605=EDGE_CURVE('',#9213,#9212,#744,.T.);
#7606=EDGE_CURVE('',#9214,#9213,#10133,.T.);
#7607=EDGE_CURVE('',#9215,#9214,#745,.F.);
#7608=EDGE_CURVE('',#9215,#9212,#10134,.T.);
#7609=EDGE_CURVE('',#9216,#9217,#10135,.T.);
#7610=EDGE_CURVE('',#9218,#9216,#746,.F.);
#7611=EDGE_CURVE('',#9218,#9219,#10136,.T.);
#7612=EDGE_CURVE('',#9217,#9219,#747,.T.);
#7613=EDGE_CURVE('',#9218,#9211,#748,.F.);
#7614=EDGE_CURVE('',#9209,#9216,#749,.T.);
#7615=EDGE_CURVE('',#9215,#9220,#750,.T.);
#7616=EDGE_CURVE('',#9221,#9214,#751,.T.);
#7617=EDGE_CURVE('',#9221,#9220,#752,.T.);
#7618=EDGE_CURVE('',#9217,#9222,#753,.T.);
#7619=EDGE_CURVE('',#9223,#9219,#754,.T.);
#7620=EDGE_CURVE('',#9223,#9222,#755,.F.);
#7621=EDGE_CURVE('',#9222,#9221,#10137,.T.);
#7622=EDGE_CURVE('',#9223,#9220,#10138,.T.);
#7623=EDGE_CURVE('',#9224,#9225,#756,.T.);
#7624=EDGE_CURVE('',#9226,#9224,#757,.T.);
#7625=EDGE_CURVE('',#9227,#9226,#758,.T.);
#7626=EDGE_CURVE('',#9225,#9227,#759,.T.);
#7627=EDGE_CURVE('',#9228,#9229,#760,.T.);
#7628=EDGE_CURVE('',#9230,#9228,#761,.T.);
#7629=EDGE_CURVE('',#9231,#9230,#762,.T.);
#7630=EDGE_CURVE('',#9229,#9231,#763,.T.);
#7631=EDGE_CURVE('',#9232,#9233,#764,.T.);
#7632=EDGE_CURVE('',#9234,#9232,#765,.T.);
#7633=EDGE_CURVE('',#9235,#9234,#766,.T.);
#7634=EDGE_CURVE('',#9233,#9235,#767,.T.);
#7635=EDGE_CURVE('',#9236,#9237,#768,.T.);
#7636=EDGE_CURVE('',#9238,#9236,#769,.T.);
#7637=EDGE_CURVE('',#9239,#9238,#770,.T.);
#7638=EDGE_CURVE('',#9237,#9239,#771,.T.);
#7639=EDGE_CURVE('',#9240,#9241,#772,.T.);
#7640=EDGE_CURVE('',#9242,#9240,#773,.T.);
#7641=EDGE_CURVE('',#9243,#9242,#774,.T.);
#7642=EDGE_CURVE('',#9241,#9243,#775,.T.);
#7643=EDGE_CURVE('',#9244,#9245,#776,.T.);
#7644=EDGE_CURVE('',#9246,#9244,#777,.T.);
#7645=EDGE_CURVE('',#9247,#9246,#778,.T.);
#7646=EDGE_CURVE('',#9245,#9247,#779,.T.);
#7647=EDGE_CURVE('',#9248,#9249,#780,.T.);
#7648=EDGE_CURVE('',#9250,#9248,#781,.T.);
#7649=EDGE_CURVE('',#9251,#9250,#782,.T.);
#7650=EDGE_CURVE('',#9249,#9251,#783,.T.);
#7651=EDGE_CURVE('',#9252,#9253,#784,.T.);
#7652=EDGE_CURVE('',#9254,#9252,#785,.T.);
#7653=EDGE_CURVE('',#9255,#9254,#786,.T.);
#7654=EDGE_CURVE('',#9253,#9255,#787,.T.);
#7655=EDGE_CURVE('',#9256,#9257,#788,.T.);
#7656=EDGE_CURVE('',#9258,#9256,#789,.T.);
#7657=EDGE_CURVE('',#9259,#9258,#790,.T.);
#7658=EDGE_CURVE('',#9257,#9259,#791,.T.);
#7659=EDGE_CURVE('',#9260,#9261,#792,.T.);
#7660=EDGE_CURVE('',#9262,#9260,#793,.T.);
#7661=EDGE_CURVE('',#9263,#9262,#794,.T.);
#7662=EDGE_CURVE('',#9261,#9263,#795,.T.);
#7663=EDGE_CURVE('',#9264,#9265,#796,.T.);
#7664=EDGE_CURVE('',#9266,#9264,#797,.T.);
#7665=EDGE_CURVE('',#9267,#9266,#798,.T.);
#7666=EDGE_CURVE('',#9265,#9267,#799,.T.);
#7667=EDGE_CURVE('',#9268,#9269,#800,.T.);
#7668=EDGE_CURVE('',#9270,#9268,#801,.T.);
#7669=EDGE_CURVE('',#9271,#9270,#802,.T.);
#7670=EDGE_CURVE('',#9269,#9271,#803,.T.);
#7671=EDGE_CURVE('',#9272,#9273,#804,.T.);
#7672=EDGE_CURVE('',#9274,#9272,#805,.T.);
#7673=EDGE_CURVE('',#9275,#9274,#806,.T.);
#7674=EDGE_CURVE('',#9273,#9275,#807,.T.);
#7675=EDGE_CURVE('',#9276,#9277,#808,.T.);
#7676=EDGE_CURVE('',#9278,#9276,#809,.T.);
#7677=EDGE_CURVE('',#9279,#9278,#810,.T.);
#7678=EDGE_CURVE('',#9277,#9279,#811,.T.);
#7679=EDGE_CURVE('',#9280,#9281,#812,.T.);
#7680=EDGE_CURVE('',#9281,#9282,#10139,.T.);
#7681=EDGE_CURVE('',#9282,#9283,#813,.T.);
#7682=EDGE_CURVE('',#9283,#9284,#10140,.T.);
#7683=EDGE_CURVE('',#9284,#9285,#814,.T.);
#7684=EDGE_CURVE('',#9286,#9285,#10141,.F.);
#7685=EDGE_CURVE('',#9286,#9287,#815,.T.);
#7686=EDGE_CURVE('',#9287,#9280,#10142,.T.);
#7687=EDGE_CURVE('',#9288,#9289,#816,.T.);
#7688=EDGE_CURVE('',#9290,#9288,#817,.T.);
#7689=EDGE_CURVE('',#9291,#9290,#818,.T.);
#7690=EDGE_CURVE('',#9289,#9291,#819,.T.);
#7691=EDGE_CURVE('',#9292,#9293,#820,.T.);
#7692=EDGE_CURVE('',#9294,#9292,#821,.T.);
#7693=EDGE_CURVE('',#9295,#9294,#822,.T.);
#7694=EDGE_CURVE('',#9293,#9295,#823,.T.);
#7695=EDGE_CURVE('',#9296,#9297,#824,.F.);
#7696=EDGE_CURVE('',#9297,#9298,#10143,.F.);
#7697=EDGE_CURVE('',#9298,#9299,#825,.F.);
#7698=EDGE_CURVE('',#9299,#9300,#10144,.F.);
#7699=EDGE_CURVE('',#9300,#9301,#826,.F.);
#7700=EDGE_CURVE('',#9301,#9302,#10145,.F.);
#7701=EDGE_CURVE('',#9303,#9302,#827,.F.);
#7702=EDGE_CURVE('',#9303,#9296,#10146,.F.);
#7703=EDGE_CURVE('',#9304,#9305,#828,.T.);
#7704=EDGE_CURVE('',#9306,#9305,#829,.T.);
#7705=EDGE_CURVE('',#9307,#9306,#830,.T.);
#7706=EDGE_CURVE('',#9304,#9307,#831,.T.);
#7707=EDGE_CURVE('',#9229,#9308,#832,.T.);
#7708=EDGE_CURVE('',#9231,#9309,#833,.T.);
#7709=EDGE_CURVE('',#9307,#9309,#834,.T.);
#7710=EDGE_CURVE('',#9310,#9306,#835,.T.);
#7711=EDGE_CURVE('',#9311,#9310,#836,.T.);
#7712=EDGE_CURVE('',#9308,#9311,#837,.T.);
#7713=EDGE_CURVE('',#9230,#9312,#838,.T.);
#7714=EDGE_CURVE('',#9312,#9309,#839,.T.);
#7715=EDGE_CURVE('',#9228,#9313,#840,.T.);
#7716=EDGE_CURVE('',#9314,#9313,#841,.T.);
#7717=EDGE_CURVE('',#9314,#9315,#842,.T.);
#7718=EDGE_CURVE('',#9305,#9315,#843,.T.);
#7719=EDGE_CURVE('',#9312,#9304,#844,.T.);
#7720=EDGE_CURVE('',#9224,#9316,#845,.T.);
#7721=EDGE_CURVE('',#9225,#9317,#846,.T.);
#7722=EDGE_CURVE('',#9318,#9317,#847,.T.);
#7723=EDGE_CURVE('',#9318,#9319,#848,.T.);
#7724=EDGE_CURVE('',#9320,#9319,#849,.T.);
#7725=EDGE_CURVE('',#9321,#9320,#850,.T.);
#7726=EDGE_CURVE('',#9316,#9321,#851,.T.);
#7727=EDGE_CURVE('',#9227,#9322,#852,.T.);
#7728=EDGE_CURVE('',#9322,#9317,#853,.T.);
#7729=EDGE_CURVE('',#9226,#9323,#854,.T.);
#7730=EDGE_CURVE('',#9324,#9323,#855,.T.);
#7731=EDGE_CURVE('',#9324,#9325,#856,.T.);
#7732=EDGE_CURVE('',#9326,#9325,#857,.T.);
#7733=EDGE_CURVE('',#9327,#9326,#858,.T.);
#7734=EDGE_CURVE('',#9322,#9327,#859,.T.);
#7735=EDGE_CURVE('',#9316,#9323,#860,.T.);
#7736=EDGE_CURVE('',#9315,#9310,#861,.T.);
#7737=EDGE_CURVE('',#9311,#9314,#862,.T.);
#7738=EDGE_CURVE('',#9327,#9318,#863,.T.);
#7739=EDGE_CURVE('',#9308,#9313,#864,.T.);
#7740=EDGE_CURVE('',#9321,#9324,#865,.T.);
#7741=EDGE_CURVE('',#9325,#9320,#866,.T.);
#7742=EDGE_CURVE('',#9319,#9326,#867,.T.);
#7743=EDGE_CURVE('',#9328,#9329,#868,.T.);
#7744=EDGE_CURVE('',#9330,#9329,#869,.T.);
#7745=EDGE_CURVE('',#9331,#9330,#870,.T.);
#7746=EDGE_CURVE('',#9328,#9331,#871,.T.);
#7747=EDGE_CURVE('',#9237,#9332,#872,.T.);
#7748=EDGE_CURVE('',#9239,#9333,#873,.T.);
#7749=EDGE_CURVE('',#9331,#9333,#874,.T.);
#7750=EDGE_CURVE('',#9334,#9330,#875,.T.);
#7751=EDGE_CURVE('',#9335,#9334,#876,.T.);
#7752=EDGE_CURVE('',#9332,#9335,#877,.T.);
#7753=EDGE_CURVE('',#9238,#9336,#878,.T.);
#7754=EDGE_CURVE('',#9336,#9333,#879,.T.);
#7755=EDGE_CURVE('',#9236,#9337,#880,.T.);
#7756=EDGE_CURVE('',#9338,#9337,#881,.T.);
#7757=EDGE_CURVE('',#9338,#9339,#882,.T.);
#7758=EDGE_CURVE('',#9329,#9339,#883,.T.);
#7759=EDGE_CURVE('',#9336,#9328,#884,.T.);
#7760=EDGE_CURVE('',#9232,#9340,#885,.T.);
#7761=EDGE_CURVE('',#9233,#9341,#886,.T.);
#7762=EDGE_CURVE('',#9342,#9341,#887,.T.);
#7763=EDGE_CURVE('',#9342,#9343,#888,.T.);
#7764=EDGE_CURVE('',#9344,#9343,#889,.T.);
#7765=EDGE_CURVE('',#9345,#9344,#890,.T.);
#7766=EDGE_CURVE('',#9340,#9345,#891,.T.);
#7767=EDGE_CURVE('',#9235,#9346,#892,.T.);
#7768=EDGE_CURVE('',#9346,#9341,#893,.T.);
#7769=EDGE_CURVE('',#9234,#9347,#894,.T.);
#7770=EDGE_CURVE('',#9348,#9347,#895,.T.);
#7771=EDGE_CURVE('',#9348,#9349,#896,.T.);
#7772=EDGE_CURVE('',#9350,#9349,#897,.T.);
#7773=EDGE_CURVE('',#9351,#9350,#898,.T.);
#7774=EDGE_CURVE('',#9346,#9351,#899,.T.);
#7775=EDGE_CURVE('',#9340,#9347,#900,.T.);
#7776=EDGE_CURVE('',#9339,#9334,#901,.T.);
#7777=EDGE_CURVE('',#9335,#9338,#902,.T.);
#7778=EDGE_CURVE('',#9351,#9342,#903,.T.);
#7779=EDGE_CURVE('',#9332,#9337,#904,.T.);
#7780=EDGE_CURVE('',#9345,#9348,#905,.T.);
#7781=EDGE_CURVE('',#9349,#9344,#906,.T.);
#7782=EDGE_CURVE('',#9343,#9350,#907,.T.);
#7783=EDGE_CURVE('',#9352,#9353,#908,.T.);
#7784=EDGE_CURVE('',#9354,#9353,#909,.T.);
#7785=EDGE_CURVE('',#9355,#9354,#910,.T.);
#7786=EDGE_CURVE('',#9352,#9355,#911,.T.);
#7787=EDGE_CURVE('',#9245,#9356,#912,.T.);
#7788=EDGE_CURVE('',#9247,#9357,#913,.T.);
#7789=EDGE_CURVE('',#9355,#9357,#914,.T.);
#7790=EDGE_CURVE('',#9358,#9354,#915,.T.);
#7791=EDGE_CURVE('',#9359,#9358,#916,.T.);
#7792=EDGE_CURVE('',#9356,#9359,#917,.T.);
#7793=EDGE_CURVE('',#9246,#9360,#918,.T.);
#7794=EDGE_CURVE('',#9360,#9357,#919,.T.);
#7795=EDGE_CURVE('',#9244,#9361,#920,.T.);
#7796=EDGE_CURVE('',#9362,#9361,#921,.T.);
#7797=EDGE_CURVE('',#9362,#9363,#922,.T.);
#7798=EDGE_CURVE('',#9353,#9363,#923,.T.);
#7799=EDGE_CURVE('',#9360,#9352,#924,.T.);
#7800=EDGE_CURVE('',#9240,#9364,#925,.T.);
#7801=EDGE_CURVE('',#9241,#9365,#926,.T.);
#7802=EDGE_CURVE('',#9366,#9365,#927,.T.);
#7803=EDGE_CURVE('',#9366,#9367,#928,.T.);
#7804=EDGE_CURVE('',#9368,#9367,#929,.T.);
#7805=EDGE_CURVE('',#9369,#9368,#930,.T.);
#7806=EDGE_CURVE('',#9364,#9369,#931,.T.);
#7807=EDGE_CURVE('',#9243,#9370,#932,.T.);
#7808=EDGE_CURVE('',#9370,#9365,#933,.T.);
#7809=EDGE_CURVE('',#9242,#9371,#934,.T.);
#7810=EDGE_CURVE('',#9372,#9371,#935,.T.);
#7811=EDGE_CURVE('',#9372,#9373,#936,.T.);
#7812=EDGE_CURVE('',#9374,#9373,#937,.T.);
#7813=EDGE_CURVE('',#9375,#9374,#938,.T.);
#7814=EDGE_CURVE('',#9370,#9375,#939,.T.);
#7815=EDGE_CURVE('',#9364,#9371,#940,.T.);
#7816=EDGE_CURVE('',#9363,#9358,#941,.T.);
#7817=EDGE_CURVE('',#9359,#9362,#942,.T.);
#7818=EDGE_CURVE('',#9375,#9366,#943,.T.);
#7819=EDGE_CURVE('',#9356,#9361,#944,.T.);
#7820=EDGE_CURVE('',#9369,#9372,#945,.T.);
#7821=EDGE_CURVE('',#9373,#9368,#946,.T.);
#7822=EDGE_CURVE('',#9367,#9374,#947,.T.);
#7823=EDGE_CURVE('',#9376,#9377,#948,.T.);
#7824=EDGE_CURVE('',#9378,#9377,#949,.T.);
#7825=EDGE_CURVE('',#9379,#9378,#950,.T.);
#7826=EDGE_CURVE('',#9376,#9379,#951,.T.);
#7827=EDGE_CURVE('',#9253,#9380,#952,.T.);
#7828=EDGE_CURVE('',#9255,#9381,#953,.T.);
#7829=EDGE_CURVE('',#9379,#9381,#954,.T.);
#7830=EDGE_CURVE('',#9382,#9378,#955,.T.);
#7831=EDGE_CURVE('',#9383,#9382,#956,.T.);
#7832=EDGE_CURVE('',#9380,#9383,#957,.T.);
#7833=EDGE_CURVE('',#9254,#9384,#958,.T.);
#7834=EDGE_CURVE('',#9384,#9381,#959,.T.);
#7835=EDGE_CURVE('',#9252,#9385,#960,.T.);
#7836=EDGE_CURVE('',#9386,#9385,#961,.T.);
#7837=EDGE_CURVE('',#9386,#9387,#962,.T.);
#7838=EDGE_CURVE('',#9377,#9387,#963,.T.);
#7839=EDGE_CURVE('',#9384,#9376,#964,.T.);
#7840=EDGE_CURVE('',#9248,#9388,#965,.T.);
#7841=EDGE_CURVE('',#9249,#9389,#966,.T.);
#7842=EDGE_CURVE('',#9390,#9389,#967,.T.);
#7843=EDGE_CURVE('',#9390,#9391,#968,.T.);
#7844=EDGE_CURVE('',#9392,#9391,#969,.T.);
#7845=EDGE_CURVE('',#9393,#9392,#970,.T.);
#7846=EDGE_CURVE('',#9388,#9393,#971,.T.);
#7847=EDGE_CURVE('',#9251,#9394,#972,.T.);
#7848=EDGE_CURVE('',#9394,#9389,#973,.T.);
#7849=EDGE_CURVE('',#9250,#9395,#974,.T.);
#7850=EDGE_CURVE('',#9396,#9395,#975,.T.);
#7851=EDGE_CURVE('',#9396,#9397,#976,.T.);
#7852=EDGE_CURVE('',#9398,#9397,#977,.T.);
#7853=EDGE_CURVE('',#9399,#9398,#978,.T.);
#7854=EDGE_CURVE('',#9394,#9399,#979,.T.);
#7855=EDGE_CURVE('',#9388,#9395,#980,.T.);
#7856=EDGE_CURVE('',#9387,#9382,#981,.T.);
#7857=EDGE_CURVE('',#9383,#9386,#982,.T.);
#7858=EDGE_CURVE('',#9399,#9390,#983,.T.);
#7859=EDGE_CURVE('',#9380,#9385,#984,.T.);
#7860=EDGE_CURVE('',#9393,#9396,#985,.T.);
#7861=EDGE_CURVE('',#9397,#9392,#986,.T.);
#7862=EDGE_CURVE('',#9391,#9398,#987,.T.);
#7863=EDGE_CURVE('',#9400,#9401,#988,.T.);
#7864=EDGE_CURVE('',#9402,#9401,#989,.T.);
#7865=EDGE_CURVE('',#9403,#9402,#990,.T.);
#7866=EDGE_CURVE('',#9400,#9403,#991,.T.);
#7867=EDGE_CURVE('',#9261,#9404,#992,.T.);
#7868=EDGE_CURVE('',#9263,#9405,#993,.T.);
#7869=EDGE_CURVE('',#9403,#9405,#994,.T.);
#7870=EDGE_CURVE('',#9406,#9402,#995,.T.);
#7871=EDGE_CURVE('',#9407,#9406,#996,.T.);
#7872=EDGE_CURVE('',#9404,#9407,#997,.T.);
#7873=EDGE_CURVE('',#9262,#9408,#998,.T.);
#7874=EDGE_CURVE('',#9408,#9405,#999,.T.);
#7875=EDGE_CURVE('',#9260,#9409,#1000,.T.);
#7876=EDGE_CURVE('',#9410,#9409,#1001,.T.);
#7877=EDGE_CURVE('',#9410,#9411,#1002,.T.);
#7878=EDGE_CURVE('',#9401,#9411,#1003,.T.);
#7879=EDGE_CURVE('',#9408,#9400,#1004,.T.);
#7880=EDGE_CURVE('',#9256,#9412,#1005,.T.);
#7881=EDGE_CURVE('',#9257,#9413,#1006,.T.);
#7882=EDGE_CURVE('',#9414,#9413,#1007,.T.);
#7883=EDGE_CURVE('',#9414,#9415,#1008,.T.);
#7884=EDGE_CURVE('',#9416,#9415,#1009,.T.);
#7885=EDGE_CURVE('',#9417,#9416,#1010,.T.);
#7886=EDGE_CURVE('',#9412,#9417,#1011,.T.);
#7887=EDGE_CURVE('',#9259,#9418,#1012,.T.);
#7888=EDGE_CURVE('',#9418,#9413,#1013,.T.);
#7889=EDGE_CURVE('',#9258,#9419,#1014,.T.);
#7890=EDGE_CURVE('',#9420,#9419,#1015,.T.);
#7891=EDGE_CURVE('',#9420,#9421,#1016,.T.);
#7892=EDGE_CURVE('',#9422,#9421,#1017,.T.);
#7893=EDGE_CURVE('',#9423,#9422,#1018,.T.);
#7894=EDGE_CURVE('',#9418,#9423,#1019,.T.);
#7895=EDGE_CURVE('',#9412,#9419,#1020,.T.);
#7896=EDGE_CURVE('',#9411,#9406,#1021,.T.);
#7897=EDGE_CURVE('',#9407,#9410,#1022,.T.);
#7898=EDGE_CURVE('',#9423,#9414,#1023,.T.);
#7899=EDGE_CURVE('',#9404,#9409,#1024,.T.);
#7900=EDGE_CURVE('',#9417,#9420,#1025,.T.);
#7901=EDGE_CURVE('',#9421,#9416,#1026,.T.);
#7902=EDGE_CURVE('',#9415,#9422,#1027,.T.);
#7903=EDGE_CURVE('',#9424,#9425,#1028,.T.);
#7904=EDGE_CURVE('',#9426,#9425,#1029,.T.);
#7905=EDGE_CURVE('',#9427,#9426,#1030,.T.);
#7906=EDGE_CURVE('',#9424,#9427,#1031,.T.);
#7907=EDGE_CURVE('',#9269,#9428,#1032,.T.);
#7908=EDGE_CURVE('',#9271,#9429,#1033,.T.);
#7909=EDGE_CURVE('',#9427,#9429,#1034,.T.);
#7910=EDGE_CURVE('',#9430,#9426,#1035,.T.);
#7911=EDGE_CURVE('',#9431,#9430,#1036,.T.);
#7912=EDGE_CURVE('',#9428,#9431,#1037,.T.);
#7913=EDGE_CURVE('',#9270,#9432,#1038,.T.);
#7914=EDGE_CURVE('',#9432,#9429,#1039,.T.);
#7915=EDGE_CURVE('',#9268,#9433,#1040,.T.);
#7916=EDGE_CURVE('',#9434,#9433,#1041,.T.);
#7917=EDGE_CURVE('',#9434,#9435,#1042,.T.);
#7918=EDGE_CURVE('',#9425,#9435,#1043,.T.);
#7919=EDGE_CURVE('',#9432,#9424,#1044,.T.);
#7920=EDGE_CURVE('',#9264,#9436,#1045,.T.);
#7921=EDGE_CURVE('',#9265,#9437,#1046,.T.);
#7922=EDGE_CURVE('',#9438,#9437,#1047,.T.);
#7923=EDGE_CURVE('',#9438,#9439,#1048,.T.);
#7924=EDGE_CURVE('',#9440,#9439,#1049,.T.);
#7925=EDGE_CURVE('',#9441,#9440,#1050,.T.);
#7926=EDGE_CURVE('',#9436,#9441,#1051,.T.);
#7927=EDGE_CURVE('',#9267,#9442,#1052,.T.);
#7928=EDGE_CURVE('',#9442,#9437,#1053,.T.);
#7929=EDGE_CURVE('',#9266,#9443,#1054,.T.);
#7930=EDGE_CURVE('',#9444,#9443,#1055,.T.);
#7931=EDGE_CURVE('',#9444,#9445,#1056,.T.);
#7932=EDGE_CURVE('',#9446,#9445,#1057,.T.);
#7933=EDGE_CURVE('',#9447,#9446,#1058,.T.);
#7934=EDGE_CURVE('',#9442,#9447,#1059,.T.);
#7935=EDGE_CURVE('',#9436,#9443,#1060,.T.);
#7936=EDGE_CURVE('',#9435,#9430,#1061,.T.);
#7937=EDGE_CURVE('',#9431,#9434,#1062,.T.);
#7938=EDGE_CURVE('',#9447,#9438,#1063,.T.);
#7939=EDGE_CURVE('',#9428,#9433,#1064,.T.);
#7940=EDGE_CURVE('',#9441,#9444,#1065,.T.);
#7941=EDGE_CURVE('',#9445,#9440,#1066,.T.);
#7942=EDGE_CURVE('',#9439,#9446,#1067,.T.);
#7943=EDGE_CURVE('',#9448,#9449,#1068,.T.);
#7944=EDGE_CURVE('',#9450,#9449,#1069,.T.);
#7945=EDGE_CURVE('',#9451,#9450,#1070,.T.);
#7946=EDGE_CURVE('',#9448,#9451,#1071,.T.);
#7947=EDGE_CURVE('',#9277,#9452,#1072,.T.);
#7948=EDGE_CURVE('',#9279,#9453,#1073,.T.);
#7949=EDGE_CURVE('',#9451,#9453,#1074,.T.);
#7950=EDGE_CURVE('',#9454,#9450,#1075,.T.);
#7951=EDGE_CURVE('',#9455,#9454,#1076,.T.);
#7952=EDGE_CURVE('',#9452,#9455,#1077,.T.);
#7953=EDGE_CURVE('',#9278,#9456,#1078,.T.);
#7954=EDGE_CURVE('',#9456,#9453,#1079,.T.);
#7955=EDGE_CURVE('',#9276,#9457,#1080,.T.);
#7956=EDGE_CURVE('',#9458,#9457,#1081,.T.);
#7957=EDGE_CURVE('',#9458,#9459,#1082,.T.);
#7958=EDGE_CURVE('',#9449,#9459,#1083,.T.);
#7959=EDGE_CURVE('',#9456,#9448,#1084,.T.);
#7960=EDGE_CURVE('',#9272,#9460,#1085,.T.);
#7961=EDGE_CURVE('',#9273,#9461,#1086,.T.);
#7962=EDGE_CURVE('',#9462,#9461,#1087,.T.);
#7963=EDGE_CURVE('',#9462,#9463,#1088,.T.);
#7964=EDGE_CURVE('',#9464,#9463,#1089,.T.);
#7965=EDGE_CURVE('',#9465,#9464,#1090,.T.);
#7966=EDGE_CURVE('',#9460,#9465,#1091,.T.);
#7967=EDGE_CURVE('',#9275,#9466,#1092,.T.);
#7968=EDGE_CURVE('',#9466,#9461,#1093,.T.);
#7969=EDGE_CURVE('',#9274,#9467,#1094,.T.);
#7970=EDGE_CURVE('',#9468,#9467,#1095,.T.);
#7971=EDGE_CURVE('',#9468,#9469,#1096,.T.);
#7972=EDGE_CURVE('',#9470,#9469,#1097,.T.);
#7973=EDGE_CURVE('',#9471,#9470,#1098,.T.);
#7974=EDGE_CURVE('',#9466,#9471,#1099,.T.);
#7975=EDGE_CURVE('',#9460,#9467,#1100,.T.);
#7976=EDGE_CURVE('',#9459,#9454,#1101,.T.);
#7977=EDGE_CURVE('',#9455,#9458,#1102,.T.);
#7978=EDGE_CURVE('',#9471,#9462,#1103,.T.);
#7979=EDGE_CURVE('',#9452,#9457,#1104,.T.);
#7980=EDGE_CURVE('',#9465,#9468,#1105,.T.);
#7981=EDGE_CURVE('',#9469,#9464,#1106,.T.);
#7982=EDGE_CURVE('',#9463,#9470,#1107,.T.);
#7983=EDGE_CURVE('',#9472,#9473,#1108,.F.);
#7984=EDGE_CURVE('',#9473,#9281,#1109,.T.);
#7985=EDGE_CURVE('',#9280,#9474,#1110,.F.);
#7986=EDGE_CURVE('',#9475,#9474,#1111,.F.);
#7987=EDGE_CURVE('',#9475,#9476,#1112,.F.);
#7988=EDGE_CURVE('',#9476,#9477,#1113,.F.);
#7989=EDGE_CURVE('',#9477,#9472,#1114,.F.);
#7990=EDGE_CURVE('',#9286,#9478,#1115,.F.);
#7991=EDGE_CURVE('',#9479,#9478,#1116,.F.);
#7992=EDGE_CURVE('',#9479,#9287,#1117,.T.);
#7993=EDGE_CURVE('',#9480,#9481,#1118,.F.);
#7994=EDGE_CURVE('',#9480,#9285,#1119,.T.);
#7995=EDGE_CURVE('',#9284,#9482,#1120,.F.);
#7996=EDGE_CURVE('',#9483,#9482,#1121,.F.);
#7997=EDGE_CURVE('',#9483,#9484,#1122,.T.);
#7998=EDGE_CURVE('',#9485,#9484,#1123,.F.);
#7999=EDGE_CURVE('',#9485,#9481,#1124,.T.);
#8000=EDGE_CURVE('',#9282,#9486,#1125,.F.);
#8001=EDGE_CURVE('',#9486,#9487,#1126,.F.);
#8002=EDGE_CURVE('',#9487,#9283,#1127,.T.);
#8003=EDGE_CURVE('',#9478,#9480,#10147,.F.);
#8004=EDGE_CURVE('',#9481,#9488,#10148,.F.);
#8005=EDGE_CURVE('',#9488,#9489,#1128,.F.);
#8006=EDGE_CURVE('',#9489,#9490,#10149,.F.);
#8007=EDGE_CURVE('',#9491,#9490,#1129,.F.);
#8008=EDGE_CURVE('',#9491,#9492,#1130,.F.);
#8009=EDGE_CURVE('',#9492,#9493,#1131,.F.);
#8010=EDGE_CURVE('',#9493,#9494,#10150,.F.);
#8011=EDGE_CURVE('',#9495,#9494,#1132,.F.);
#8012=EDGE_CURVE('',#9495,#9475,#10151,.F.);
#8013=EDGE_CURVE('',#9474,#9479,#10152,.F.);
#8014=EDGE_CURVE('',#9496,#9497,#1133,.T.);
#8015=EDGE_CURVE('',#9497,#9498,#1134,.T.);
#8016=EDGE_CURVE('',#9498,#9499,#1135,.T.);
#8017=EDGE_CURVE('',#9499,#9496,#1136,.T.);
#8018=EDGE_CURVE('',#9500,#9501,#1137,.T.);
#8019=EDGE_CURVE('',#9501,#9502,#1138,.T.);
#8020=EDGE_CURVE('',#9502,#9503,#1139,.T.);
#8021=EDGE_CURVE('',#9503,#9500,#1140,.T.);
#8022=EDGE_CURVE('',#9484,#9504,#10153,.F.);
#8023=EDGE_CURVE('',#9505,#9504,#1141,.F.);
#8024=EDGE_CURVE('',#9505,#9477,#10154,.F.);
#8025=EDGE_CURVE('',#9476,#9506,#10155,.T.);
#8026=EDGE_CURVE('',#9506,#9507,#1142,.T.);
#8027=EDGE_CURVE('',#9507,#9508,#10156,.T.);
#8028=EDGE_CURVE('',#9509,#9508,#1143,.T.);
#8029=EDGE_CURVE('',#9509,#9510,#1144,.T.);
#8030=EDGE_CURVE('',#9510,#9511,#1145,.T.);
#8031=EDGE_CURVE('',#9511,#9512,#10157,.T.);
#8032=EDGE_CURVE('',#9513,#9512,#1146,.F.);
#8033=EDGE_CURVE('',#9513,#9485,#10158,.T.);
#8034=EDGE_CURVE('',#9514,#9515,#1147,.T.);
#8035=EDGE_CURVE('',#9514,#9516,#1148,.T.);
#8036=EDGE_CURVE('',#9516,#9517,#1149,.T.);
#8037=EDGE_CURVE('',#9517,#9515,#1150,.T.);
#8038=EDGE_CURVE('',#9518,#9519,#1151,.T.);
#8039=EDGE_CURVE('',#9518,#9520,#1152,.T.);
#8040=EDGE_CURVE('',#9520,#9521,#1153,.T.);
#8041=EDGE_CURVE('',#9521,#9519,#1154,.T.);
#8042=EDGE_CURVE('',#9522,#9523,#1155,.T.);
#8043=EDGE_CURVE('',#9522,#9524,#1156,.T.);
#8044=EDGE_CURVE('',#9524,#9525,#1157,.T.);
#8045=EDGE_CURVE('',#9525,#9523,#1158,.T.);
#8046=EDGE_CURVE('',#9506,#9495,#1159,.T.);
#8047=EDGE_CURVE('',#9494,#9507,#1160,.F.);
#8048=EDGE_CURVE('',#9486,#9473,#10159,.F.);
#8049=EDGE_CURVE('',#9472,#9526,#10160,.T.);
#8050=EDGE_CURVE('',#9526,#9527,#1161,.T.);
#8051=EDGE_CURVE('',#9527,#9483,#10161,.T.);
#8052=EDGE_CURVE('',#9482,#9487,#10162,.F.);
#8053=EDGE_CURVE('',#9504,#9527,#1162,.F.);
#8054=EDGE_CURVE('',#9526,#9505,#1163,.T.);
#8055=EDGE_CURVE('',#9512,#9489,#1164,.T.);
#8056=EDGE_CURVE('',#9488,#9513,#1165,.F.);
#8057=EDGE_CURVE('',#9508,#9493,#1166,.T.);
#8058=EDGE_CURVE('',#9509,#9492,#1167,.T.);
#8059=EDGE_CURVE('',#9510,#9491,#1168,.T.);
#8060=EDGE_CURVE('',#9490,#9511,#1169,.F.);
#8061=EDGE_CURVE('',#9300,#9528,#1170,.F.);
#8062=EDGE_CURVE('',#9529,#9528,#1171,.T.);
#8063=EDGE_CURVE('',#9529,#9301,#1172,.T.);
#8064=EDGE_CURVE('',#9530,#9531,#1173,.T.);
#8065=EDGE_CURVE('',#9530,#9299,#1174,.T.);
#8066=EDGE_CURVE('',#9298,#9531,#1175,.F.);
#8067=EDGE_CURVE('',#9532,#9533,#1176,.T.);
#8068=EDGE_CURVE('',#9532,#9297,#1177,.T.);
#8069=EDGE_CURVE('',#9296,#9533,#1178,.F.);
#8070=EDGE_CURVE('',#9534,#9535,#1179,.T.);
#8071=EDGE_CURVE('',#9534,#9303,#1180,.T.);
#8072=EDGE_CURVE('',#9302,#9535,#1181,.F.);
#8073=EDGE_CURVE('',#9528,#9530,#10163,.T.);
#8074=EDGE_CURVE('',#9531,#9532,#10164,.T.);
#8075=EDGE_CURVE('',#9533,#9534,#10165,.T.);
#8076=EDGE_CURVE('',#9535,#9529,#10166,.T.);
#8077=EDGE_CURVE('',#9289,#9514,#1182,.T.);
#8078=EDGE_CURVE('',#9291,#9519,#1183,.T.);
#8079=EDGE_CURVE('',#9521,#9502,#1184,.T.);
#8080=EDGE_CURVE('',#9516,#9501,#1185,.T.);
#8081=EDGE_CURVE('',#9520,#9503,#1186,.T.);
#8082=EDGE_CURVE('',#9290,#9518,#1187,.T.);
#8083=EDGE_CURVE('',#9288,#9515,#1188,.T.);
#8084=EDGE_CURVE('',#9517,#9500,#1189,.T.);
#8085=EDGE_CURVE('',#9292,#9536,#1190,.T.);
#8086=EDGE_CURVE('',#9293,#9523,#1191,.T.);
#8087=EDGE_CURVE('',#9525,#9498,#1192,.T.);
#8088=EDGE_CURVE('',#9537,#9497,#1193,.T.);
#8089=EDGE_CURVE('',#9536,#9537,#1194,.T.);
#8090=EDGE_CURVE('',#9524,#9499,#1195,.T.);
#8091=EDGE_CURVE('',#9295,#9522,#1196,.T.);
#8092=EDGE_CURVE('',#9294,#9538,#1197,.T.);
#8093=EDGE_CURVE('',#9539,#9538,#1198,.T.);
#8094=EDGE_CURVE('',#9539,#9496,#1199,.T.);
#8095=EDGE_CURVE('',#9537,#9539,#1200,.T.);
#8096=EDGE_CURVE('',#9536,#9538,#1201,.T.);
#8097=EDGE_CURVE('',#9540,#9541,#1202,.T.);
#8098=EDGE_CURVE('',#9541,#9542,#1203,.T.);
#8099=EDGE_CURVE('',#9543,#9542,#1204,.T.);
#8100=EDGE_CURVE('',#9540,#9543,#1205,.T.);
#8101=EDGE_CURVE('',#9544,#9545,#1206,.T.);
#8102=EDGE_CURVE('',#9545,#9541,#1207,.T.);
#8103=EDGE_CURVE('',#9546,#9540,#1208,.T.);
#8104=EDGE_CURVE('',#9546,#9547,#1209,.F.);
#8105=EDGE_CURVE('',#9548,#9547,#1210,.T.);
#8106=EDGE_CURVE('',#9548,#9549,#1211,.F.);
#8107=EDGE_CURVE('',#9550,#9549,#1212,.T.);
#8108=EDGE_CURVE('',#9551,#9550,#1213,.T.);
#8109=EDGE_CURVE('',#9551,#9552,#1214,.F.);
#8110=EDGE_CURVE('',#9553,#9552,#1215,.T.);
#8111=EDGE_CURVE('',#9553,#9544,#1216,.T.);
#8112=EDGE_CURVE('',#9554,#9555,#1217,.T.);
#8113=EDGE_CURVE('',#9554,#9551,#1218,.T.);
#8114=EDGE_CURVE('',#9550,#9555,#1219,.T.);
#8115=EDGE_CURVE('',#9542,#9556,#1220,.T.);
#8116=EDGE_CURVE('',#9556,#9557,#1221,.T.);
#8117=EDGE_CURVE('',#9558,#9557,#1222,.T.);
#8118=EDGE_CURVE('',#9559,#9558,#1223,.T.);
#8119=EDGE_CURVE('',#9559,#9554,#1224,.F.);
#8120=EDGE_CURVE('',#9560,#9555,#1225,.T.);
#8121=EDGE_CURVE('',#9560,#9561,#1226,.F.);
#8122=EDGE_CURVE('',#9562,#9561,#1227,.T.);
#8123=EDGE_CURVE('',#9562,#9563,#1228,.F.);
#8124=EDGE_CURVE('',#9543,#9563,#1229,.T.);
#8125=EDGE_CURVE('',#9557,#9564,#10167,.T.);
#8126=EDGE_CURVE('',#9565,#9564,#1230,.T.);
#8127=EDGE_CURVE('',#9558,#9565,#10168,.T.);
#8128=EDGE_CURVE('',#9564,#9566,#1231,.T.);
#8129=EDGE_CURVE('',#9566,#9567,#1232,.T.);
#8130=EDGE_CURVE('',#9568,#9567,#1233,.T.);
#8131=EDGE_CURVE('',#9568,#9569,#1234,.F.);
#8132=EDGE_CURVE('',#9565,#9569,#1235,.T.);
#8133=EDGE_CURVE('',#9567,#9570,#1236,.T.);
#8134=EDGE_CURVE('',#9571,#9570,#1237,.T.);
#8135=EDGE_CURVE('',#9571,#9568,#1238,.T.);
#8136=EDGE_CURVE('',#9570,#9572,#1239,.T.);
#8137=EDGE_CURVE('',#9572,#9573,#1240,.T.);
#8138=EDGE_CURVE('',#9574,#9573,#1241,.T.);
#8139=EDGE_CURVE('',#9575,#9574,#1242,.T.);
#8140=EDGE_CURVE('',#9575,#9571,#1243,.F.);
#8141=EDGE_CURVE('',#9573,#9544,#10169,.T.);
#8142=EDGE_CURVE('',#9574,#9553,#10170,.T.);
#8143=EDGE_CURVE('',#9569,#9575,#1244,.T.);
#8144=EDGE_CURVE('',#9552,#9559,#1245,.T.);
#8145=EDGE_CURVE('',#9572,#9566,#1246,.T.);
#8146=EDGE_CURVE('',#9556,#9545,#1247,.T.);
#8147=EDGE_CURVE('',#9563,#9546,#1248,.T.);
#8148=EDGE_CURVE('',#9549,#9560,#1249,.T.);
#8149=EDGE_CURVE('',#9547,#9562,#1250,.T.);
#8150=EDGE_CURVE('',#9561,#9548,#1251,.T.);
#8151=EDGE_CURVE('',#9576,#9577,#1252,.T.);
#8152=EDGE_CURVE('',#9577,#9578,#1253,.T.);
#8153=EDGE_CURVE('',#9578,#9579,#1254,.T.);
#8154=EDGE_CURVE('',#9579,#9576,#1255,.T.);
#8155=EDGE_CURVE('',#9580,#9581,#1256,.T.);
#8156=EDGE_CURVE('',#9581,#9582,#1257,.T.);
#8157=EDGE_CURVE('',#9582,#9583,#1258,.T.);
#8158=EDGE_CURVE('',#9583,#9580,#1259,.T.);
#8159=EDGE_CURVE('',#9584,#9585,#1260,.T.);
#8160=EDGE_CURVE('',#9585,#9586,#1261,.T.);
#8161=EDGE_CURVE('',#9586,#9587,#1262,.T.);
#8162=EDGE_CURVE('',#9587,#9584,#1263,.T.);
#8163=EDGE_CURVE('',#9588,#9589,#1264,.T.);
#8164=EDGE_CURVE('',#9589,#9590,#1265,.T.);
#8165=EDGE_CURVE('',#9590,#9591,#1266,.T.);
#8166=EDGE_CURVE('',#9591,#9588,#1267,.T.);
#8167=EDGE_CURVE('',#9592,#9593,#1268,.F.);
#8168=EDGE_CURVE('',#9592,#9594,#1269,.T.);
#8169=EDGE_CURVE('',#9595,#9594,#1270,.F.);
#8170=EDGE_CURVE('',#9593,#9595,#1271,.T.);
#8171=EDGE_CURVE('',#9596,#9597,#1272,.T.);
#8172=EDGE_CURVE('',#9597,#9598,#1273,.T.);
#8173=EDGE_CURVE('',#9598,#9599,#1274,.T.);
#8174=EDGE_CURVE('',#9599,#9596,#1275,.T.);
#8175=EDGE_CURVE('',#9600,#9601,#1276,.T.);
#8176=EDGE_CURVE('',#9601,#9602,#1277,.T.);
#8177=EDGE_CURVE('',#9602,#9603,#1278,.T.);
#8178=EDGE_CURVE('',#9603,#9600,#1279,.T.);
#8179=EDGE_CURVE('',#9604,#9605,#1280,.T.);
#8180=EDGE_CURVE('',#9605,#9606,#1281,.T.);
#8181=EDGE_CURVE('',#9606,#9607,#1282,.T.);
#8182=EDGE_CURVE('',#9607,#9604,#1283,.T.);
#8183=EDGE_CURVE('',#9608,#9609,#1284,.T.);
#8184=EDGE_CURVE('',#9609,#9610,#1285,.T.);
#8185=EDGE_CURVE('',#9610,#9611,#1286,.T.);
#8186=EDGE_CURVE('',#9611,#9608,#1287,.T.);
#8187=EDGE_CURVE('',#9612,#9613,#1288,.T.);
#8188=EDGE_CURVE('',#9613,#9614,#1289,.T.);
#8189=EDGE_CURVE('',#9614,#9615,#1290,.T.);
#8190=EDGE_CURVE('',#9615,#9612,#1291,.F.);
#8191=EDGE_CURVE('',#9616,#9617,#1292,.T.);
#8192=EDGE_CURVE('',#9618,#9616,#1293,.T.);
#8193=EDGE_CURVE('',#9619,#9618,#1294,.T.);
#8194=EDGE_CURVE('',#9619,#9617,#1295,.T.);
#8195=EDGE_CURVE('',#9617,#9620,#1296,.T.);
#8196=EDGE_CURVE('',#9621,#9619,#1297,.T.);
#8197=EDGE_CURVE('',#9621,#9620,#1298,.T.);
#8198=EDGE_CURVE('',#9622,#9623,#1299,.T.);
#8199=EDGE_CURVE('',#9622,#9624,#1300,.T.);
#8200=EDGE_CURVE('',#9624,#9625,#1301,.T.);
#8201=EDGE_CURVE('',#9623,#9625,#1302,.T.);
#8202=EDGE_CURVE('',#9624,#9626,#1303,.T.);
#8203=EDGE_CURVE('',#9626,#9627,#1304,.T.);
#8204=EDGE_CURVE('',#9625,#9627,#1305,.T.);
#8205=EDGE_CURVE('',#9618,#9628,#1306,.T.);
#8206=EDGE_CURVE('',#9628,#9621,#1307,.T.);
#8207=EDGE_CURVE('',#9629,#9622,#1308,.T.);
#8208=EDGE_CURVE('',#9626,#9629,#1309,.T.);
#8209=EDGE_CURVE('',#9629,#9630,#1310,.T.);
#8210=EDGE_CURVE('',#9630,#9623,#1311,.T.);
#8211=EDGE_CURVE('',#9627,#9630,#1312,.T.);
#8212=EDGE_CURVE('',#9631,#9616,#1313,.T.);
#8213=EDGE_CURVE('',#9628,#9631,#1314,.T.);
#8214=EDGE_CURVE('',#9620,#9631,#1315,.T.);
#8215=EDGE_CURVE('',#9632,#9633,#1316,.T.);
#8216=EDGE_CURVE('',#9633,#9634,#1317,.T.);
#8217=EDGE_CURVE('',#9634,#9635,#1318,.T.);
#8218=EDGE_CURVE('',#9635,#9632,#1319,.T.);
#8219=EDGE_CURVE('',#9636,#9637,#1320,.T.);
#8220=EDGE_CURVE('',#9637,#9638,#1321,.T.);
#8221=EDGE_CURVE('',#9638,#9639,#1322,.T.);
#8222=EDGE_CURVE('',#9639,#9636,#1323,.T.);
#8223=EDGE_CURVE('',#9640,#9641,#1324,.T.);
#8224=EDGE_CURVE('',#9641,#9642,#1325,.T.);
#8225=EDGE_CURVE('',#9642,#9643,#1326,.T.);
#8226=EDGE_CURVE('',#9643,#9640,#1327,.T.);
#8227=EDGE_CURVE('',#9644,#9645,#1328,.T.);
#8228=EDGE_CURVE('',#9645,#9646,#1329,.T.);
#8229=EDGE_CURVE('',#9646,#9647,#1330,.T.);
#8230=EDGE_CURVE('',#9647,#9644,#1331,.T.);
#8231=EDGE_CURVE('',#9648,#9649,#1332,.F.);
#8232=EDGE_CURVE('',#9648,#9650,#1333,.T.);
#8233=EDGE_CURVE('',#9651,#9650,#1334,.F.);
#8234=EDGE_CURVE('',#9649,#9651,#1335,.T.);
#8235=EDGE_CURVE('',#9652,#9653,#1336,.T.);
#8236=EDGE_CURVE('',#9654,#9652,#1337,.T.);
#8237=EDGE_CURVE('',#9655,#9654,#1338,.T.);
#8238=EDGE_CURVE('',#9653,#9655,#1339,.T.);
#8239=EDGE_CURVE('',#9633,#9656,#1340,.T.);
#8240=EDGE_CURVE('',#9632,#9657,#1341,.T.);
#8241=EDGE_CURVE('',#9657,#9656,#1342,.T.);
#8242=EDGE_CURVE('',#9656,#9658,#1343,.T.);
#8243=EDGE_CURVE('',#9634,#9658,#1344,.T.);
#8244=EDGE_CURVE('',#9635,#9659,#1345,.T.);
#8245=EDGE_CURVE('',#9658,#9659,#1346,.T.);
#8246=EDGE_CURVE('',#9659,#9657,#1347,.T.);
#8247=EDGE_CURVE('',#9592,#9660,#1348,.F.);
#8248=EDGE_CURVE('',#9593,#9661,#1349,.F.);
#8249=EDGE_CURVE('',#9662,#9661,#1350,.T.);
#8250=EDGE_CURVE('',#9651,#9662,#1351,.F.);
#8251=EDGE_CURVE('',#9663,#9650,#1352,.F.);
#8252=EDGE_CURVE('',#9660,#9663,#1353,.F.);
#8253=EDGE_CURVE('',#9664,#9662,#1354,.T.);
#8254=EDGE_CURVE('',#9649,#9664,#1355,.F.);
#8255=EDGE_CURVE('',#9665,#9594,#1356,.F.);
#8256=EDGE_CURVE('',#9666,#9665,#1357,.F.);
#8257=EDGE_CURVE('',#9648,#9666,#1358,.F.);
#8258=EDGE_CURVE('',#9667,#9664,#1359,.T.);
#8259=EDGE_CURVE('',#9595,#9667,#1360,.F.);
#8260=EDGE_CURVE('',#9667,#9661,#1361,.T.);
#8261=EDGE_CURVE('',#9668,#9669,#1362,.T.);
#8262=EDGE_CURVE('',#9668,#9588,#1363,.T.);
#8263=EDGE_CURVE('',#9669,#9591,#1364,.T.);
#8264=EDGE_CURVE('',#9670,#9668,#1365,.T.);
#8265=EDGE_CURVE('',#9670,#9589,#1366,.T.);
#8266=EDGE_CURVE('',#9671,#9670,#1367,.T.);
#8267=EDGE_CURVE('',#9671,#9590,#1368,.T.);
#8268=EDGE_CURVE('',#9669,#9671,#1369,.T.);
#8269=EDGE_CURVE('',#9672,#9673,#1370,.T.);
#8270=EDGE_CURVE('',#9672,#9584,#1371,.T.);
#8271=EDGE_CURVE('',#9673,#9587,#1372,.T.);
#8272=EDGE_CURVE('',#9674,#9672,#1373,.T.);
#8273=EDGE_CURVE('',#9674,#9585,#1374,.T.);
#8274=EDGE_CURVE('',#9675,#9674,#1375,.T.);
#8275=EDGE_CURVE('',#9675,#9586,#1376,.T.);
#8276=EDGE_CURVE('',#9673,#9675,#1377,.T.);
#8277=EDGE_CURVE('',#9676,#9677,#1378,.T.);
#8278=EDGE_CURVE('',#9676,#9580,#1379,.T.);
#8279=EDGE_CURVE('',#9677,#9583,#1380,.T.);
#8280=EDGE_CURVE('',#9678,#9676,#1381,.T.);
#8281=EDGE_CURVE('',#9678,#9581,#1382,.T.);
#8282=EDGE_CURVE('',#9679,#9678,#1383,.T.);
#8283=EDGE_CURVE('',#9679,#9582,#1384,.T.);
#8284=EDGE_CURVE('',#9677,#9679,#1385,.T.);
#8285=EDGE_CURVE('',#9680,#9681,#1386,.T.);
#8286=EDGE_CURVE('',#9680,#9576,#1387,.T.);
#8287=EDGE_CURVE('',#9681,#9579,#1388,.T.);
#8288=EDGE_CURVE('',#9682,#9680,#1389,.T.);
#8289=EDGE_CURVE('',#9682,#9577,#1390,.T.);
#8290=EDGE_CURVE('',#9683,#9682,#1391,.T.);
#8291=EDGE_CURVE('',#9683,#9578,#1392,.T.);
#8292=EDGE_CURVE('',#9681,#9683,#1393,.T.);
#8293=EDGE_CURVE('',#9684,#9685,#1394,.T.);
#8294=EDGE_CURVE('',#9684,#9640,#1395,.T.);
#8295=EDGE_CURVE('',#9685,#9643,#1396,.T.);
#8296=EDGE_CURVE('',#9686,#9684,#1397,.T.);
#8297=EDGE_CURVE('',#9686,#9641,#1398,.T.);
#8298=EDGE_CURVE('',#9687,#9686,#1399,.T.);
#8299=EDGE_CURVE('',#9687,#9642,#1400,.T.);
#8300=EDGE_CURVE('',#9685,#9687,#1401,.T.);
#8301=EDGE_CURVE('',#9688,#9689,#1402,.T.);
#8302=EDGE_CURVE('',#9688,#9644,#1403,.T.);
#8303=EDGE_CURVE('',#9689,#9647,#1404,.T.);
#8304=EDGE_CURVE('',#9690,#9688,#1405,.T.);
#8305=EDGE_CURVE('',#9690,#9645,#1406,.T.);
#8306=EDGE_CURVE('',#9691,#9690,#1407,.T.);
#8307=EDGE_CURVE('',#9691,#9646,#1408,.T.);
#8308=EDGE_CURVE('',#9689,#9691,#1409,.T.);
#8309=EDGE_CURVE('',#9692,#9692,#10171,.T.);
#8310=EDGE_CURVE('',#9693,#9693,#10172,.T.);
#8311=EDGE_CURVE('',#9694,#9695,#1410,.T.);
#8312=EDGE_CURVE('',#9694,#9652,#1411,.T.);
#8313=EDGE_CURVE('',#9695,#9653,#1412,.T.);
#8314=EDGE_CURVE('',#9696,#9694,#1413,.T.);
#8315=EDGE_CURVE('',#9696,#9654,#1414,.T.);
#8316=EDGE_CURVE('',#9697,#9696,#1415,.T.);
#8317=EDGE_CURVE('',#9697,#9655,#1416,.T.);
#8318=EDGE_CURVE('',#9695,#9697,#1417,.T.);
#8319=EDGE_CURVE('',#9698,#9698,#10173,.T.);
#8320=EDGE_CURVE('',#9699,#9699,#10174,.T.);
#8321=EDGE_CURVE('',#9700,#9701,#1418,.T.);
#8322=EDGE_CURVE('',#9700,#9636,#1419,.T.);
#8323=EDGE_CURVE('',#9701,#9639,#1420,.T.);
#8324=EDGE_CURVE('',#9702,#9700,#1421,.T.);
#8325=EDGE_CURVE('',#9702,#9637,#1422,.T.);
#8326=EDGE_CURVE('',#9703,#9702,#1423,.T.);
#8327=EDGE_CURVE('',#9703,#9638,#1424,.T.);
#8328=EDGE_CURVE('',#9701,#9703,#1425,.T.);
#8329=EDGE_CURVE('',#9704,#9704,#10175,.F.);
#8330=EDGE_CURVE('',#9705,#9705,#10176,.F.);
#8331=EDGE_CURVE('',#9706,#9707,#1426,.T.);
#8332=EDGE_CURVE('',#9707,#9708,#10177,.T.);
#8333=EDGE_CURVE('',#9708,#9709,#1427,.T.);
#8334=EDGE_CURVE('',#9709,#9710,#10178,.T.);
#8335=EDGE_CURVE('',#9710,#9711,#1428,.T.);
#8336=EDGE_CURVE('',#9711,#9712,#1429,.T.);
#8337=EDGE_CURVE('',#9712,#9713,#10179,.T.);
#8338=EDGE_CURVE('',#9713,#9714,#1430,.T.);
#8339=EDGE_CURVE('',#9714,#9715,#10180,.T.);
#8340=EDGE_CURVE('',#9715,#9716,#1431,.T.);
#8341=EDGE_CURVE('',#9716,#9706,#10181,.T.);
#8342=EDGE_CURVE('',#9717,#9718,#1432,.F.);
#8343=EDGE_CURVE('',#9718,#9719,#1433,.T.);
#8344=EDGE_CURVE('',#9719,#9720,#1434,.F.);
#8345=EDGE_CURVE('',#9720,#9717,#1435,.T.);
#8346=EDGE_CURVE('',#9709,#9721,#10182,.T.);
#8347=EDGE_CURVE('',#9722,#9721,#10183,.F.);
#8348=EDGE_CURVE('',#9710,#9722,#10184,.T.);
#8349=EDGE_CURVE('',#9723,#9722,#1436,.F.);
#8350=EDGE_CURVE('',#9723,#9711,#41,.T.);
#8351=EDGE_CURVE('',#9724,#9723,#1437,.F.);
#8352=EDGE_CURVE('',#9724,#9712,#10185,.T.);
#8353=EDGE_CURVE('',#9713,#9725,#10186,.F.);
#8354=EDGE_CURVE('',#9725,#9724,#10187,.F.);
#8355=EDGE_CURVE('',#9726,#9725,#1438,.F.);
#8356=EDGE_CURVE('',#9726,#9714,#10188,.T.);
#8357=EDGE_CURVE('',#9727,#9715,#10189,.T.);
#8358=EDGE_CURVE('',#9727,#9726,#10190,.F.);
#8359=EDGE_CURVE('',#9728,#9716,#10191,.T.);
#8360=EDGE_CURVE('',#9728,#9727,#1439,.F.);
#8361=EDGE_CURVE('',#9729,#9706,#10192,.T.);
#8362=EDGE_CURVE('',#9729,#9728,#10193,.F.);
#8363=EDGE_CURVE('',#9730,#9729,#1440,.F.);
#8364=EDGE_CURVE('',#9730,#9707,#10194,.T.);
#8365=EDGE_CURVE('',#9731,#9730,#10195,.F.);
#8366=EDGE_CURVE('',#9708,#9731,#10196,.F.);
#8367=EDGE_CURVE('',#9721,#9731,#1441,.F.);
#8368=EDGE_CURVE('',#9732,#9733,#1442,.T.);
#8369=EDGE_CURVE('',#9733,#9734,#1443,.T.);
#8370=EDGE_CURVE('',#9734,#9735,#1444,.T.);
#8371=EDGE_CURVE('',#9735,#9732,#1445,.T.);
#8372=EDGE_CURVE('',#9736,#9737,#1446,.T.);
#8373=EDGE_CURVE('',#9738,#9736,#1447,.T.);
#8374=EDGE_CURVE('',#9739,#9738,#1448,.T.);
#8375=EDGE_CURVE('',#9737,#9739,#1449,.T.);
#8376=EDGE_CURVE('',#9740,#9741,#1450,.T.);
#8377=EDGE_CURVE('',#9741,#9742,#1451,.T.);
#8378=EDGE_CURVE('',#9742,#9743,#1452,.T.);
#8379=EDGE_CURVE('',#9743,#9740,#1453,.T.);
#8380=EDGE_CURVE('',#9744,#9745,#1454,.T.);
#8381=EDGE_CURVE('',#9745,#9746,#1455,.T.);
#8382=EDGE_CURVE('',#9746,#9747,#1456,.T.);
#8383=EDGE_CURVE('',#9747,#9744,#1457,.T.);
#8384=EDGE_CURVE('',#9748,#9749,#1458,.T.);
#8385=EDGE_CURVE('',#9750,#9748,#1459,.T.);
#8386=EDGE_CURVE('',#9751,#9750,#1460,.T.);
#8387=EDGE_CURVE('',#9749,#9751,#1461,.T.);
#8388=EDGE_CURVE('',#9752,#9753,#1462,.T.);
#8389=EDGE_CURVE('',#9753,#9754,#1463,.T.);
#8390=EDGE_CURVE('',#9754,#9755,#1464,.T.);
#8391=EDGE_CURVE('',#9755,#9752,#1465,.T.);
#8392=EDGE_CURVE('',#9756,#9757,#1466,.T.);
#8393=EDGE_CURVE('',#9757,#9758,#1467,.T.);
#8394=EDGE_CURVE('',#9758,#9759,#1468,.T.);
#8395=EDGE_CURVE('',#9759,#9756,#1469,.T.);
#8396=EDGE_CURVE('',#9760,#9761,#1470,.T.);
#8397=EDGE_CURVE('',#9762,#9760,#1471,.T.);
#8398=EDGE_CURVE('',#9763,#9762,#1472,.T.);
#8399=EDGE_CURVE('',#9761,#9763,#1473,.T.);
#8400=EDGE_CURVE('',#9764,#9765,#1474,.T.);
#8401=EDGE_CURVE('',#9765,#9766,#1475,.T.);
#8402=EDGE_CURVE('',#9766,#9767,#1476,.T.);
#8403=EDGE_CURVE('',#9767,#9764,#1477,.T.);
#8404=EDGE_CURVE('',#9768,#9769,#1478,.T.);
#8405=EDGE_CURVE('',#9769,#9770,#1479,.T.);
#8406=EDGE_CURVE('',#9770,#9771,#1480,.T.);
#8407=EDGE_CURVE('',#9771,#9768,#1481,.T.);
#8408=EDGE_CURVE('',#9772,#9773,#1482,.T.);
#8409=EDGE_CURVE('',#9774,#9772,#1483,.T.);
#8410=EDGE_CURVE('',#9775,#9774,#1484,.T.);
#8411=EDGE_CURVE('',#9773,#9775,#1485,.T.);
#8412=EDGE_CURVE('',#9776,#9777,#1486,.T.);
#8413=EDGE_CURVE('',#9777,#9778,#1487,.T.);
#8414=EDGE_CURVE('',#9778,#9779,#1488,.T.);
#8415=EDGE_CURVE('',#9779,#9776,#1489,.T.);
#8416=EDGE_CURVE('',#9780,#9781,#1490,.T.);
#8417=EDGE_CURVE('',#9781,#9782,#1491,.T.);
#8418=EDGE_CURVE('',#9782,#9783,#1492,.T.);
#8419=EDGE_CURVE('',#9783,#9780,#1493,.T.);
#8420=EDGE_CURVE('',#9784,#9785,#1494,.T.);
#8421=EDGE_CURVE('',#9786,#9784,#1495,.T.);
#8422=EDGE_CURVE('',#9787,#9786,#1496,.T.);
#8423=EDGE_CURVE('',#9785,#9787,#1497,.T.);
#8424=EDGE_CURVE('',#9788,#9789,#1498,.T.);
#8425=EDGE_CURVE('',#9789,#9790,#1499,.T.);
#8426=EDGE_CURVE('',#9790,#9791,#1500,.T.);
#8427=EDGE_CURVE('',#9791,#9788,#1501,.T.);
#8428=EDGE_CURVE('',#9792,#9793,#1502,.T.);
#8429=EDGE_CURVE('',#9793,#9794,#1503,.T.);
#8430=EDGE_CURVE('',#9794,#9795,#1504,.T.);
#8431=EDGE_CURVE('',#9795,#9792,#1505,.T.);
#8432=EDGE_CURVE('',#9796,#9797,#1506,.T.);
#8433=EDGE_CURVE('',#9798,#9796,#1507,.T.);
#8434=EDGE_CURVE('',#9799,#9798,#1508,.T.);
#8435=EDGE_CURVE('',#9797,#9799,#1509,.T.);
#8436=EDGE_CURVE('',#9800,#9801,#1510,.T.);
#8437=EDGE_CURVE('',#9801,#9802,#1511,.T.);
#8438=EDGE_CURVE('',#9802,#9803,#1512,.T.);
#8439=EDGE_CURVE('',#9803,#9800,#1513,.T.);
#8440=EDGE_CURVE('',#9804,#9804,#10197,.T.);
#8441=EDGE_CURVE('',#9805,#9805,#10198,.T.);
#8442=EDGE_CURVE('',#9806,#9806,#10199,.F.);
#8443=EDGE_CURVE('',#9807,#9807,#10200,.F.);
#8444=EDGE_CURVE('',#9808,#9809,#1514,.T.);
#8445=EDGE_CURVE('',#9809,#9810,#1515,.T.);
#8446=EDGE_CURVE('',#9810,#9811,#1516,.T.);
#8447=EDGE_CURVE('',#9811,#9808,#1517,.T.);
#8448=EDGE_CURVE('',#9812,#9813,#1518,.T.);
#8449=EDGE_CURVE('',#9814,#9812,#1519,.T.);
#8450=EDGE_CURVE('',#9815,#9814,#1520,.T.);
#8451=EDGE_CURVE('',#9813,#9815,#1521,.T.);
#8452=EDGE_CURVE('',#9816,#9817,#1522,.T.);
#8453=EDGE_CURVE('',#9817,#9818,#1523,.T.);
#8454=EDGE_CURVE('',#9818,#9819,#1524,.T.);
#8455=EDGE_CURVE('',#9819,#9816,#1525,.T.);
#8456=EDGE_CURVE('',#9820,#9820,#10201,.F.);
#8457=EDGE_CURVE('',#9821,#9821,#10202,.F.);
#8458=EDGE_CURVE('',#9822,#9823,#1526,.T.);
#8459=EDGE_CURVE('',#9823,#9824,#1527,.T.);
#8460=EDGE_CURVE('',#9824,#9825,#1528,.T.);
#8461=EDGE_CURVE('',#9825,#9822,#1529,.T.);
#8462=EDGE_CURVE('',#9722,#9826,#1530,.T.);
#8463=EDGE_CURVE('',#9721,#9827,#1531,.T.);
#8464=EDGE_CURVE('',#9826,#9827,#10203,.F.);
#8465=EDGE_CURVE('',#9723,#9828,#1532,.T.);
#8466=EDGE_CURVE('',#9828,#9826,#1533,.T.);
#8467=EDGE_CURVE('',#9724,#9829,#1534,.T.);
#8468=EDGE_CURVE('',#9829,#9828,#1535,.T.);
#8469=EDGE_CURVE('',#9725,#9830,#1536,.T.);
#8470=EDGE_CURVE('',#9830,#9829,#10204,.F.);
#8471=EDGE_CURVE('',#9831,#9830,#1537,.T.);
#8472=EDGE_CURVE('',#9726,#9831,#1538,.T.);
#8473=EDGE_CURVE('',#9727,#9832,#1539,.T.);
#8474=EDGE_CURVE('',#9832,#9831,#10205,.F.);
#8475=EDGE_CURVE('',#9728,#9833,#1540,.T.);
#8476=EDGE_CURVE('',#9833,#9832,#1541,.T.);
#8477=EDGE_CURVE('',#9729,#9834,#1542,.T.);
#8478=EDGE_CURVE('',#9834,#9833,#10206,.F.);
#8479=EDGE_CURVE('',#9730,#9835,#1543,.T.);
#8480=EDGE_CURVE('',#9835,#9834,#1544,.T.);
#8481=EDGE_CURVE('',#9731,#9836,#1545,.T.);
#8482=EDGE_CURVE('',#9836,#9835,#10207,.F.);
#8483=EDGE_CURVE('',#9827,#9836,#1546,.T.);
#8484=EDGE_CURVE('',#9837,#9838,#1547,.T.);
#8485=EDGE_CURVE('',#9732,#9837,#1548,.T.);
#8486=EDGE_CURVE('',#9735,#9838,#1549,.T.);
#8487=EDGE_CURVE('',#9839,#9837,#1550,.T.);
#8488=EDGE_CURVE('',#9733,#9839,#1551,.T.);
#8489=EDGE_CURVE('',#9840,#9839,#1552,.T.);
#8490=EDGE_CURVE('',#9734,#9840,#1553,.T.);
#8491=EDGE_CURVE('',#9838,#9840,#1554,.T.);
#8492=EDGE_CURVE('',#9841,#9842,#1555,.T.);
#8493=EDGE_CURVE('',#9743,#9841,#1556,.T.);
#8494=EDGE_CURVE('',#9742,#9842,#1557,.T.);
#8495=EDGE_CURVE('',#9843,#9841,#1558,.T.);
#8496=EDGE_CURVE('',#9740,#9843,#1559,.T.);
#8497=EDGE_CURVE('',#9844,#9843,#1560,.T.);
#8498=EDGE_CURVE('',#9741,#9844,#1561,.T.);
#8499=EDGE_CURVE('',#9842,#9844,#1562,.T.);
#8500=EDGE_CURVE('',#9845,#9846,#1563,.T.);
#8501=EDGE_CURVE('',#9744,#9845,#1564,.T.);
#8502=EDGE_CURVE('',#9747,#9846,#1565,.T.);
#8503=EDGE_CURVE('',#9847,#9845,#1566,.T.);
#8504=EDGE_CURVE('',#9745,#9847,#1567,.T.);
#8505=EDGE_CURVE('',#9848,#9847,#1568,.T.);
#8506=EDGE_CURVE('',#9746,#9848,#1569,.T.);
#8507=EDGE_CURVE('',#9846,#9848,#1570,.T.);
#8508=EDGE_CURVE('',#9849,#9850,#1571,.T.);
#8509=EDGE_CURVE('',#9755,#9849,#1572,.T.);
#8510=EDGE_CURVE('',#9754,#9850,#1573,.T.);
#8511=EDGE_CURVE('',#9851,#9849,#1574,.T.);
#8512=EDGE_CURVE('',#9752,#9851,#1575,.T.);
#8513=EDGE_CURVE('',#9852,#9851,#1576,.T.);
#8514=EDGE_CURVE('',#9753,#9852,#1577,.T.);
#8515=EDGE_CURVE('',#9850,#9852,#1578,.T.);
#8516=EDGE_CURVE('',#9853,#9854,#1579,.T.);
#8517=EDGE_CURVE('',#9756,#9853,#1580,.T.);
#8518=EDGE_CURVE('',#9759,#9854,#1581,.T.);
#8519=EDGE_CURVE('',#9855,#9853,#1582,.T.);
#8520=EDGE_CURVE('',#9757,#9855,#1583,.T.);
#8521=EDGE_CURVE('',#9856,#9855,#1584,.T.);
#8522=EDGE_CURVE('',#9758,#9856,#1585,.T.);
#8523=EDGE_CURVE('',#9854,#9856,#1586,.T.);
#8524=EDGE_CURVE('',#9857,#9858,#1587,.T.);
#8525=EDGE_CURVE('',#9767,#9857,#1588,.T.);
#8526=EDGE_CURVE('',#9766,#9858,#1589,.T.);
#8527=EDGE_CURVE('',#9859,#9857,#1590,.T.);
#8528=EDGE_CURVE('',#9764,#9859,#1591,.T.);
#8529=EDGE_CURVE('',#9860,#9859,#1592,.T.);
#8530=EDGE_CURVE('',#9765,#9860,#1593,.T.);
#8531=EDGE_CURVE('',#9858,#9860,#1594,.T.);
#8532=EDGE_CURVE('',#9861,#9862,#1595,.T.);
#8533=EDGE_CURVE('',#9768,#9861,#1596,.T.);
#8534=EDGE_CURVE('',#9771,#9862,#1597,.T.);
#8535=EDGE_CURVE('',#9863,#9861,#1598,.T.);
#8536=EDGE_CURVE('',#9769,#9863,#1599,.T.);
#8537=EDGE_CURVE('',#9864,#9863,#1600,.T.);
#8538=EDGE_CURVE('',#9770,#9864,#1601,.T.);
#8539=EDGE_CURVE('',#9862,#9864,#1602,.T.);
#8540=EDGE_CURVE('',#9865,#9866,#1603,.T.);
#8541=EDGE_CURVE('',#9779,#9865,#1604,.T.);
#8542=EDGE_CURVE('',#9778,#9866,#1605,.T.);
#8543=EDGE_CURVE('',#9867,#9865,#1606,.T.);
#8544=EDGE_CURVE('',#9776,#9867,#1607,.T.);
#8545=EDGE_CURVE('',#9868,#9867,#1608,.T.);
#8546=EDGE_CURVE('',#9777,#9868,#1609,.T.);
#8547=EDGE_CURVE('',#9866,#9868,#1610,.T.);
#8548=EDGE_CURVE('',#9869,#9870,#1611,.T.);
#8549=EDGE_CURVE('',#9780,#9869,#1612,.T.);
#8550=EDGE_CURVE('',#9783,#9870,#1613,.T.);
#8551=EDGE_CURVE('',#9871,#9869,#1614,.T.);
#8552=EDGE_CURVE('',#9781,#9871,#1615,.T.);
#8553=EDGE_CURVE('',#9872,#9871,#1616,.T.);
#8554=EDGE_CURVE('',#9782,#9872,#1617,.T.);
#8555=EDGE_CURVE('',#9870,#9872,#1618,.T.);
#8556=EDGE_CURVE('',#9873,#9874,#1619,.T.);
#8557=EDGE_CURVE('',#9791,#9873,#1620,.T.);
#8558=EDGE_CURVE('',#9790,#9874,#1621,.T.);
#8559=EDGE_CURVE('',#9875,#9873,#1622,.T.);
#8560=EDGE_CURVE('',#9788,#9875,#1623,.T.);
#8561=EDGE_CURVE('',#9876,#9875,#1624,.T.);
#8562=EDGE_CURVE('',#9789,#9876,#1625,.T.);
#8563=EDGE_CURVE('',#9874,#9876,#1626,.T.);
#8564=EDGE_CURVE('',#9877,#9878,#1627,.T.);
#8565=EDGE_CURVE('',#9792,#9877,#1628,.T.);
#8566=EDGE_CURVE('',#9795,#9878,#1629,.T.);
#8567=EDGE_CURVE('',#9879,#9877,#1630,.T.);
#8568=EDGE_CURVE('',#9793,#9879,#1631,.T.);
#8569=EDGE_CURVE('',#9880,#9879,#1632,.T.);
#8570=EDGE_CURVE('',#9794,#9880,#1633,.T.);
#8571=EDGE_CURVE('',#9878,#9880,#1634,.T.);
#8572=EDGE_CURVE('',#9881,#9882,#1635,.T.);
#8573=EDGE_CURVE('',#9803,#9881,#1636,.T.);
#8574=EDGE_CURVE('',#9802,#9882,#1637,.T.);
#8575=EDGE_CURVE('',#9883,#9881,#1638,.T.);
#8576=EDGE_CURVE('',#9800,#9883,#1639,.T.);
#8577=EDGE_CURVE('',#9884,#9883,#1640,.T.);
#8578=EDGE_CURVE('',#9801,#9884,#1641,.T.);
#8579=EDGE_CURVE('',#9882,#9884,#1642,.T.);
#8580=EDGE_CURVE('',#9885,#9885,#10208,.T.);
#8581=EDGE_CURVE('',#9886,#9886,#10209,.T.);
#8582=EDGE_CURVE('',#9887,#9887,#10210,.F.);
#8583=EDGE_CURVE('',#9888,#9888,#10211,.F.);
#8584=EDGE_CURVE('',#9889,#9890,#1643,.T.);
#8585=EDGE_CURVE('',#9811,#9890,#1644,.T.);
#8586=EDGE_CURVE('',#9810,#9889,#1645,.T.);
#8587=EDGE_CURVE('',#9890,#9891,#1646,.T.);
#8588=EDGE_CURVE('',#9808,#9891,#1647,.T.);
#8589=EDGE_CURVE('',#9891,#9892,#1648,.T.);
#8590=EDGE_CURVE('',#9809,#9892,#1649,.T.);
#8591=EDGE_CURVE('',#9892,#9889,#1650,.T.);
#8592=EDGE_CURVE('',#9893,#9894,#1651,.T.);
#8593=EDGE_CURVE('',#9819,#9894,#1652,.T.);
#8594=EDGE_CURVE('',#9818,#9893,#1653,.T.);
#8595=EDGE_CURVE('',#9894,#9895,#1654,.T.);
#8596=EDGE_CURVE('',#9816,#9895,#1655,.T.);
#8597=EDGE_CURVE('',#9895,#9896,#1656,.T.);
#8598=EDGE_CURVE('',#9817,#9896,#1657,.T.);
#8599=EDGE_CURVE('',#9896,#9893,#1658,.T.);
#8600=EDGE_CURVE('',#9897,#9897,#10212,.F.);
#8601=EDGE_CURVE('',#9898,#9898,#10213,.F.);
#8602=EDGE_CURVE('',#9899,#9900,#1659,.T.);
#8603=EDGE_CURVE('',#9825,#9899,#1660,.T.);
#8604=EDGE_CURVE('',#9824,#9900,#1661,.T.);
#8605=EDGE_CURVE('',#9901,#9899,#1662,.T.);
#8606=EDGE_CURVE('',#9822,#9901,#1663,.T.);
#8607=EDGE_CURVE('',#9902,#9901,#1664,.T.);
#8608=EDGE_CURVE('',#9823,#9902,#1665,.T.);
#8609=EDGE_CURVE('',#9900,#9902,#1666,.T.);
#8610=EDGE_CURVE('',#9813,#9903,#1667,.T.);
#8611=EDGE_CURVE('',#9815,#9904,#1668,.T.);
#8612=EDGE_CURVE('',#9904,#9903,#1669,.T.);
#8613=EDGE_CURVE('',#9812,#9905,#1670,.T.);
#8614=EDGE_CURVE('',#9903,#9905,#1671,.T.);
#8615=EDGE_CURVE('',#9814,#9906,#1672,.T.);
#8616=EDGE_CURVE('',#9905,#9906,#1673,.T.);
#8617=EDGE_CURVE('',#9906,#9904,#1674,.T.);
#8618=EDGE_CURVE('',#9615,#9718,#1675,.F.);
#8619=EDGE_CURVE('',#9612,#9717,#1676,.F.);
#8620=EDGE_CURVE('',#9614,#9907,#1677,.T.);
#8621=EDGE_CURVE('',#9907,#9908,#1678,.T.);
#8622=EDGE_CURVE('',#9908,#9909,#1679,.T.);
#8623=EDGE_CURVE('',#9910,#9909,#1680,.T.);
#8624=EDGE_CURVE('',#9910,#9719,#1681,.F.);
#8625=EDGE_CURVE('',#9911,#9720,#1682,.F.);
#8626=EDGE_CURVE('',#9911,#9910,#1683,.F.);
#8627=EDGE_CURVE('',#9912,#9913,#1684,.T.);
#8628=EDGE_CURVE('',#9913,#9613,#1685,.T.);
#8629=EDGE_CURVE('',#9914,#9911,#1686,.T.);
#8630=EDGE_CURVE('',#9914,#9912,#1687,.T.);
#8631=EDGE_CURVE('',#9798,#9915,#1688,.T.);
#8632=EDGE_CURVE('',#9796,#9916,#1689,.T.);
#8633=EDGE_CURVE('',#9915,#9916,#1690,.T.);
#8634=EDGE_CURVE('',#9799,#9917,#1691,.T.);
#8635=EDGE_CURVE('',#9917,#9915,#1692,.T.);
#8636=EDGE_CURVE('',#9797,#9918,#1693,.T.);
#8637=EDGE_CURVE('',#9918,#9917,#1694,.T.);
#8638=EDGE_CURVE('',#9916,#9918,#1695,.T.);
#8639=EDGE_CURVE('',#9786,#9919,#1696,.T.);
#8640=EDGE_CURVE('',#9784,#9920,#1697,.T.);
#8641=EDGE_CURVE('',#9919,#9920,#1698,.T.);
#8642=EDGE_CURVE('',#9787,#9921,#1699,.T.);
#8643=EDGE_CURVE('',#9921,#9919,#1700,.T.);
#8644=EDGE_CURVE('',#9785,#9922,#1701,.T.);
#8645=EDGE_CURVE('',#9922,#9921,#1702,.T.);
#8646=EDGE_CURVE('',#9920,#9922,#1703,.T.);
#8647=EDGE_CURVE('',#9774,#9599,#1704,.T.);
#8648=EDGE_CURVE('',#9772,#9596,#1705,.T.);
#8649=EDGE_CURVE('',#9775,#9598,#1706,.T.);
#8650=EDGE_CURVE('',#9773,#9597,#1707,.T.);
#8651=EDGE_CURVE('',#9762,#9603,#1708,.T.);
#8652=EDGE_CURVE('',#9760,#9600,#1709,.T.);
#8653=EDGE_CURVE('',#9763,#9602,#1710,.T.);
#8654=EDGE_CURVE('',#9761,#9601,#1711,.T.);
#8655=EDGE_CURVE('',#9750,#9607,#1712,.T.);
#8656=EDGE_CURVE('',#9748,#9604,#1713,.T.);
#8657=EDGE_CURVE('',#9751,#9606,#1714,.T.);
#8658=EDGE_CURVE('',#9749,#9605,#1715,.T.);
#8659=EDGE_CURVE('',#9738,#9611,#1716,.T.);
#8660=EDGE_CURVE('',#9736,#9608,#1717,.T.);
#8661=EDGE_CURVE('',#9739,#9610,#1718,.T.);
#8662=EDGE_CURVE('',#9737,#9609,#1719,.T.);
#8663=EDGE_CURVE('',#9909,#9914,#1720,.T.);
#8664=EDGE_CURVE('',#9912,#9908,#1721,.T.);
#8665=EDGE_CURVE('',#9913,#9907,#1722,.T.);
#8666=EDGE_CURVE('',#9663,#9666,#1723,.T.);
#8667=EDGE_CURVE('',#9660,#9665,#1724,.T.);
#8668=EDGE_CURVE('',#9923,#9923,#10214,.T.);
#8669=EDGE_CURVE('',#9924,#9924,#10215,.T.);
#8670=EDGE_CURVE('',#9925,#9925,#10216,.F.);
#8671=EDGE_CURVE('',#9926,#9926,#10217,.T.);
#8672=EDGE_CURVE('',#9927,#9927,#10218,.T.);
#8673=EDGE_CURVE('',#9928,#9928,#10219,.T.);
#8674=EDGE_CURVE('',#9929,#9929,#10220,.T.);
#8675=EDGE_CURVE('',#9930,#9930,#10221,.T.);
#8676=EDGE_CURVE('',#9931,#9931,#10222,.T.);
#8677=EDGE_CURVE('',#9932,#9932,#10223,.T.);
#8678=EDGE_CURVE('',#9933,#9933,#10224,.T.);
#8679=EDGE_CURVE('',#9934,#9934,#10225,.T.);
#8680=EDGE_CURVE('',#9935,#9935,#10226,.T.);
#8681=EDGE_CURVE('',#9936,#9936,#10227,.T.);
#8682=EDGE_CURVE('',#9937,#9937,#10228,.T.);
#8683=EDGE_CURVE('',#9938,#9938,#10229,.T.);
#8684=EDGE_CURVE('',#9939,#9939,#10230,.T.);
#8685=EDGE_CURVE('',#9940,#9940,#10231,.T.);
#8686=EDGE_CURVE('',#9941,#9941,#10232,.T.);
#8687=EDGE_CURVE('',#9942,#9942,#10233,.T.);
#8688=EDGE_CURVE('',#9943,#9944,#1725,.T.);
#8689=EDGE_CURVE('',#9944,#9945,#1726,.T.);
#8690=EDGE_CURVE('',#9945,#9946,#1727,.T.);
#8691=EDGE_CURVE('',#9946,#9943,#1728,.T.);
#8692=EDGE_CURVE('',#9947,#9948,#1729,.T.);
#8693=EDGE_CURVE('',#9947,#9949,#1730,.T.);
#8694=EDGE_CURVE('',#9950,#9949,#1731,.T.);
#8695=EDGE_CURVE('',#9950,#9948,#1732,.F.);
#8696=EDGE_CURVE('',#9951,#9952,#1733,.T.);
#8697=EDGE_CURVE('',#9952,#9953,#18,.T.);
#8698=EDGE_CURVE('',#9954,#9953,#1734,.T.);
#8699=EDGE_CURVE('',#9954,#9951,#19,.T.);
#8700=EDGE_CURVE('',#9955,#9956,#1735,.T.);
#8701=EDGE_CURVE('',#9955,#9957,#42,.F.);
#8702=EDGE_CURVE('',#9957,#9958,#1736,.T.);
#8703=EDGE_CURVE('',#9958,#9954,#43,.T.);
#8704=EDGE_CURVE('',#9953,#9959,#44,.T.);
#8705=EDGE_CURVE('',#9959,#9960,#1737,.T.);
#8706=EDGE_CURVE('',#9960,#9956,#45,.F.);
#8707=EDGE_CURVE('',#9961,#9962,#10234,.T.);
#8708=EDGE_CURVE('',#9962,#9955,#20,.T.);
#8709=EDGE_CURVE('',#9956,#9963,#21,.T.);
#8710=EDGE_CURVE('',#9963,#9964,#10235,.T.);
#8711=EDGE_CURVE('',#9961,#9964,#1738,.T.);
#8712=EDGE_CURVE('',#9965,#9966,#1739,.T.);
#8713=EDGE_CURVE('',#9965,#9967,#1740,.F.);
#8714=EDGE_CURVE('',#9968,#9967,#1741,.T.);
#8715=EDGE_CURVE('',#9968,#9969,#46,.F.);
#8716=EDGE_CURVE('',#9969,#9970,#1742,.T.);
#8717=EDGE_CURVE('',#9970,#9961,#1743,.T.);
#8718=EDGE_CURVE('',#9964,#9971,#1744,.T.);
#8719=EDGE_CURVE('',#9971,#9972,#1745,.T.);
#8720=EDGE_CURVE('',#9972,#9973,#47,.F.);
#8721=EDGE_CURVE('',#9973,#9974,#1746,.T.);
#8722=EDGE_CURVE('',#9974,#9966,#1747,.T.);
#8723=EDGE_CURVE('',#9975,#9976,#1748,.T.);
#8724=EDGE_CURVE('',#9975,#9965,#1749,.T.);
#8725=EDGE_CURVE('',#9966,#9976,#1750,.T.);
#8726=EDGE_CURVE('',#9977,#9978,#1751,.T.);
#8727=EDGE_CURVE('',#9977,#9975,#1752,.F.);
#8728=EDGE_CURVE('',#9976,#9979,#1753,.T.);
#8729=EDGE_CURVE('',#9979,#9980,#1754,.T.);
#8730=EDGE_CURVE('',#9980,#9981,#48,.F.);
#8731=EDGE_CURVE('',#9981,#9982,#1755,.T.);
#8732=EDGE_CURVE('',#9982,#9983,#1756,.T.);
#8733=EDGE_CURVE('',#9984,#9983,#1757,.T.);
#8734=EDGE_CURVE('',#9984,#9985,#1758,.T.);
#8735=EDGE_CURVE('',#9985,#9986,#1759,.T.);
#8736=EDGE_CURVE('',#9986,#9978,#49,.F.);
#8737=EDGE_CURVE('',#9987,#9988,#1760,.T.);
#8738=EDGE_CURVE('',#9987,#9989,#22,.T.);
#8739=EDGE_CURVE('',#9989,#9984,#10236,.F.);
#8740=EDGE_CURVE('',#9983,#9990,#10237,.F.);
#8741=EDGE_CURVE('',#9990,#9988,#23,.T.);
#8742=EDGE_CURVE('',#9991,#9992,#1761,.T.);
#8743=EDGE_CURVE('',#9992,#9993,#1762,.T.);
#8744=EDGE_CURVE('',#9993,#9994,#1763,.T.);
#8745=EDGE_CURVE('',#9994,#9995,#50,.T.);
#8746=EDGE_CURVE('',#9995,#9996,#1764,.T.);
#8747=EDGE_CURVE('',#9996,#9987,#51,.F.);
#8748=EDGE_CURVE('',#9988,#9997,#52,.F.);
#8749=EDGE_CURVE('',#9997,#9998,#1765,.T.);
#8750=EDGE_CURVE('',#9998,#9991,#53,.T.);
#8751=EDGE_CURVE('',#9999,#10000,#1766,.T.);
#8752=EDGE_CURVE('',#10000,#10001,#1767,.T.);
#8753=EDGE_CURVE('',#10001,#10002,#1768,.T.);
#8754=EDGE_CURVE('',#10002,#10003,#54,.T.);
#8755=EDGE_CURVE('',#10003,#10004,#1769,.T.);
#8756=EDGE_CURVE('',#10004,#10005,#55,.F.);
#8757=EDGE_CURVE('',#10006,#10005,#1770,.T.);
#8758=EDGE_CURVE('',#10006,#10007,#56,.F.);
#8759=EDGE_CURVE('',#10007,#10008,#1771,.T.);
#8760=EDGE_CURVE('',#10008,#9999,#57,.T.);
#8761=EDGE_CURVE('',#10009,#10010,#10238,.F.);
#8762=EDGE_CURVE('',#10010,#10006,#24,.T.);
#8763=EDGE_CURVE('',#10005,#10011,#25,.T.);
#8764=EDGE_CURVE('',#10011,#10012,#10239,.F.);
#8765=EDGE_CURVE('',#10009,#10012,#1772,.T.);
#8766=EDGE_CURVE('',#9949,#10013,#1773,.T.);
#8767=EDGE_CURVE('',#10014,#10013,#1774,.T.);
#8768=EDGE_CURVE('',#10014,#9944,#1775,.F.);
#8769=EDGE_CURVE('',#9943,#10015,#58,.F.);
#8770=EDGE_CURVE('',#10015,#10016,#1776,.T.);
#8771=EDGE_CURVE('',#10016,#10009,#1777,.T.);
#8772=EDGE_CURVE('',#10012,#10017,#1778,.T.);
#8773=EDGE_CURVE('',#10017,#10018,#1779,.T.);
#8774=EDGE_CURVE('',#10018,#9950,#59,.F.);
#8775=EDGE_CURVE('',#10013,#10019,#1780,.T.);
#8776=EDGE_CURVE('',#10020,#10019,#1781,.T.);
#8777=EDGE_CURVE('',#10020,#10014,#1782,.T.);
#8778=EDGE_CURVE('',#10019,#9947,#1783,.T.);
#8779=EDGE_CURVE('',#9948,#10021,#60,.F.);
#8780=EDGE_CURVE('',#10021,#10022,#1784,.T.);
#8781=EDGE_CURVE('',#10022,#10023,#1785,.T.);
#8782=EDGE_CURVE('',#10024,#10023,#1786,.T.);
#8783=EDGE_CURVE('',#10024,#10025,#1787,.T.);
#8784=EDGE_CURVE('',#10025,#10026,#1788,.T.);
#8785=EDGE_CURVE('',#10026,#9946,#61,.F.);
#8786=EDGE_CURVE('',#9945,#10020,#1789,.F.);
#8787=EDGE_CURVE('',#10027,#10028,#1790,.T.);
#8788=EDGE_CURVE('',#10027,#10029,#26,.T.);
#8789=EDGE_CURVE('',#10029,#10024,#10240,.T.);
#8790=EDGE_CURVE('',#10023,#10030,#10241,.T.);
#8791=EDGE_CURVE('',#10030,#10028,#27,.T.);
#8792=EDGE_CURVE('',#10031,#10032,#1791,.T.);
#8793=EDGE_CURVE('',#10032,#10027,#62,.F.);
#8794=EDGE_CURVE('',#10028,#10033,#63,.F.);
#8795=EDGE_CURVE('',#10033,#10034,#1792,.T.);
#8796=EDGE_CURVE('',#10034,#10035,#64,.T.);
#8797=EDGE_CURVE('',#10036,#10035,#1793,.T.);
#8798=EDGE_CURVE('',#10036,#10031,#65,.T.);
#8799=EDGE_CURVE('',#10035,#10037,#28,.T.);
#8800=EDGE_CURVE('',#10038,#10037,#1794,.T.);
#8801=EDGE_CURVE('',#10038,#10036,#29,.T.);
#8802=EDGE_CURVE('',#10039,#10040,#1795,.T.);
#8803=EDGE_CURVE('',#10040,#10041,#1796,.F.);
#8804=EDGE_CURVE('',#10041,#10042,#1797,.T.);
#8805=EDGE_CURVE('',#10042,#10038,#66,.T.);
#8806=EDGE_CURVE('',#10037,#10039,#67,.T.);
#8807=EDGE_CURVE('',#10043,#10044,#1798,.T.);
#8808=EDGE_CURVE('',#10043,#10045,#1799,.T.);
#8809=EDGE_CURVE('',#10045,#10046,#1800,.T.);
#8810=EDGE_CURVE('',#10046,#10044,#1801,.F.);
#8811=EDGE_CURVE('',#10047,#10048,#1802,.T.);
#8812=EDGE_CURVE('',#10048,#10049,#1803,.T.);
#8813=EDGE_CURVE('',#10049,#10050,#1804,.T.);
#8814=EDGE_CURVE('',#10050,#9952,#68,.T.);
#8815=EDGE_CURVE('',#9951,#10047,#69,.T.);
#8816=EDGE_CURVE('',#9967,#9977,#1805,.T.);
#8817=EDGE_CURVE('',#9978,#9968,#1806,.T.);
#8818=EDGE_CURVE('',#9979,#9974,#1807,.T.);
#8819=EDGE_CURVE('',#9973,#9980,#1808,.F.);
#8820=EDGE_CURVE('',#10045,#10040,#10242,.F.);
#8821=EDGE_CURVE('',#10039,#10002,#1809,.T.);
#8822=EDGE_CURVE('',#10001,#10051,#1810,.T.);
#8823=EDGE_CURVE('',#10051,#10052,#1811,.T.);
#8824=EDGE_CURVE('',#10052,#9992,#1812,.T.);
#8825=EDGE_CURVE('',#9991,#10050,#1813,.F.);
#8826=EDGE_CURVE('',#10049,#10046,#10243,.F.);
#8827=EDGE_CURVE('',#10041,#10043,#10244,.F.);
#8828=EDGE_CURVE('',#10044,#10048,#10245,.F.);
#8829=EDGE_CURVE('',#10047,#9994,#1814,.T.);
#8830=EDGE_CURVE('',#9993,#10053,#1815,.T.);
#8831=EDGE_CURVE('',#10053,#10054,#1816,.T.);
#8832=EDGE_CURVE('',#10054,#10000,#1817,.T.);
#8833=EDGE_CURVE('',#9999,#10042,#1818,.F.);
#8834=EDGE_CURVE('',#9995,#9958,#1819,.F.);
#8835=EDGE_CURVE('',#9957,#9996,#1820,.T.);
#8836=EDGE_CURVE('',#9989,#9962,#1821,.F.);
#8837=EDGE_CURVE('',#9970,#9985,#1822,.T.);
#8838=EDGE_CURVE('',#9969,#9986,#1823,.F.);
#8839=EDGE_CURVE('',#9963,#9990,#1824,.T.);
#8840=EDGE_CURVE('',#9971,#9982,#1825,.T.);
#8841=EDGE_CURVE('',#9997,#9960,#1826,.F.);
#8842=EDGE_CURVE('',#9959,#9998,#1827,.T.);
#8843=EDGE_CURVE('',#9981,#9972,#1828,.T.);
#8844=EDGE_CURVE('',#10015,#10026,#1829,.F.);
#8845=EDGE_CURVE('',#10025,#10016,#1830,.T.);
#8846=EDGE_CURVE('',#10029,#10010,#1831,.T.);
#8847=EDGE_CURVE('',#10031,#10008,#1832,.T.);
#8848=EDGE_CURVE('',#10007,#10032,#1833,.F.);
#8849=EDGE_CURVE('',#10021,#10018,#1834,.T.);
#8850=EDGE_CURVE('',#10022,#10017,#1835,.T.);
#8851=EDGE_CURVE('',#10011,#10030,#1836,.F.);
#8852=EDGE_CURVE('',#10033,#10004,#1837,.T.);
#8853=EDGE_CURVE('',#10003,#10034,#1838,.F.);
#8854=EDGE_CURVE('',#10052,#10053,#1839,.T.);
#8855=EDGE_CURVE('',#10051,#10054,#1840,.T.);
#8856=EDGE_CURVE('',#10055,#10055,#10246,.T.);
#8857=EDGE_CURVE('',#10056,#10057,#10247,.T.);
#8858=EDGE_CURVE('',#10057,#10058,#30,.T.);
#8859=EDGE_CURVE('',#10059,#10058,#10248,.T.);
#8860=EDGE_CURVE('',#10059,#10056,#31,.T.);
#8861=EDGE_CURVE('',#10060,#10061,#10249,.T.);
#8862=EDGE_CURVE('',#10060,#10062,#32,.T.);
#8863=EDGE_CURVE('',#10062,#10063,#10250,.T.);
#8864=EDGE_CURVE('',#10061,#10063,#33,.T.);
#8865=EDGE_CURVE('',#10064,#10065,#34,.T.);
#8866=EDGE_CURVE('',#10064,#10066,#10251,.T.);
#8867=EDGE_CURVE('',#10066,#10067,#35,.T.);
#8868=EDGE_CURVE('',#10065,#10067,#10252,.T.);
#8869=EDGE_CURVE('',#10064,#10068,#1841,.T.);
#8870=EDGE_CURVE('',#10068,#10069,#1842,.T.);
#8871=EDGE_CURVE('',#10057,#10069,#1843,.T.);
#8872=EDGE_CURVE('',#10056,#10070,#1844,.T.);
#8873=EDGE_CURVE('',#10070,#10071,#1845,.T.);
#8874=EDGE_CURVE('',#10063,#10071,#1846,.T.);
#8875=EDGE_CURVE('',#10072,#10062,#1847,.T.);
#8876=EDGE_CURVE('',#10073,#10072,#1848,.T.);
#8877=EDGE_CURVE('',#10073,#10074,#1849,.T.);
#8878=EDGE_CURVE('',#10075,#10074,#10253,.T.);
#8879=EDGE_CURVE('',#10076,#10075,#1850,.T.);
#8880=EDGE_CURVE('',#10077,#10076,#1851,.T.);
#8881=EDGE_CURVE('',#10077,#10066,#1852,.T.);
#8882=EDGE_CURVE('',#10078,#10078,#10254,.T.);
#8883=EDGE_CURVE('',#10079,#10080,#10255,.T.);
#8884=EDGE_CURVE('',#10080,#10081,#1853,.T.);
#8885=EDGE_CURVE('',#10081,#10082,#1854,.T.);
#8886=EDGE_CURVE('',#10060,#10082,#1855,.T.);
#8887=EDGE_CURVE('',#10083,#10061,#1856,.T.);
#8888=EDGE_CURVE('',#10084,#10083,#1857,.T.);
#8889=EDGE_CURVE('',#10084,#10059,#1858,.T.);
#8890=EDGE_CURVE('',#10085,#10058,#1859,.T.);
#8891=EDGE_CURVE('',#10086,#10085,#1860,.T.);
#8892=EDGE_CURVE('',#10086,#10065,#1861,.T.);
#8893=EDGE_CURVE('',#10067,#10087,#1862,.T.);
#8894=EDGE_CURVE('',#10087,#10088,#1863,.T.);
#8895=EDGE_CURVE('',#10079,#10088,#1864,.T.);
#8896=EDGE_CURVE('',#10080,#10074,#36,.T.);
#8897=EDGE_CURVE('',#10075,#10079,#37,.T.);
#8898=EDGE_CURVE('',#10089,#10089,#10256,.T.);
#8899=EDGE_CURVE('',#10090,#10090,#10257,.T.);
#8900=EDGE_CURVE('',#10091,#10091,#10258,.T.);
#8901=EDGE_CURVE('',#10092,#10092,#10259,.F.);
#8902=EDGE_CURVE('',#10070,#10084,#1865,.T.);
#8903=EDGE_CURVE('',#10071,#10083,#1866,.T.);
#8904=EDGE_CURVE('',#10087,#10077,#1867,.T.);
#8905=EDGE_CURVE('',#10088,#10076,#1868,.T.);
#8906=EDGE_CURVE('',#10082,#10072,#1869,.T.);
#8907=EDGE_CURVE('',#10081,#10073,#1870,.T.);
#8908=EDGE_CURVE('',#10068,#10086,#1871,.T.);
#8909=EDGE_CURVE('',#10069,#10085,#1872,.T.);
#8910=VERTEX_POINT('',#17862);
#8911=VERTEX_POINT('',#17865);
#8912=VERTEX_POINT('',#17868);
#8913=VERTEX_POINT('',#17869);
#8914=VERTEX_POINT('',#17871);
#8915=VERTEX_POINT('',#17873);
#8916=VERTEX_POINT('',#17877);
#8917=VERTEX_POINT('',#17878);
#8918=VERTEX_POINT('',#17880);
#8919=VERTEX_POINT('',#17882);
#8920=VERTEX_POINT('',#17886);
#8921=VERTEX_POINT('',#17888);
#8922=VERTEX_POINT('',#17890);
#8923=VERTEX_POINT('',#17894);
#8924=VERTEX_POINT('',#17896);
#8925=VERTEX_POINT('',#17900);
#8926=VERTEX_POINT('',#17907);
#8927=VERTEX_POINT('',#17908);
#8928=VERTEX_POINT('',#17910);
#8929=VERTEX_POINT('',#17912);
#8930=VERTEX_POINT('',#17916);
#8931=VERTEX_POINT('',#17918);
#8932=VERTEX_POINT('',#17922);
#8933=VERTEX_POINT('',#17926);
#8934=VERTEX_POINT('',#17932);
#8935=VERTEX_POINT('',#17934);
#8936=VERTEX_POINT('',#17938);
#8937=VERTEX_POINT('',#17943);
#8938=VERTEX_POINT('',#17945);
#8939=VERTEX_POINT('',#17950);
#8940=VERTEX_POINT('',#17960);
#8941=VERTEX_POINT('',#17961);
#8942=VERTEX_POINT('',#17963);
#8943=VERTEX_POINT('',#17965);
#8944=VERTEX_POINT('',#17968);
#8945=VERTEX_POINT('',#17969);
#8946=VERTEX_POINT('',#17971);
#8947=VERTEX_POINT('',#17973);
#8948=VERTEX_POINT('',#17976);
#8949=VERTEX_POINT('',#17977);
#8950=VERTEX_POINT('',#17979);
#8951=VERTEX_POINT('',#17981);
#8952=VERTEX_POINT('',#17984);
#8953=VERTEX_POINT('',#17985);
#8954=VERTEX_POINT('',#17987);
#8955=VERTEX_POINT('',#17989);
#8956=VERTEX_POINT('',#17991);
#8957=VERTEX_POINT('',#17993);
#8958=VERTEX_POINT('',#17995);
#8959=VERTEX_POINT('',#17997);
#8960=VERTEX_POINT('',#17999);
#8961=VERTEX_POINT('',#18001);
#8962=VERTEX_POINT('',#18003);
#8963=VERTEX_POINT('',#18005);
#8964=VERTEX_POINT('',#18007);
#8965=VERTEX_POINT('',#18009);
#8966=VERTEX_POINT('',#18011);
#8967=VERTEX_POINT('',#18013);
#8968=VERTEX_POINT('',#18016);
#8969=VERTEX_POINT('',#18017);
#8970=VERTEX_POINT('',#18019);
#8971=VERTEX_POINT('',#18021);
#8972=VERTEX_POINT('',#18025);
#8973=VERTEX_POINT('',#18027);
#8974=VERTEX_POINT('',#18031);
#8975=VERTEX_POINT('',#18035);
#8976=VERTEX_POINT('',#18042);
#8977=VERTEX_POINT('',#18045);
#8978=VERTEX_POINT('',#18048);
#8979=VERTEX_POINT('',#18051);
#8980=VERTEX_POINT('',#18054);
#8981=VERTEX_POINT('',#18055);
#8982=VERTEX_POINT('',#18057);
#8983=VERTEX_POINT('',#18059);
#8984=VERTEX_POINT('',#18063);
#8985=VERTEX_POINT('',#18065);
#8986=VERTEX_POINT('',#18069);
#8987=VERTEX_POINT('',#18071);
#8988=VERTEX_POINT('',#18075);
#8989=VERTEX_POINT('',#18078);
#8990=VERTEX_POINT('',#18082);
#8991=VERTEX_POINT('',#18086);
#8992=VERTEX_POINT('',#18090);
#8993=VERTEX_POINT('',#18094);
#8994=VERTEX_POINT('',#18097);
#8995=VERTEX_POINT('',#18100);
#8996=VERTEX_POINT('',#18103);
#8997=VERTEX_POINT('',#18106);
#8998=VERTEX_POINT('',#18110);
#8999=VERTEX_POINT('',#18112);
#9000=VERTEX_POINT('',#18114);
#9001=VERTEX_POINT('',#18118);
#9002=VERTEX_POINT('',#18120);
#9003=VERTEX_POINT('',#18122);
#9004=VERTEX_POINT('',#18124);
#9005=VERTEX_POINT('',#18125);
#9006=VERTEX_POINT('',#18128);
#9007=VERTEX_POINT('',#18130);
#9008=VERTEX_POINT('',#18132);
#9009=VERTEX_POINT('',#18134);
#9010=VERTEX_POINT('',#18138);
#9011=VERTEX_POINT('',#18141);
#9012=VERTEX_POINT('',#18146);
#9013=VERTEX_POINT('',#18147);
#9014=VERTEX_POINT('',#18149);
#9015=VERTEX_POINT('',#18151);
#9016=VERTEX_POINT('',#18155);
#9017=VERTEX_POINT('',#18156);
#9018=VERTEX_POINT('',#18158);
#9019=VERTEX_POINT('',#18160);
#9020=VERTEX_POINT('',#18164);
#9021=VERTEX_POINT('',#18166);
#9022=VERTEX_POINT('',#18168);
#9023=VERTEX_POINT('',#18172);
#9024=VERTEX_POINT('',#18174);
#9025=VERTEX_POINT('',#18178);
#9026=VERTEX_POINT('',#18185);
#9027=VERTEX_POINT('',#18186);
#9028=VERTEX_POINT('',#18188);
#9029=VERTEX_POINT('',#18190);
#9030=VERTEX_POINT('',#18194);
#9031=VERTEX_POINT('',#18196);
#9032=VERTEX_POINT('',#18200);
#9033=VERTEX_POINT('',#18204);
#9034=VERTEX_POINT('',#18210);
#9035=VERTEX_POINT('',#18212);
#9036=VERTEX_POINT('',#18216);
#9037=VERTEX_POINT('',#18221);
#9038=VERTEX_POINT('',#18223);
#9039=VERTEX_POINT('',#18228);
#9040=VERTEX_POINT('',#18238);
#9041=VERTEX_POINT('',#18240);
#9042=VERTEX_POINT('',#18244);
#9043=VERTEX_POINT('',#18245);
#9044=VERTEX_POINT('',#18247);
#9045=VERTEX_POINT('',#18249);
#9046=VERTEX_POINT('',#18253);
#9047=VERTEX_POINT('',#18255);
#9048=VERTEX_POINT('',#18257);
#9049=VERTEX_POINT('',#18261);
#9050=VERTEX_POINT('',#18263);
#9051=VERTEX_POINT('',#18267);
#9052=VERTEX_POINT('',#18274);
#9053=VERTEX_POINT('',#18275);
#9054=VERTEX_POINT('',#18277);
#9055=VERTEX_POINT('',#18279);
#9056=VERTEX_POINT('',#18283);
#9057=VERTEX_POINT('',#18285);
#9058=VERTEX_POINT('',#18289);
#9059=VERTEX_POINT('',#18293);
#9060=VERTEX_POINT('',#18302);
#9061=VERTEX_POINT('',#18307);
#9062=VERTEX_POINT('',#18309);
#9063=VERTEX_POINT('',#18314);
#9064=VERTEX_POINT('',#18324);
#9065=VERTEX_POINT('',#18326);
#9066=VERTEX_POINT('',#18330);
#9067=VERTEX_POINT('',#18331);
#9068=VERTEX_POINT('',#18333);
#9069=VERTEX_POINT('',#18335);
#9070=VERTEX_POINT('',#18339);
#9071=VERTEX_POINT('',#18341);
#9072=VERTEX_POINT('',#18343);
#9073=VERTEX_POINT('',#18347);
#9074=VERTEX_POINT('',#18349);
#9075=VERTEX_POINT('',#18353);
#9076=VERTEX_POINT('',#18360);
#9077=VERTEX_POINT('',#18361);
#9078=VERTEX_POINT('',#18363);
#9079=VERTEX_POINT('',#18365);
#9080=VERTEX_POINT('',#18369);
#9081=VERTEX_POINT('',#18371);
#9082=VERTEX_POINT('',#18375);
#9083=VERTEX_POINT('',#18379);
#9084=VERTEX_POINT('',#18388);
#9085=VERTEX_POINT('',#18393);
#9086=VERTEX_POINT('',#18395);
#9087=VERTEX_POINT('',#18400);
#9088=VERTEX_POINT('',#18410);
#9089=VERTEX_POINT('',#18412);
#9090=VERTEX_POINT('',#18416);
#9091=VERTEX_POINT('',#18417);
#9092=VERTEX_POINT('',#18419);
#9093=VERTEX_POINT('',#18421);
#9094=VERTEX_POINT('',#18425);
#9095=VERTEX_POINT('',#18427);
#9096=VERTEX_POINT('',#18429);
#9097=VERTEX_POINT('',#18433);
#9098=VERTEX_POINT('',#18435);
#9099=VERTEX_POINT('',#18439);
#9100=VERTEX_POINT('',#18446);
#9101=VERTEX_POINT('',#18447);
#9102=VERTEX_POINT('',#18449);
#9103=VERTEX_POINT('',#18451);
#9104=VERTEX_POINT('',#18455);
#9105=VERTEX_POINT('',#18457);
#9106=VERTEX_POINT('',#18461);
#9107=VERTEX_POINT('',#18465);
#9108=VERTEX_POINT('',#18474);
#9109=VERTEX_POINT('',#18479);
#9110=VERTEX_POINT('',#18481);
#9111=VERTEX_POINT('',#18486);
#9112=VERTEX_POINT('',#18496);
#9113=VERTEX_POINT('',#18498);
#9114=VERTEX_POINT('',#18502);
#9115=VERTEX_POINT('',#18503);
#9116=VERTEX_POINT('',#18505);
#9117=VERTEX_POINT('',#18507);
#9118=VERTEX_POINT('',#18511);
#9119=VERTEX_POINT('',#18513);
#9120=VERTEX_POINT('',#18515);
#9121=VERTEX_POINT('',#18519);
#9122=VERTEX_POINT('',#18521);
#9123=VERTEX_POINT('',#18525);
#9124=VERTEX_POINT('',#18532);
#9125=VERTEX_POINT('',#18533);
#9126=VERTEX_POINT('',#18535);
#9127=VERTEX_POINT('',#18537);
#9128=VERTEX_POINT('',#18541);
#9129=VERTEX_POINT('',#18543);
#9130=VERTEX_POINT('',#18547);
#9131=VERTEX_POINT('',#18551);
#9132=VERTEX_POINT('',#18560);
#9133=VERTEX_POINT('',#18565);
#9134=VERTEX_POINT('',#18567);
#9135=VERTEX_POINT('',#18572);
#9136=VERTEX_POINT('',#18582);
#9137=VERTEX_POINT('',#18584);
#9138=VERTEX_POINT('',#18588);
#9139=VERTEX_POINT('',#18590);
#9140=VERTEX_POINT('',#18594);
#9141=VERTEX_POINT('',#18597);
#9142=VERTEX_POINT('',#18601);
#9143=VERTEX_POINT('',#18605);
#9144=VERTEX_POINT('',#18612);
#9145=VERTEX_POINT('',#18613);
#9146=VERTEX_POINT('',#18615);
#9147=VERTEX_POINT('',#18617);
#9148=VERTEX_POINT('',#18621);
#9149=VERTEX_POINT('',#18623);
#9150=VERTEX_POINT('',#18627);
#9151=VERTEX_POINT('',#18631);
#9152=VERTEX_POINT('',#18640);
#9153=VERTEX_POINT('',#18645);
#9154=VERTEX_POINT('',#18647);
#9155=VERTEX_POINT('',#18652);
#9156=VERTEX_POINT('',#18662);
#9157=VERTEX_POINT('',#18664);
#9158=VERTEX_POINT('',#18668);
#9159=VERTEX_POINT('',#18670);
#9160=VERTEX_POINT('',#18674);
#9161=VERTEX_POINT('',#18675);
#9162=VERTEX_POINT('',#18677);
#9163=VERTEX_POINT('',#18679);
#9164=VERTEX_POINT('',#18685);
#9165=VERTEX_POINT('',#18687);
#9166=VERTEX_POINT('',#18691);
#9167=VERTEX_POINT('',#18695);
#9168=VERTEX_POINT('',#18698);
#9169=VERTEX_POINT('',#18700);
#9170=VERTEX_POINT('',#18702);
#9171=VERTEX_POINT('',#18704);
#9172=VERTEX_POINT('',#18706);
#9173=VERTEX_POINT('',#18707);
#9174=VERTEX_POINT('',#18709);
#9175=VERTEX_POINT('',#18711);
#9176=VERTEX_POINT('',#18714);
#9177=VERTEX_POINT('',#18715);
#9178=VERTEX_POINT('',#18717);
#9179=VERTEX_POINT('',#18719);
#9180=VERTEX_POINT('',#18733);
#9181=VERTEX_POINT('',#18735);
#9182=VERTEX_POINT('',#18739);
#9183=VERTEX_POINT('',#18743);
#9184=VERTEX_POINT('',#18749);
#9185=VERTEX_POINT('',#18751);
#9186=VERTEX_POINT('',#18755);
#9187=VERTEX_POINT('',#18759);
#9188=VERTEX_POINT('',#18765);
#9189=VERTEX_POINT('',#18766);
#9190=VERTEX_POINT('',#18768);
#9191=VERTEX_POINT('',#18770);
#9192=VERTEX_POINT('',#18784);
#9193=VERTEX_POINT('',#18785);
#9194=VERTEX_POINT('',#18787);
#9195=VERTEX_POINT('',#18789);
#9196=VERTEX_POINT('',#18803);
#9197=VERTEX_POINT('',#18805);
#9198=VERTEX_POINT('',#18809);
#9199=VERTEX_POINT('',#18813);
#9200=VERTEX_POINT('',#18823);
#9201=VERTEX_POINT('',#18827);
#9202=VERTEX_POINT('',#18834);
#9203=VERTEX_POINT('',#18837);
#9204=VERTEX_POINT('',#18840);
#9205=VERTEX_POINT('',#18844);
#9206=VERTEX_POINT('',#18847);
#9207=VERTEX_POINT('',#18850);
#9208=VERTEX_POINT('',#18873);
#9209=VERTEX_POINT('',#18874);
#9210=VERTEX_POINT('',#18876);
#9211=VERTEX_POINT('',#18878);
#9212=VERTEX_POINT('',#18882);
#9213=VERTEX_POINT('',#18884);
#9214=VERTEX_POINT('',#18888);
#9215=VERTEX_POINT('',#18890);
#9216=VERTEX_POINT('',#18894);
#9217=VERTEX_POINT('',#18895);
#9218=VERTEX_POINT('',#18897);
#9219=VERTEX_POINT('',#18899);
#9220=VERTEX_POINT('',#18906);
#9221=VERTEX_POINT('',#18908);
#9222=VERTEX_POINT('',#18912);
#9223=VERTEX_POINT('',#18914);
#9224=VERTEX_POINT('',#18922);
#9225=VERTEX_POINT('',#18923);
#9226=VERTEX_POINT('',#18925);
#9227=VERTEX_POINT('',#18927);
#9228=VERTEX_POINT('',#18930);
#9229=VERTEX_POINT('',#18931);
#9230=VERTEX_POINT('',#18933);
#9231=VERTEX_POINT('',#18935);
#9232=VERTEX_POINT('',#18938);
#9233=VERTEX_POINT('',#18939);
#9234=VERTEX_POINT('',#18941);
#9235=VERTEX_POINT('',#18943);
#9236=VERTEX_POINT('',#18946);
#9237=VERTEX_POINT('',#18947);
#9238=VERTEX_POINT('',#18949);
#9239=VERTEX_POINT('',#18951);
#9240=VERTEX_POINT('',#18954);
#9241=VERTEX_POINT('',#18955);
#9242=VERTEX_POINT('',#18957);
#9243=VERTEX_POINT('',#18959);
#9244=VERTEX_POINT('',#18962);
#9245=VERTEX_POINT('',#18963);
#9246=VERTEX_POINT('',#18965);
#9247=VERTEX_POINT('',#18967);
#9248=VERTEX_POINT('',#18970);
#9249=VERTEX_POINT('',#18971);
#9250=VERTEX_POINT('',#18973);
#9251=VERTEX_POINT('',#18975);
#9252=VERTEX_POINT('',#18978);
#9253=VERTEX_POINT('',#18979);
#9254=VERTEX_POINT('',#18981);
#9255=VERTEX_POINT('',#18983);
#9256=VERTEX_POINT('',#18986);
#9257=VERTEX_POINT('',#18987);
#9258=VERTEX_POINT('',#18989);
#9259=VERTEX_POINT('',#18991);
#9260=VERTEX_POINT('',#18994);
#9261=VERTEX_POINT('',#18995);
#9262=VERTEX_POINT('',#18997);
#9263=VERTEX_POINT('',#18999);
#9264=VERTEX_POINT('',#19002);
#9265=VERTEX_POINT('',#19003);
#9266=VERTEX_POINT('',#19005);
#9267=VERTEX_POINT('',#19007);
#9268=VERTEX_POINT('',#19010);
#9269=VERTEX_POINT('',#19011);
#9270=VERTEX_POINT('',#19013);
#9271=VERTEX_POINT('',#19015);
#9272=VERTEX_POINT('',#19018);
#9273=VERTEX_POINT('',#19019);
#9274=VERTEX_POINT('',#19021);
#9275=VERTEX_POINT('',#19023);
#9276=VERTEX_POINT('',#19026);
#9277=VERTEX_POINT('',#19027);
#9278=VERTEX_POINT('',#19029);
#9279=VERTEX_POINT('',#19031);
#9280=VERTEX_POINT('',#19034);
#9281=VERTEX_POINT('',#19035);
#9282=VERTEX_POINT('',#19037);
#9283=VERTEX_POINT('',#19039);
#9284=VERTEX_POINT('',#19041);
#9285=VERTEX_POINT('',#19043);
#9286=VERTEX_POINT('',#19045);
#9287=VERTEX_POINT('',#19047);
#9288=VERTEX_POINT('',#19050);
#9289=VERTEX_POINT('',#19051);
#9290=VERTEX_POINT('',#19053);
#9291=VERTEX_POINT('',#19055);
#9292=VERTEX_POINT('',#19058);
#9293=VERTEX_POINT('',#19059);
#9294=VERTEX_POINT('',#19061);
#9295=VERTEX_POINT('',#19063);
#9296=VERTEX_POINT('',#19066);
#9297=VERTEX_POINT('',#19067);
#9298=VERTEX_POINT('',#19069);
#9299=VERTEX_POINT('',#19071);
#9300=VERTEX_POINT('',#19073);
#9301=VERTEX_POINT('',#19075);
#9302=VERTEX_POINT('',#19077);
#9303=VERTEX_POINT('',#19079);
#9304=VERTEX_POINT('',#19083);
#9305=VERTEX_POINT('',#19084);
#9306=VERTEX_POINT('',#19086);
#9307=VERTEX_POINT('',#19088);
#9308=VERTEX_POINT('',#19092);
#9309=VERTEX_POINT('',#19094);
#9310=VERTEX_POINT('',#19097);
#9311=VERTEX_POINT('',#19099);
#9312=VERTEX_POINT('',#19103);
#9313=VERTEX_POINT('',#19107);
#9314=VERTEX_POINT('',#19109);
#9315=VERTEX_POINT('',#19111);
#9316=VERTEX_POINT('',#19116);
#9317=VERTEX_POINT('',#19118);
#9318=VERTEX_POINT('',#19120);
#9319=VERTEX_POINT('',#19122);
#9320=VERTEX_POINT('',#19124);
#9321=VERTEX_POINT('',#19126);
#9322=VERTEX_POINT('',#19130);
#9323=VERTEX_POINT('',#19134);
#9324=VERTEX_POINT('',#19136);
#9325=VERTEX_POINT('',#19138);
#9326=VERTEX_POINT('',#19140);
#9327=VERTEX_POINT('',#19142);
#9328=VERTEX_POINT('',#19163);
#9329=VERTEX_POINT('',#19164);
#9330=VERTEX_POINT('',#19166);
#9331=VERTEX_POINT('',#19168);
#9332=VERTEX_POINT('',#19172);
#9333=VERTEX_POINT('',#19174);
#9334=VERTEX_POINT('',#19177);
#9335=VERTEX_POINT('',#19179);
#9336=VERTEX_POINT('',#19183);
#9337=VERTEX_POINT('',#19187);
#9338=VERTEX_POINT('',#19189);
#9339=VERTEX_POINT('',#19191);
#9340=VERTEX_POINT('',#19196);
#9341=VERTEX_POINT('',#19198);
#9342=VERTEX_POINT('',#19200);
#9343=VERTEX_POINT('',#19202);
#9344=VERTEX_POINT('',#19204);
#9345=VERTEX_POINT('',#19206);
#9346=VERTEX_POINT('',#19210);
#9347=VERTEX_POINT('',#19214);
#9348=VERTEX_POINT('',#19216);
#9349=VERTEX_POINT('',#19218);
#9350=VERTEX_POINT('',#19220);
#9351=VERTEX_POINT('',#19222);
#9352=VERTEX_POINT('',#19243);
#9353=VERTEX_POINT('',#19244);
#9354=VERTEX_POINT('',#19246);
#9355=VERTEX_POINT('',#19248);
#9356=VERTEX_POINT('',#19252);
#9357=VERTEX_POINT('',#19254);
#9358=VERTEX_POINT('',#19257);
#9359=VERTEX_POINT('',#19259);
#9360=VERTEX_POINT('',#19263);
#9361=VERTEX_POINT('',#19267);
#9362=VERTEX_POINT('',#19269);
#9363=VERTEX_POINT('',#19271);
#9364=VERTEX_POINT('',#19276);
#9365=VERTEX_POINT('',#19278);
#9366=VERTEX_POINT('',#19280);
#9367=VERTEX_POINT('',#19282);
#9368=VERTEX_POINT('',#19284);
#9369=VERTEX_POINT('',#19286);
#9370=VERTEX_POINT('',#19290);
#9371=VERTEX_POINT('',#19294);
#9372=VERTEX_POINT('',#19296);
#9373=VERTEX_POINT('',#19298);
#9374=VERTEX_POINT('',#19300);
#9375=VERTEX_POINT('',#19302);
#9376=VERTEX_POINT('',#19323);
#9377=VERTEX_POINT('',#19324);
#9378=VERTEX_POINT('',#19326);
#9379=VERTEX_POINT('',#19328);
#9380=VERTEX_POINT('',#19332);
#9381=VERTEX_POINT('',#19334);
#9382=VERTEX_POINT('',#19337);
#9383=VERTEX_POINT('',#19339);
#9384=VERTEX_POINT('',#19343);
#9385=VERTEX_POINT('',#19347);
#9386=VERTEX_POINT('',#19349);
#9387=VERTEX_POINT('',#19351);
#9388=VERTEX_POINT('',#19356);
#9389=VERTEX_POINT('',#19358);
#9390=VERTEX_POINT('',#19360);
#9391=VERTEX_POINT('',#19362);
#9392=VERTEX_POINT('',#19364);
#9393=VERTEX_POINT('',#19366);
#9394=VERTEX_POINT('',#19370);
#9395=VERTEX_POINT('',#19374);
#9396=VERTEX_POINT('',#19376);
#9397=VERTEX_POINT('',#19378);
#9398=VERTEX_POINT('',#19380);
#9399=VERTEX_POINT('',#19382);
#9400=VERTEX_POINT('',#19403);
#9401=VERTEX_POINT('',#19404);
#9402=VERTEX_POINT('',#19406);
#9403=VERTEX_POINT('',#19408);
#9404=VERTEX_POINT('',#19412);
#9405=VERTEX_POINT('',#19414);
#9406=VERTEX_POINT('',#19417);
#9407=VERTEX_POINT('',#19419);
#9408=VERTEX_POINT('',#19423);
#9409=VERTEX_POINT('',#19427);
#9410=VERTEX_POINT('',#19429);
#9411=VERTEX_POINT('',#19431);
#9412=VERTEX_POINT('',#19436);
#9413=VERTEX_POINT('',#19438);
#9414=VERTEX_POINT('',#19440);
#9415=VERTEX_POINT('',#19442);
#9416=VERTEX_POINT('',#19444);
#9417=VERTEX_POINT('',#19446);
#9418=VERTEX_POINT('',#19450);
#9419=VERTEX_POINT('',#19454);
#9420=VERTEX_POINT('',#19456);
#9421=VERTEX_POINT('',#19458);
#9422=VERTEX_POINT('',#19460);
#9423=VERTEX_POINT('',#19462);
#9424=VERTEX_POINT('',#19483);
#9425=VERTEX_POINT('',#19484);
#9426=VERTEX_POINT('',#19486);
#9427=VERTEX_POINT('',#19488);
#9428=VERTEX_POINT('',#19492);
#9429=VERTEX_POINT('',#19494);
#9430=VERTEX_POINT('',#19497);
#9431=VERTEX_POINT('',#19499);
#9432=VERTEX_POINT('',#19503);
#9433=VERTEX_POINT('',#19507);
#9434=VERTEX_POINT('',#19509);
#9435=VERTEX_POINT('',#19511);
#9436=VERTEX_POINT('',#19516);
#9437=VERTEX_POINT('',#19518);
#9438=VERTEX_POINT('',#19520);
#9439=VERTEX_POINT('',#19522);
#9440=VERTEX_POINT('',#19524);
#9441=VERTEX_POINT('',#19526);
#9442=VERTEX_POINT('',#19530);
#9443=VERTEX_POINT('',#19534);
#9444=VERTEX_POINT('',#19536);
#9445=VERTEX_POINT('',#19538);
#9446=VERTEX_POINT('',#19540);
#9447=VERTEX_POINT('',#19542);
#9448=VERTEX_POINT('',#19563);
#9449=VERTEX_POINT('',#19564);
#9450=VERTEX_POINT('',#19566);
#9451=VERTEX_POINT('',#19568);
#9452=VERTEX_POINT('',#19572);
#9453=VERTEX_POINT('',#19574);
#9454=VERTEX_POINT('',#19577);
#9455=VERTEX_POINT('',#19579);
#9456=VERTEX_POINT('',#19583);
#9457=VERTEX_POINT('',#19587);
#9458=VERTEX_POINT('',#19589);
#9459=VERTEX_POINT('',#19591);
#9460=VERTEX_POINT('',#19596);
#9461=VERTEX_POINT('',#19598);
#9462=VERTEX_POINT('',#19600);
#9463=VERTEX_POINT('',#19602);
#9464=VERTEX_POINT('',#19604);
#9465=VERTEX_POINT('',#19606);
#9466=VERTEX_POINT('',#19610);
#9467=VERTEX_POINT('',#19614);
#9468=VERTEX_POINT('',#19616);
#9469=VERTEX_POINT('',#19618);
#9470=VERTEX_POINT('',#19620);
#9471=VERTEX_POINT('',#19622);
#9472=VERTEX_POINT('',#19643);
#9473=VERTEX_POINT('',#19644);
#9474=VERTEX_POINT('',#19647);
#9475=VERTEX_POINT('',#19649);
#9476=VERTEX_POINT('',#19651);
#9477=VERTEX_POINT('',#19653);
#9478=VERTEX_POINT('',#19657);
#9479=VERTEX_POINT('',#19659);
#9480=VERTEX_POINT('',#19663);
#9481=VERTEX_POINT('',#19664);
#9482=VERTEX_POINT('',#19667);
#9483=VERTEX_POINT('',#19669);
#9484=VERTEX_POINT('',#19671);
#9485=VERTEX_POINT('',#19673);
#9486=VERTEX_POINT('',#19677);
#9487=VERTEX_POINT('',#19679);
#9488=VERTEX_POINT('',#19684);
#9489=VERTEX_POINT('',#19686);
#9490=VERTEX_POINT('',#19688);
#9491=VERTEX_POINT('',#19690);
#9492=VERTEX_POINT('',#19692);
#9493=VERTEX_POINT('',#19694);
#9494=VERTEX_POINT('',#19696);
#9495=VERTEX_POINT('',#19698);
#9496=VERTEX_POINT('',#19702);
#9497=VERTEX_POINT('',#19703);
#9498=VERTEX_POINT('',#19705);
#9499=VERTEX_POINT('',#19707);
#9500=VERTEX_POINT('',#19710);
#9501=VERTEX_POINT('',#19711);
#9502=VERTEX_POINT('',#19713);
#9503=VERTEX_POINT('',#19715);
#9504=VERTEX_POINT('',#19719);
#9505=VERTEX_POINT('',#19721);
#9506=VERTEX_POINT('',#19724);
#9507=VERTEX_POINT('',#19726);
#9508=VERTEX_POINT('',#19728);
#9509=VERTEX_POINT('',#19730);
#9510=VERTEX_POINT('',#19732);
#9511=VERTEX_POINT('',#19734);
#9512=VERTEX_POINT('',#19736);
#9513=VERTEX_POINT('',#19738);
#9514=VERTEX_POINT('',#19742);
#9515=VERTEX_POINT('',#19743);
#9516=VERTEX_POINT('',#19745);
#9517=VERTEX_POINT('',#19747);
#9518=VERTEX_POINT('',#19751);
#9519=VERTEX_POINT('',#19752);
#9520=VERTEX_POINT('',#19754);
#9521=VERTEX_POINT('',#19756);
#9522=VERTEX_POINT('',#19760);
#9523=VERTEX_POINT('',#19761);
#9524=VERTEX_POINT('',#19763);
#9525=VERTEX_POINT('',#19765);
#9526=VERTEX_POINT('',#19773);
#9527=VERTEX_POINT('',#19775);
#9528=VERTEX_POINT('',#19793);
#9529=VERTEX_POINT('',#19795);
#9530=VERTEX_POINT('',#19799);
#9531=VERTEX_POINT('',#19800);
#9532=VERTEX_POINT('',#19805);
#9533=VERTEX_POINT('',#19806);
#9534=VERTEX_POINT('',#19811);
#9535=VERTEX_POINT('',#19812);
#9536=VERTEX_POINT('',#19834);
#9537=VERTEX_POINT('',#19838);
#9538=VERTEX_POINT('',#19845);
#9539=VERTEX_POINT('',#19847);
#9540=VERTEX_POINT('',#19874);
#9541=VERTEX_POINT('',#19875);
#9542=VERTEX_POINT('',#19877);
#9543=VERTEX_POINT('',#19879);
#9544=VERTEX_POINT('',#19883);
#9545=VERTEX_POINT('',#19884);
#9546=VERTEX_POINT('',#19887);
#9547=VERTEX_POINT('',#19889);
#9548=VERTEX_POINT('',#19891);
#9549=VERTEX_POINT('',#19893);
#9550=VERTEX_POINT('',#19895);
#9551=VERTEX_POINT('',#19897);
#9552=VERTEX_POINT('',#19899);
#9553=VERTEX_POINT('',#19901);
#9554=VERTEX_POINT('',#19905);
#9555=VERTEX_POINT('',#19906);
#9556=VERTEX_POINT('',#19911);
#9557=VERTEX_POINT('',#19913);
#9558=VERTEX_POINT('',#19915);
#9559=VERTEX_POINT('',#19917);
#9560=VERTEX_POINT('',#19920);
#9561=VERTEX_POINT('',#19922);
#9562=VERTEX_POINT('',#19924);
#9563=VERTEX_POINT('',#19926);
#9564=VERTEX_POINT('',#19930);
#9565=VERTEX_POINT('',#19932);
#9566=VERTEX_POINT('',#19936);
#9567=VERTEX_POINT('',#19938);
#9568=VERTEX_POINT('',#19940);
#9569=VERTEX_POINT('',#19942);
#9570=VERTEX_POINT('',#19946);
#9571=VERTEX_POINT('',#19948);
#9572=VERTEX_POINT('',#19952);
#9573=VERTEX_POINT('',#19954);
#9574=VERTEX_POINT('',#19956);
#9575=VERTEX_POINT('',#19958);
#9576=VERTEX_POINT('',#19985);
#9577=VERTEX_POINT('',#19986);
#9578=VERTEX_POINT('',#19988);
#9579=VERTEX_POINT('',#19990);
#9580=VERTEX_POINT('',#19993);
#9581=VERTEX_POINT('',#19994);
#9582=VERTEX_POINT('',#19996);
#9583=VERTEX_POINT('',#19998);
#9584=VERTEX_POINT('',#20001);
#9585=VERTEX_POINT('',#20002);
#9586=VERTEX_POINT('',#20004);
#9587=VERTEX_POINT('',#20006);
#9588=VERTEX_POINT('',#20009);
#9589=VERTEX_POINT('',#20010);
#9590=VERTEX_POINT('',#20012);
#9591=VERTEX_POINT('',#20014);
#9592=VERTEX_POINT('',#20017);
#9593=VERTEX_POINT('',#20018);
#9594=VERTEX_POINT('',#20020);
#9595=VERTEX_POINT('',#20022);
#9596=VERTEX_POINT('',#20026);
#9597=VERTEX_POINT('',#20027);
#9598=VERTEX_POINT('',#20029);
#9599=VERTEX_POINT('',#20031);
#9600=VERTEX_POINT('',#20034);
#9601=VERTEX_POINT('',#20035);
#9602=VERTEX_POINT('',#20037);
#9603=VERTEX_POINT('',#20039);
#9604=VERTEX_POINT('',#20042);
#9605=VERTEX_POINT('',#20043);
#9606=VERTEX_POINT('',#20045);
#9607=VERTEX_POINT('',#20047);
#9608=VERTEX_POINT('',#20050);
#9609=VERTEX_POINT('',#20051);
#9610=VERTEX_POINT('',#20053);
#9611=VERTEX_POINT('',#20055);
#9612=VERTEX_POINT('',#20058);
#9613=VERTEX_POINT('',#20059);
#9614=VERTEX_POINT('',#20061);
#9615=VERTEX_POINT('',#20063);
#9616=VERTEX_POINT('',#20067);
#9617=VERTEX_POINT('',#20068);
#9618=VERTEX_POINT('',#20070);
#9619=VERTEX_POINT('',#20072);
#9620=VERTEX_POINT('',#20076);
#9621=VERTEX_POINT('',#20078);
#9622=VERTEX_POINT('',#20082);
#9623=VERTEX_POINT('',#20083);
#9624=VERTEX_POINT('',#20085);
#9625=VERTEX_POINT('',#20087);
#9626=VERTEX_POINT('',#20091);
#9627=VERTEX_POINT('',#20093);
#9628=VERTEX_POINT('',#20097);
#9629=VERTEX_POINT('',#20100);
#9630=VERTEX_POINT('',#20104);
#9631=VERTEX_POINT('',#20110);
#9632=VERTEX_POINT('',#20116);
#9633=VERTEX_POINT('',#20117);
#9634=VERTEX_POINT('',#20119);
#9635=VERTEX_POINT('',#20121);
#9636=VERTEX_POINT('',#20125);
#9637=VERTEX_POINT('',#20126);
#9638=VERTEX_POINT('',#20128);
#9639=VERTEX_POINT('',#20130);
#9640=VERTEX_POINT('',#20133);
#9641=VERTEX_POINT('',#20134);
#9642=VERTEX_POINT('',#20136);
#9643=VERTEX_POINT('',#20138);
#9644=VERTEX_POINT('',#20141);
#9645=VERTEX_POINT('',#20142);
#9646=VERTEX_POINT('',#20144);
#9647=VERTEX_POINT('',#20146);
#9648=VERTEX_POINT('',#20149);
#9649=VERTEX_POINT('',#20150);
#9650=VERTEX_POINT('',#20152);
#9651=VERTEX_POINT('',#20154);
#9652=VERTEX_POINT('',#20157);
#9653=VERTEX_POINT('',#20158);
#9654=VERTEX_POINT('',#20160);
#9655=VERTEX_POINT('',#20162);
#9656=VERTEX_POINT('',#20166);
#9657=VERTEX_POINT('',#20168);
#9658=VERTEX_POINT('',#20172);
#9659=VERTEX_POINT('',#20176);
#9660=VERTEX_POINT('',#20182);
#9661=VERTEX_POINT('',#20184);
#9662=VERTEX_POINT('',#20186);
#9663=VERTEX_POINT('',#20189);
#9664=VERTEX_POINT('',#20193);
#9665=VERTEX_POINT('',#20197);
#9666=VERTEX_POINT('',#20199);
#9667=VERTEX_POINT('',#20202);
#9668=VERTEX_POINT('',#20208);
#9669=VERTEX_POINT('',#20209);
#9670=VERTEX_POINT('',#20214);
#9671=VERTEX_POINT('',#20218);
#9672=VERTEX_POINT('',#20224);
#9673=VERTEX_POINT('',#20225);
#9674=VERTEX_POINT('',#20230);
#9675=VERTEX_POINT('',#20234);
#9676=VERTEX_POINT('',#20240);
#9677=VERTEX_POINT('',#20241);
#9678=VERTEX_POINT('',#20246);
#9679=VERTEX_POINT('',#20250);
#9680=VERTEX_POINT('',#20256);
#9681=VERTEX_POINT('',#20257);
#9682=VERTEX_POINT('',#20262);
#9683=VERTEX_POINT('',#20266);
#9684=VERTEX_POINT('',#20272);
#9685=VERTEX_POINT('',#20273);
#9686=VERTEX_POINT('',#20278);
#9687=VERTEX_POINT('',#20282);
#9688=VERTEX_POINT('',#20288);
#9689=VERTEX_POINT('',#20289);
#9690=VERTEX_POINT('',#20294);
#9691=VERTEX_POINT('',#20298);
#9692=VERTEX_POINT('',#20304);
#9693=VERTEX_POINT('',#20307);
#9694=VERTEX_POINT('',#20310);
#9695=VERTEX_POINT('',#20311);
#9696=VERTEX_POINT('',#20316);
#9697=VERTEX_POINT('',#20320);
#9698=VERTEX_POINT('',#20326);
#9699=VERTEX_POINT('',#20329);
#9700=VERTEX_POINT('',#20332);
#9701=VERTEX_POINT('',#20333);
#9702=VERTEX_POINT('',#20338);
#9703=VERTEX_POINT('',#20342);
#9704=VERTEX_POINT('',#20348);
#9705=VERTEX_POINT('',#20350);
#9706=VERTEX_POINT('',#20352);
#9707=VERTEX_POINT('',#20353);
#9708=VERTEX_POINT('',#20355);
#9709=VERTEX_POINT('',#20357);
#9710=VERTEX_POINT('',#20359);
#9711=VERTEX_POINT('',#20361);
#9712=VERTEX_POINT('',#20363);
#9713=VERTEX_POINT('',#20365);
#9714=VERTEX_POINT('',#20367);
#9715=VERTEX_POINT('',#20369);
#9716=VERTEX_POINT('',#20371);
#9717=VERTEX_POINT('',#20374);
#9718=VERTEX_POINT('',#20375);
#9719=VERTEX_POINT('',#20377);
#9720=VERTEX_POINT('',#20379);
#9721=VERTEX_POINT('',#20383);
#9722=VERTEX_POINT('',#20385);
#9723=VERTEX_POINT('',#20389);
#9724=VERTEX_POINT('',#20393);
#9725=VERTEX_POINT('',#20397);
#9726=VERTEX_POINT('',#20401);
#9727=VERTEX_POINT('',#20405);
#9728=VERTEX_POINT('',#20409);
#9729=VERTEX_POINT('',#20413);
#9730=VERTEX_POINT('',#20417);
#9731=VERTEX_POINT('',#20421);
#9732=VERTEX_POINT('',#20427);
#9733=VERTEX_POINT('',#20428);
#9734=VERTEX_POINT('',#20430);
#9735=VERTEX_POINT('',#20432);
#9736=VERTEX_POINT('',#20435);
#9737=VERTEX_POINT('',#20436);
#9738=VERTEX_POINT('',#20438);
#9739=VERTEX_POINT('',#20440);
#9740=VERTEX_POINT('',#20444);
#9741=VERTEX_POINT('',#20445);
#9742=VERTEX_POINT('',#20447);
#9743=VERTEX_POINT('',#20449);
#9744=VERTEX_POINT('',#20453);
#9745=VERTEX_POINT('',#20454);
#9746=VERTEX_POINT('',#20456);
#9747=VERTEX_POINT('',#20458);
#9748=VERTEX_POINT('',#20461);
#9749=VERTEX_POINT('',#20462);
#9750=VERTEX_POINT('',#20464);
#9751=VERTEX_POINT('',#20466);
#9752=VERTEX_POINT('',#20470);
#9753=VERTEX_POINT('',#20471);
#9754=VERTEX_POINT('',#20473);
#9755=VERTEX_POINT('',#20475);
#9756=VERTEX_POINT('',#20479);
#9757=VERTEX_POINT('',#20480);
#9758=VERTEX_POINT('',#20482);
#9759=VERTEX_POINT('',#20484);
#9760=VERTEX_POINT('',#20487);
#9761=VERTEX_POINT('',#20488);
#9762=VERTEX_POINT('',#20490);
#9763=VERTEX_POINT('',#20492);
#9764=VERTEX_POINT('',#20496);
#9765=VERTEX_POINT('',#20497);
#9766=VERTEX_POINT('',#20499);
#9767=VERTEX_POINT('',#20501);
#9768=VERTEX_POINT('',#20505);
#9769=VERTEX_POINT('',#20506);
#9770=VERTEX_POINT('',#20508);
#9771=VERTEX_POINT('',#20510);
#9772=VERTEX_POINT('',#20513);
#9773=VERTEX_POINT('',#20514);
#9774=VERTEX_POINT('',#20516);
#9775=VERTEX_POINT('',#20518);
#9776=VERTEX_POINT('',#20522);
#9777=VERTEX_POINT('',#20523);
#9778=VERTEX_POINT('',#20525);
#9779=VERTEX_POINT('',#20527);
#9780=VERTEX_POINT('',#20531);
#9781=VERTEX_POINT('',#20532);
#9782=VERTEX_POINT('',#20534);
#9783=VERTEX_POINT('',#20536);
#9784=VERTEX_POINT('',#20539);
#9785=VERTEX_POINT('',#20540);
#9786=VERTEX_POINT('',#20542);
#9787=VERTEX_POINT('',#20544);
#9788=VERTEX_POINT('',#20548);
#9789=VERTEX_POINT('',#20549);
#9790=VERTEX_POINT('',#20551);
#9791=VERTEX_POINT('',#20553);
#9792=VERTEX_POINT('',#20557);
#9793=VERTEX_POINT('',#20558);
#9794=VERTEX_POINT('',#20560);
#9795=VERTEX_POINT('',#20562);
#9796=VERTEX_POINT('',#20565);
#9797=VERTEX_POINT('',#20566);
#9798=VERTEX_POINT('',#20568);
#9799=VERTEX_POINT('',#20570);
#9800=VERTEX_POINT('',#20574);
#9801=VERTEX_POINT('',#20575);
#9802=VERTEX_POINT('',#20577);
#9803=VERTEX_POINT('',#20579);
#9804=VERTEX_POINT('',#20583);
#9805=VERTEX_POINT('',#20586);
#9806=VERTEX_POINT('',#20589);
#9807=VERTEX_POINT('',#20592);
#9808=VERTEX_POINT('',#20595);
#9809=VERTEX_POINT('',#20596);
#9810=VERTEX_POINT('',#20598);
#9811=VERTEX_POINT('',#20600);
#9812=VERTEX_POINT('',#20603);
#9813=VERTEX_POINT('',#20604);
#9814=VERTEX_POINT('',#20606);
#9815=VERTEX_POINT('',#20608);
#9816=VERTEX_POINT('',#20612);
#9817=VERTEX_POINT('',#20613);
#9818=VERTEX_POINT('',#20615);
#9819=VERTEX_POINT('',#20617);
#9820=VERTEX_POINT('',#20621);
#9821=VERTEX_POINT('',#20624);
#9822=VERTEX_POINT('',#20627);
#9823=VERTEX_POINT('',#20628);
#9824=VERTEX_POINT('',#20630);
#9825=VERTEX_POINT('',#20632);
#9826=VERTEX_POINT('',#20636);
#9827=VERTEX_POINT('',#20638);
#9828=VERTEX_POINT('',#20642);
#9829=VERTEX_POINT('',#20646);
#9830=VERTEX_POINT('',#20650);
#9831=VERTEX_POINT('',#20654);
#9832=VERTEX_POINT('',#20658);
#9833=VERTEX_POINT('',#20662);
#9834=VERTEX_POINT('',#20666);
#9835=VERTEX_POINT('',#20670);
#9836=VERTEX_POINT('',#20674);
#9837=VERTEX_POINT('',#20680);
#9838=VERTEX_POINT('',#20681);
#9839=VERTEX_POINT('',#20686);
#9840=VERTEX_POINT('',#20690);
#9841=VERTEX_POINT('',#20696);
#9842=VERTEX_POINT('',#20697);
#9843=VERTEX_POINT('',#20702);
#9844=VERTEX_POINT('',#20706);
#9845=VERTEX_POINT('',#20712);
#9846=VERTEX_POINT('',#20713);
#9847=VERTEX_POINT('',#20718);
#9848=VERTEX_POINT('',#20722);
#9849=VERTEX_POINT('',#20728);
#9850=VERTEX_POINT('',#20729);
#9851=VERTEX_POINT('',#20734);
#9852=VERTEX_POINT('',#20738);
#9853=VERTEX_POINT('',#20744);
#9854=VERTEX_POINT('',#20745);
#9855=VERTEX_POINT('',#20750);
#9856=VERTEX_POINT('',#20754);
#9857=VERTEX_POINT('',#20760);
#9858=VERTEX_POINT('',#20761);
#9859=VERTEX_POINT('',#20766);
#9860=VERTEX_POINT('',#20770);
#9861=VERTEX_POINT('',#20776);
#9862=VERTEX_POINT('',#20777);
#9863=VERTEX_POINT('',#20782);
#9864=VERTEX_POINT('',#20786);
#9865=VERTEX_POINT('',#20792);
#9866=VERTEX_POINT('',#20793);
#9867=VERTEX_POINT('',#20798);
#9868=VERTEX_POINT('',#20802);
#9869=VERTEX_POINT('',#20808);
#9870=VERTEX_POINT('',#20809);
#9871=VERTEX_POINT('',#20814);
#9872=VERTEX_POINT('',#20818);
#9873=VERTEX_POINT('',#20824);
#9874=VERTEX_POINT('',#20825);
#9875=VERTEX_POINT('',#20830);
#9876=VERTEX_POINT('',#20834);
#9877=VERTEX_POINT('',#20840);
#9878=VERTEX_POINT('',#20841);
#9879=VERTEX_POINT('',#20846);
#9880=VERTEX_POINT('',#20850);
#9881=VERTEX_POINT('',#20856);
#9882=VERTEX_POINT('',#20857);
#9883=VERTEX_POINT('',#20862);
#9884=VERTEX_POINT('',#20866);
#9885=VERTEX_POINT('',#20872);
#9886=VERTEX_POINT('',#20875);
#9887=VERTEX_POINT('',#20878);
#9888=VERTEX_POINT('',#20881);
#9889=VERTEX_POINT('',#20884);
#9890=VERTEX_POINT('',#20885);
#9891=VERTEX_POINT('',#20890);
#9892=VERTEX_POINT('',#20894);
#9893=VERTEX_POINT('',#20900);
#9894=VERTEX_POINT('',#20901);
#9895=VERTEX_POINT('',#20906);
#9896=VERTEX_POINT('',#20910);
#9897=VERTEX_POINT('',#20916);
#9898=VERTEX_POINT('',#20919);
#9899=VERTEX_POINT('',#20922);
#9900=VERTEX_POINT('',#20923);
#9901=VERTEX_POINT('',#20928);
#9902=VERTEX_POINT('',#20932);
#9903=VERTEX_POINT('',#20939);
#9904=VERTEX_POINT('',#20941);
#9905=VERTEX_POINT('',#20945);
#9906=VERTEX_POINT('',#20949);
#9907=VERTEX_POINT('',#20958);
#9908=VERTEX_POINT('',#20960);
#9909=VERTEX_POINT('',#20962);
#9910=VERTEX_POINT('',#20964);
#9911=VERTEX_POINT('',#20968);
#9912=VERTEX_POINT('',#20972);
#9913=VERTEX_POINT('',#20973);
#9914=VERTEX_POINT('',#20976);
#9915=VERTEX_POINT('',#20980);
#9916=VERTEX_POINT('',#20982);
#9917=VERTEX_POINT('',#20986);
#9918=VERTEX_POINT('',#20990);
#9919=VERTEX_POINT('',#20996);
#9920=VERTEX_POINT('',#20998);
#9921=VERTEX_POINT('',#21002);
#9922=VERTEX_POINT('',#21006);
#9923=VERTEX_POINT('',#21057);
#9924=VERTEX_POINT('',#21060);
#9925=VERTEX_POINT('',#21063);
#9926=VERTEX_POINT('',#21065);
#9927=VERTEX_POINT('',#21068);
#9928=VERTEX_POINT('',#21071);
#9929=VERTEX_POINT('',#21074);
#9930=VERTEX_POINT('',#21077);
#9931=VERTEX_POINT('',#21080);
#9932=VERTEX_POINT('',#21083);
#9933=VERTEX_POINT('',#21086);
#9934=VERTEX_POINT('',#21089);
#9935=VERTEX_POINT('',#21093);
#9936=VERTEX_POINT('',#21098);
#9937=VERTEX_POINT('',#21100);
#9938=VERTEX_POINT('',#21103);
#9939=VERTEX_POINT('',#21106);
#9940=VERTEX_POINT('',#21109);
#9941=VERTEX_POINT('',#21112);
#9942=VERTEX_POINT('',#21115);
#9943=VERTEX_POINT('',#21122);
#9944=VERTEX_POINT('',#21123);
#9945=VERTEX_POINT('',#21125);
#9946=VERTEX_POINT('',#21127);
#9947=VERTEX_POINT('',#21131);
#9948=VERTEX_POINT('',#21132);
#9949=VERTEX_POINT('',#21134);
#9950=VERTEX_POINT('',#21136);
#9951=VERTEX_POINT('',#21140);
#9952=VERTEX_POINT('',#21141);
#9953=VERTEX_POINT('',#21146);
#9954=VERTEX_POINT('',#21148);
#9955=VERTEX_POINT('',#21155);
#9956=VERTEX_POINT('',#21156);
#9957=VERTEX_POINT('',#21158);
#9958=VERTEX_POINT('',#21160);
#9959=VERTEX_POINT('',#21163);
#9960=VERTEX_POINT('',#21165);
#9961=VERTEX_POINT('',#21169);
#9962=VERTEX_POINT('',#21170);
#9963=VERTEX_POINT('',#21179);
#9964=VERTEX_POINT('',#21181);
#9965=VERTEX_POINT('',#21185);
#9966=VERTEX_POINT('',#21186);
#9967=VERTEX_POINT('',#21188);
#9968=VERTEX_POINT('',#21190);
#9969=VERTEX_POINT('',#21192);
#9970=VERTEX_POINT('',#21194);
#9971=VERTEX_POINT('',#21197);
#9972=VERTEX_POINT('',#21199);
#9973=VERTEX_POINT('',#21201);
#9974=VERTEX_POINT('',#21203);
#9975=VERTEX_POINT('',#21207);
#9976=VERTEX_POINT('',#21208);
#9977=VERTEX_POINT('',#21213);
#9978=VERTEX_POINT('',#21214);
#9979=VERTEX_POINT('',#21217);
#9980=VERTEX_POINT('',#21219);
#9981=VERTEX_POINT('',#21221);
#9982=VERTEX_POINT('',#21223);
#9983=VERTEX_POINT('',#21225);
#9984=VERTEX_POINT('',#21227);
#9985=VERTEX_POINT('',#21229);
#9986=VERTEX_POINT('',#21231);
#9987=VERTEX_POINT('',#21235);
#9988=VERTEX_POINT('',#21236);
#9989=VERTEX_POINT('',#21241);
#9990=VERTEX_POINT('',#21244);
#9991=VERTEX_POINT('',#21251);
#9992=VERTEX_POINT('',#21252);
#9993=VERTEX_POINT('',#21254);
#9994=VERTEX_POINT('',#21256);
#9995=VERTEX_POINT('',#21258);
#9996=VERTEX_POINT('',#21260);
#9997=VERTEX_POINT('',#21263);
#9998=VERTEX_POINT('',#21265);
#9999=VERTEX_POINT('',#21269);
#10000=VERTEX_POINT('',#21270);
#10001=VERTEX_POINT('',#21272);
#10002=VERTEX_POINT('',#21274);
#10003=VERTEX_POINT('',#21276);
#10004=VERTEX_POINT('',#21278);
#10005=VERTEX_POINT('',#21280);
#10006=VERTEX_POINT('',#21282);
#10007=VERTEX_POINT('',#21284);
#10008=VERTEX_POINT('',#21286);
#10009=VERTEX_POINT('',#21290);
#10010=VERTEX_POINT('',#21291);
#10011=VERTEX_POINT('',#21300);
#10012=VERTEX_POINT('',#21302);
#10013=VERTEX_POINT('',#21306);
#10014=VERTEX_POINT('',#21308);
#10015=VERTEX_POINT('',#21311);
#10016=VERTEX_POINT('',#21313);
#10017=VERTEX_POINT('',#21316);
#10018=VERTEX_POINT('',#21318);
#10019=VERTEX_POINT('',#21322);
#10020=VERTEX_POINT('',#21324);
#10021=VERTEX_POINT('',#21329);
#10022=VERTEX_POINT('',#21331);
#10023=VERTEX_POINT('',#21333);
#10024=VERTEX_POINT('',#21335);
#10025=VERTEX_POINT('',#21337);
#10026=VERTEX_POINT('',#21339);
#10027=VERTEX_POINT('',#21344);
#10028=VERTEX_POINT('',#21345);
#10029=VERTEX_POINT('',#21350);
#10030=VERTEX_POINT('',#21353);
#10031=VERTEX_POINT('',#21360);
#10032=VERTEX_POINT('',#21361);
#10033=VERTEX_POINT('',#21364);
#10034=VERTEX_POINT('',#21366);
#10035=VERTEX_POINT('',#21368);
#10036=VERTEX_POINT('',#21370);
#10037=VERTEX_POINT('',#21377);
#10038=VERTEX_POINT('',#21379);
#10039=VERTEX_POINT('',#21386);
#10040=VERTEX_POINT('',#21387);
#10041=VERTEX_POINT('',#21389);
#10042=VERTEX_POINT('',#21391);
#10043=VERTEX_POINT('',#21396);
#10044=VERTEX_POINT('',#21397);
#10045=VERTEX_POINT('',#21399);
#10046=VERTEX_POINT('',#21401);
#10047=VERTEX_POINT('',#21405);
#10048=VERTEX_POINT('',#21406);
#10049=VERTEX_POINT('',#21408);
#10050=VERTEX_POINT('',#21410);
#10051=VERTEX_POINT('',#21423);
#10052=VERTEX_POINT('',#21425);
#10053=VERTEX_POINT('',#21434);
#10054=VERTEX_POINT('',#21436);
#10055=VERTEX_POINT('',#21510);
#10056=VERTEX_POINT('',#21513);
#10057=VERTEX_POINT('',#21514);
#10058=VERTEX_POINT('',#21519);
#10059=VERTEX_POINT('',#21521);
#10060=VERTEX_POINT('',#21528);
#10061=VERTEX_POINT('',#21529);
#10062=VERTEX_POINT('',#21534);
#10063=VERTEX_POINT('',#21536);
#10064=VERTEX_POINT('',#21546);
#10065=VERTEX_POINT('',#21547);
#10066=VERTEX_POINT('',#21549);
#10067=VERTEX_POINT('',#21554);
#10068=VERTEX_POINT('',#21558);
#10069=VERTEX_POINT('',#21560);
#10070=VERTEX_POINT('',#21563);
#10071=VERTEX_POINT('',#21565);
#10072=VERTEX_POINT('',#21568);
#10073=VERTEX_POINT('',#21570);
#10074=VERTEX_POINT('',#21572);
#10075=VERTEX_POINT('',#21574);
#10076=VERTEX_POINT('',#21576);
#10077=VERTEX_POINT('',#21578);
#10078=VERTEX_POINT('',#21581);
#10079=VERTEX_POINT('',#21584);
#10080=VERTEX_POINT('',#21585);
#10081=VERTEX_POINT('',#21587);
#10082=VERTEX_POINT('',#21589);
#10083=VERTEX_POINT('',#21592);
#10084=VERTEX_POINT('',#21594);
#10085=VERTEX_POINT('',#21597);
#10086=VERTEX_POINT('',#21599);
#10087=VERTEX_POINT('',#21602);
#10088=VERTEX_POINT('',#21604);
#10089=VERTEX_POINT('',#21617);
#10090=VERTEX_POINT('',#21620);
#10091=VERTEX_POINT('',#21623);
#10092=VERTEX_POINT('',#21626);
#10093=CIRCLE('',#13457,1.38452994616207);
#10094=CIRCLE('',#13459,1.5);
#10095=CIRCLE('',#13479,1.);
#10096=CIRCLE('',#13480,1.);
#10097=CIRCLE('',#13487,1.38452994616207);
#10098=CIRCLE('',#13489,1.5);
#10099=CIRCLE('',#13491,1.38452994616207);
#10100=CIRCLE('',#13493,1.5);
#10101=CIRCLE('',#13495,1.);
#10102=CIRCLE('',#13496,1.);
#10103=CIRCLE('',#13499,1.);
#10104=CIRCLE('',#13500,1.);
#10105=CIRCLE('',#13506,0.7);
#10106=CIRCLE('',#13508,0.7);
#10107=CIRCLE('',#13510,0.7);
#10108=CIRCLE('',#13512,0.7);
#10109=CIRCLE('',#13514,0.7);
#10110=CIRCLE('',#13517,0.7);
#10111=CIRCLE('',#13518,0.7);
#10112=CIRCLE('',#13519,0.7);
#10113=CIRCLE('',#13520,1.);
#10114=CIRCLE('',#13521,1.);
#10115=CIRCLE('',#13523,0.7);
#10116=CIRCLE('',#13525,0.7);
#10117=CIRCLE('',#13641,1.);
#10118=CIRCLE('',#13643,1.);
#10119=CIRCLE('',#13644,1.5);
#10120=CIRCLE('',#13645,1.5);
#10121=CIRCLE('',#13646,1.5);
#10122=CIRCLE('',#13647,1.5);
#10123=CIRCLE('',#13679,0.8);
#10124=CIRCLE('',#13681,0.8);
#10125=CIRCLE('',#13685,1.38452994616207);
#10126=CIRCLE('',#13687,0.7);
#10127=CIRCLE('',#13689,1.38452994616207);
#10128=CIRCLE('',#13692,1.38452994616207);
#10129=CIRCLE('',#13694,0.7);
#10130=CIRCLE('',#13696,1.38452994616207);
#10131=CIRCLE('',#13710,0.1);
#10132=CIRCLE('',#13711,0.1);
#10133=CIRCLE('',#13714,0.1);
#10134=CIRCLE('',#13715,0.1);
#10135=CIRCLE('',#13717,0.1);
#10136=CIRCLE('',#13718,0.1);
#10137=CIRCLE('',#13723,0.1);
#10138=CIRCLE('',#13725,0.1);
#10139=CIRCLE('',#13727,0.2);
#10140=CIRCLE('',#13728,0.2);
#10141=CIRCLE('',#13729,0.2);
#10142=CIRCLE('',#13730,0.2);
#10143=CIRCLE('',#13731,0.1);
#10144=CIRCLE('',#13732,0.1);
#10145=CIRCLE('',#13733,0.1);
#10146=CIRCLE('',#13734,0.1);
#10147=CIRCLE('',#13852,0.2);
#10148=CIRCLE('',#13853,0.0499999999999994);
#10149=CIRCLE('',#13854,0.0499999999999994);
#10150=CIRCLE('',#13855,0.0499999999999994);
#10151=CIRCLE('',#13856,0.0499999999999994);
#10152=CIRCLE('',#13857,0.2);
#10153=CIRCLE('',#13859,0.0499999999999994);
#10154=CIRCLE('',#13860,0.0499999999999994);
#10155=CIRCLE('',#13861,0.0499999999999994);
#10156=CIRCLE('',#13862,0.0499999999999994);
#10157=CIRCLE('',#13863,0.0499999999999994);
#10158=CIRCLE('',#13864,0.0499999999999994);
#10159=CIRCLE('',#13870,0.2);
#10160=CIRCLE('',#13871,0.0499999999999994);
#10161=CIRCLE('',#13872,0.0499999999999994);
#10162=CIRCLE('',#13873,0.2);
#10163=CIRCLE('',#13884,0.1);
#10164=CIRCLE('',#13885,0.1);
#10165=CIRCLE('',#13886,0.1);
#10166=CIRCLE('',#13887,0.1);
#10167=CIRCLE('',#13921,0.2);
#10168=CIRCLE('',#13922,0.2);
#10169=CIRCLE('',#13927,0.5);
#10170=CIRCLE('',#13928,0.5);
#10171=CIRCLE('',#13987,0.4);
#10172=CIRCLE('',#13989,0.4);
#10173=CIRCLE('',#13995,0.4);
#10174=CIRCLE('',#13997,0.4);
#10175=CIRCLE('',#14003,1.5);
#10176=CIRCLE('',#14004,1.5);
#10177=CIRCLE('',#14005,0.899999999999999);
#10178=CIRCLE('',#14006,0.9);
#10179=CIRCLE('',#14007,0.9);
#10180=CIRCLE('',#14008,0.9);
#10181=CIRCLE('',#14009,0.9);
#10182=CIRCLE('',#14011,0.0999999999999995);
#10183=CIRCLE('',#14012,1.);
#10184=CIRCLE('',#14013,0.0999999999999995);
#10185=CIRCLE('',#14017,0.0999999999999995);
#10186=CIRCLE('',#14019,0.0999999999999995);
#10187=CIRCLE('',#14020,1.);
#10188=CIRCLE('',#14022,0.0999999999999995);
#10189=CIRCLE('',#14024,0.0999999999999995);
#10190=CIRCLE('',#14025,1.);
#10191=CIRCLE('',#14027,0.0999999999999995);
#10192=CIRCLE('',#14029,0.0999999999999995);
#10193=CIRCLE('',#14030,1.);
#10194=CIRCLE('',#14032,0.0999999999999995);
#10195=CIRCLE('',#14034,1.);
#10196=CIRCLE('',#14035,0.0999999999999995);
#10197=CIRCLE('',#14050,0.8);
#10198=CIRCLE('',#14052,0.8);
#10199=CIRCLE('',#14054,0.7);
#10200=CIRCLE('',#14056,0.7);
#10201=CIRCLE('',#14060,0.7);
#10202=CIRCLE('',#14062,0.7);
#10203=CIRCLE('',#14065,1.);
#10204=CIRCLE('',#14069,1.);
#10205=CIRCLE('',#14072,1.);
#10206=CIRCLE('',#14075,1.);
#10207=CIRCLE('',#14078,1.);
#10208=CIRCLE('',#14129,0.8);
#10209=CIRCLE('',#14131,0.8);
#10210=CIRCLE('',#14133,0.7);
#10211=CIRCLE('',#14135,0.7);
#10212=CIRCLE('',#14145,0.7);
#10213=CIRCLE('',#14147,0.7);
#10214=CIRCLE('',#14194,0.8);
#10215=CIRCLE('',#14196,0.8);
#10216=CIRCLE('',#14198,0.8);
#10217=CIRCLE('',#14199,0.8);
#10218=CIRCLE('',#14201,0.8);
#10219=CIRCLE('',#14203,0.8);
#10220=CIRCLE('',#14205,0.8);
#10221=CIRCLE('',#14207,0.8);
#10222=CIRCLE('',#14209,0.8);
#10223=CIRCLE('',#14211,0.8);
#10224=CIRCLE('',#14213,0.8);
#10225=CIRCLE('',#14215,0.8);
#10226=CIRCLE('',#14218,0.7);
#10227=CIRCLE('',#14222,1.46963345267012);
#10228=CIRCLE('',#14223,2.3);
#10229=CIRCLE('',#14225,0.830662386291809);
#10230=CIRCLE('',#14227,0.699999999999992);
#10231=CIRCLE('',#14229,0.8);
#10232=CIRCLE('',#14231,0.8);
#10233=CIRCLE('',#14233,2.3);
#10234=CIRCLE('',#14247,1.);
#10235=CIRCLE('',#14248,1.);
#10236=CIRCLE('',#14257,0.8);
#10237=CIRCLE('',#14258,0.8);
#10238=CIRCLE('',#14270,0.8);
#10239=CIRCLE('',#14271,0.8);
#10240=CIRCLE('',#14280,1.);
#10241=CIRCLE('',#14281,1.);
#10242=CIRCLE('',#14298,0.2);
#10243=CIRCLE('',#14299,0.2);
#10244=CIRCLE('',#14301,0.2);
#10245=CIRCLE('',#14302,0.2);
#10246=CIRCLE('',#14351,0.499999999999989);
#10247=CIRCLE('',#14353,0.4);
#10248=CIRCLE('',#14354,0.320283434384406);
#10249=CIRCLE('',#14356,0.320283434384406);
#10250=CIRCLE('',#14357,0.4);
#10251=CIRCLE('',#14359,0.4);
#10252=CIRCLE('',#14360,0.320283434384406);
#10253=CIRCLE('',#14362,0.4);
#10254=CIRCLE('',#14363,1.4);
#10255=CIRCLE('',#14365,0.320283434384406);
#10256=CIRCLE('',#14368,1.4);
#10257=CIRCLE('',#14370,0.91715728752538);
#10258=CIRCLE('',#14372,0.8);
#10259=CIRCLE('',#14374,0.799999999999989);
#10260=EDGE_LOOP('',(#3483));
#10261=EDGE_LOOP('',(#3484));
#10262=EDGE_LOOP('',(#3485));
#10263=EDGE_LOOP('',(#3486,#3487,#3488,#3489));
#10264=EDGE_LOOP('',(#3490,#3491,#3492,#3493));
#10265=EDGE_LOOP('',(#3494,#3495,#3496,#3497));
#10266=EDGE_LOOP('',(#3498,#3499,#3500,#3501));
#10267=EDGE_LOOP('',(#3502,#3503,#3504,#3505));
#10268=EDGE_LOOP('',(#3506,#3507,#3508,#3509));
#10269=EDGE_LOOP('',(#3510,#3511,#3512,#3513));
#10270=EDGE_LOOP('',(#3514,#3515,#3516,#3517));
#10271=EDGE_LOOP('',(#3518,#3519,#3520,#3521));
#10272=EDGE_LOOP('',(#3522,#3523,#3524,#3525));
#10273=EDGE_LOOP('',(#3526,#3527,#3528,#3529));
#10274=EDGE_LOOP('',(#3530,#3531,#3532,#3533));
#10275=EDGE_LOOP('',(#3534,#3535,#3536,#3537));
#10276=EDGE_LOOP('',(#3538,#3539,#3540,#3541));
#10277=EDGE_LOOP('',(#3542,#3543,#3544,#3545));
#10278=EDGE_LOOP('',(#3546,#3547,#3548,#3549));
#10279=EDGE_LOOP('',(#3550,#3551,#3552,#3553));
#10280=EDGE_LOOP('',(#3554,#3555,#3556,#3557));
#10281=EDGE_LOOP('',(#3558,#3559,#3560,#3561));
#10282=EDGE_LOOP('',(#3562,#3563,#3564,#3565));
#10283=EDGE_LOOP('',(#3566,#3567,#3568,#3569));
#10284=EDGE_LOOP('',(#3570,#3571,#3572,#3573,#3574,#3575,#3576,#3577,#3578,
#3579,#3580,#3581,#3582,#3583,#3584,#3585));
#10285=EDGE_LOOP('',(#3586,#3587,#3588,#3589));
#10286=EDGE_LOOP('',(#3590,#3591,#3592,#3593));
#10287=EDGE_LOOP('',(#3594,#3595,#3596,#3597));
#10288=EDGE_LOOP('',(#3598,#3599,#3600,#3601));
#10289=EDGE_LOOP('',(#3602,#3603,#3604,#3605));
#10290=EDGE_LOOP('',(#3606,#3607,#3608,#3609));
#10291=EDGE_LOOP('',(#3610));
#10292=EDGE_LOOP('',(#3611));
#10293=EDGE_LOOP('',(#3612));
#10294=EDGE_LOOP('',(#3613));
#10295=EDGE_LOOP('',(#3614));
#10296=EDGE_LOOP('',(#3615));
#10297=EDGE_LOOP('',(#3616,#3617,#3618,#3619));
#10298=EDGE_LOOP('',(#3620,#3621,#3622,#3623));
#10299=EDGE_LOOP('',(#3624,#3625,#3626,#3627));
#10300=EDGE_LOOP('',(#3628,#3629,#3630,#3631,#3632,#3633));
#10301=EDGE_LOOP('',(#3634,#3635,#3636,#3637));
#10302=EDGE_LOOP('',(#3638,#3639,#3640,#3641));
#10303=EDGE_LOOP('',(#3642,#3643,#3644,#3645));
#10304=EDGE_LOOP('',(#3646));
#10305=EDGE_LOOP('',(#3647));
#10306=EDGE_LOOP('',(#3648));
#10307=EDGE_LOOP('',(#3649));
#10308=EDGE_LOOP('',(#3650));
#10309=EDGE_LOOP('',(#3651));
#10310=EDGE_LOOP('',(#3652));
#10311=EDGE_LOOP('',(#3653,#3654,#3655,#3656,#3657,#3658,#3659,#3660));
#10312=EDGE_LOOP('',(#3661));
#10313=EDGE_LOOP('',(#3662));
#10314=EDGE_LOOP('',(#3663,#3664,#3665,#3666,#3667,#3668,#3669,#3670));
#10315=EDGE_LOOP('',(#3671));
#10316=EDGE_LOOP('',(#3672));
#10317=EDGE_LOOP('',(#3673));
#10318=EDGE_LOOP('',(#3674,#3675,#3676,#3677,#3678,#3679,#3680,#3681));
#10319=EDGE_LOOP('',(#3682));
#10320=EDGE_LOOP('',(#3683));
#10321=EDGE_LOOP('',(#3684));
#10322=EDGE_LOOP('',(#3685));
#10323=EDGE_LOOP('',(#3686));
#10324=EDGE_LOOP('',(#3687));
#10325=EDGE_LOOP('',(#3688,#3689,#3690,#3691));
#10326=EDGE_LOOP('',(#3692,#3693,#3694,#3695));
#10327=EDGE_LOOP('',(#3696,#3697,#3698,#3699));
#10328=EDGE_LOOP('',(#3700,#3701,#3702,#3703));
#10329=EDGE_LOOP('',(#3704,#3705,#3706,#3707));
#10330=EDGE_LOOP('',(#3708,#3709,#3710,#3711));
#10331=EDGE_LOOP('',(#3712,#3713,#3714,#3715));
#10332=EDGE_LOOP('',(#3716,#3717,#3718,#3719));
#10333=EDGE_LOOP('',(#3720,#3721,#3722,#3723));
#10334=EDGE_LOOP('',(#3724,#3725,#3726,#3727));
#10335=EDGE_LOOP('',(#3728,#3729,#3730,#3731));
#10336=EDGE_LOOP('',(#3732,#3733,#3734,#3735));
#10337=EDGE_LOOP('',(#3736,#3737,#3738,#3739));
#10338=EDGE_LOOP('',(#3740,#3741,#3742,#3743));
#10339=EDGE_LOOP('',(#3744,#3745,#3746,#3747));
#10340=EDGE_LOOP('',(#3748,#3749,#3750,#3751));
#10341=EDGE_LOOP('',(#3752,#3753,#3754,#3755));
#10342=EDGE_LOOP('',(#3756,#3757,#3758,#3759));
#10343=EDGE_LOOP('',(#3760,#3761,#3762,#3763));
#10344=EDGE_LOOP('',(#3764,#3765,#3766,#3767));
#10345=EDGE_LOOP('',(#3768,#3769,#3770,#3771));
#10346=EDGE_LOOP('',(#3772,#3773,#3774,#3775));
#10347=EDGE_LOOP('',(#3776,#3777,#3778,#3779));
#10348=EDGE_LOOP('',(#3780,#3781,#3782,#3783));
#10349=EDGE_LOOP('',(#3784,#3785,#3786,#3787));
#10350=EDGE_LOOP('',(#3788,#3789,#3790,#3791));
#10351=EDGE_LOOP('',(#3792,#3793,#3794,#3795));
#10352=EDGE_LOOP('',(#3796,#3797,#3798,#3799));
#10353=EDGE_LOOP('',(#3800,#3801,#3802,#3803));
#10354=EDGE_LOOP('',(#3804,#3805,#3806,#3807));
#10355=EDGE_LOOP('',(#3808,#3809,#3810,#3811));
#10356=EDGE_LOOP('',(#3812,#3813,#3814,#3815));
#10357=EDGE_LOOP('',(#3816,#3817,#3818,#3819));
#10358=EDGE_LOOP('',(#3820,#3821,#3822,#3823));
#10359=EDGE_LOOP('',(#3824,#3825,#3826,#3827));
#10360=EDGE_LOOP('',(#3828,#3829,#3830,#3831));
#10361=EDGE_LOOP('',(#3832,#3833,#3834,#3835));
#10362=EDGE_LOOP('',(#3836,#3837,#3838,#3839));
#10363=EDGE_LOOP('',(#3840,#3841,#3842,#3843));
#10364=EDGE_LOOP('',(#3844,#3845,#3846,#3847));
#10365=EDGE_LOOP('',(#3848,#3849,#3850,#3851));
#10366=EDGE_LOOP('',(#3852,#3853,#3854,#3855));
#10367=EDGE_LOOP('',(#3856,#3857,#3858,#3859));
#10368=EDGE_LOOP('',(#3860,#3861,#3862,#3863));
#10369=EDGE_LOOP('',(#3864,#3865,#3866,#3867));
#10370=EDGE_LOOP('',(#3868,#3869,#3870,#3871));
#10371=EDGE_LOOP('',(#3872,#3873,#3874,#3875));
#10372=EDGE_LOOP('',(#3876,#3877,#3878,#3879));
#10373=EDGE_LOOP('',(#3880,#3881,#3882,#3883));
#10374=EDGE_LOOP('',(#3884,#3885,#3886,#3887));
#10375=EDGE_LOOP('',(#3888,#3889,#3890,#3891));
#10376=EDGE_LOOP('',(#3892,#3893,#3894,#3895));
#10377=EDGE_LOOP('',(#3896,#3897,#3898,#3899));
#10378=EDGE_LOOP('',(#3900,#3901,#3902,#3903));
#10379=EDGE_LOOP('',(#3904,#3905,#3906,#3907));
#10380=EDGE_LOOP('',(#3908,#3909,#3910,#3911));
#10381=EDGE_LOOP('',(#3912,#3913,#3914,#3915));
#10382=EDGE_LOOP('',(#3916,#3917,#3918,#3919));
#10383=EDGE_LOOP('',(#3920,#3921,#3922,#3923));
#10384=EDGE_LOOP('',(#3924,#3925,#3926,#3927));
#10385=EDGE_LOOP('',(#3928,#3929,#3930,#3931));
#10386=EDGE_LOOP('',(#3932,#3933,#3934,#3935));
#10387=EDGE_LOOP('',(#3936,#3937,#3938,#3939));
#10388=EDGE_LOOP('',(#3940,#3941,#3942,#3943));
#10389=EDGE_LOOP('',(#3944,#3945,#3946,#3947));
#10390=EDGE_LOOP('',(#3948,#3949,#3950,#3951));
#10391=EDGE_LOOP('',(#3952,#3953,#3954,#3955));
#10392=EDGE_LOOP('',(#3956,#3957,#3958,#3959));
#10393=EDGE_LOOP('',(#3960,#3961,#3962,#3963));
#10394=EDGE_LOOP('',(#3964,#3965,#3966,#3967));
#10395=EDGE_LOOP('',(#3968,#3969,#3970,#3971));
#10396=EDGE_LOOP('',(#3972,#3973,#3974,#3975));
#10397=EDGE_LOOP('',(#3976,#3977,#3978,#3979));
#10398=EDGE_LOOP('',(#3980,#3981,#3982,#3983));
#10399=EDGE_LOOP('',(#3984,#3985,#3986,#3987));
#10400=EDGE_LOOP('',(#3988,#3989,#3990,#3991));
#10401=EDGE_LOOP('',(#3992,#3993,#3994,#3995));
#10402=EDGE_LOOP('',(#3996,#3997,#3998,#3999));
#10403=EDGE_LOOP('',(#4000,#4001,#4002,#4003));
#10404=EDGE_LOOP('',(#4004,#4005,#4006,#4007));
#10405=EDGE_LOOP('',(#4008,#4009,#4010,#4011));
#10406=EDGE_LOOP('',(#4012,#4013,#4014,#4015));
#10407=EDGE_LOOP('',(#4016,#4017,#4018,#4019));
#10408=EDGE_LOOP('',(#4020,#4021,#4022,#4023));
#10409=EDGE_LOOP('',(#4024,#4025,#4026,#4027));
#10410=EDGE_LOOP('',(#4028,#4029,#4030,#4031));
#10411=EDGE_LOOP('',(#4032,#4033,#4034,#4035));
#10412=EDGE_LOOP('',(#4036,#4037,#4038,#4039));
#10413=EDGE_LOOP('',(#4040,#4041,#4042,#4043));
#10414=EDGE_LOOP('',(#4044,#4045,#4046,#4047));
#10415=EDGE_LOOP('',(#4048,#4049,#4050,#4051));
#10416=EDGE_LOOP('',(#4052,#4053,#4054,#4055));
#10417=EDGE_LOOP('',(#4056,#4057,#4058,#4059));
#10418=EDGE_LOOP('',(#4060,#4061,#4062,#4063));
#10419=EDGE_LOOP('',(#4064,#4065,#4066,#4067));
#10420=EDGE_LOOP('',(#4068,#4069,#4070,#4071));
#10421=EDGE_LOOP('',(#4072,#4073,#4074,#4075));
#10422=EDGE_LOOP('',(#4076,#4077,#4078,#4079));
#10423=EDGE_LOOP('',(#4080,#4081,#4082,#4083));
#10424=EDGE_LOOP('',(#4084,#4085,#4086,#4087));
#10425=EDGE_LOOP('',(#4088,#4089,#4090,#4091));
#10426=EDGE_LOOP('',(#4092,#4093,#4094,#4095));
#10427=EDGE_LOOP('',(#4096,#4097,#4098,#4099));
#10428=EDGE_LOOP('',(#4100,#4101,#4102,#4103));
#10429=EDGE_LOOP('',(#4104,#4105,#4106,#4107));
#10430=EDGE_LOOP('',(#4108,#4109,#4110,#4111));
#10431=EDGE_LOOP('',(#4112,#4113,#4114,#4115));
#10432=EDGE_LOOP('',(#4116,#4117,#4118,#4119));
#10433=EDGE_LOOP('',(#4120,#4121,#4122,#4123));
#10434=EDGE_LOOP('',(#4124,#4125,#4126,#4127));
#10435=EDGE_LOOP('',(#4128,#4129,#4130,#4131));
#10436=EDGE_LOOP('',(#4132,#4133,#4134,#4135,#4136,#4137,#4138,#4139));
#10437=EDGE_LOOP('',(#4140,#4141,#4142,#4143));
#10438=EDGE_LOOP('',(#4144));
#10439=EDGE_LOOP('',(#4145,#4146,#4147,#4148));
#10440=EDGE_LOOP('',(#4149,#4150,#4151,#4152));
#10441=EDGE_LOOP('',(#4153));
#10442=EDGE_LOOP('',(#4154));
#10443=EDGE_LOOP('',(#4155,#4156,#4157,#4158));
#10444=EDGE_LOOP('',(#4159,#4160,#4161,#4162));
#10445=EDGE_LOOP('',(#4163,#4164,#4165,#4166));
#10446=EDGE_LOOP('',(#4167,#4168,#4169,#4170));
#10447=EDGE_LOOP('',(#4171,#4172,#4173,#4174));
#10448=EDGE_LOOP('',(#4175,#4176,#4177,#4178));
#10449=EDGE_LOOP('',(#4179,#4180,#4181,#4182));
#10450=EDGE_LOOP('',(#4183,#4184,#4185,#4186));
#10451=EDGE_LOOP('',(#4187,#4188,#4189,#4190));
#10452=EDGE_LOOP('',(#4191,#4192,#4193,#4194));
#10453=EDGE_LOOP('',(#4195,#4196,#4197,#4198));
#10454=EDGE_LOOP('',(#4199,#4200,#4201,#4202));
#10455=EDGE_LOOP('',(#4203,#4204,#4205,#4206,#4207,#4208,#4209,#4210));
#10456=EDGE_LOOP('',(#4211));
#10457=EDGE_LOOP('',(#4212));
#10458=EDGE_LOOP('',(#4213));
#10459=EDGE_LOOP('',(#4214));
#10460=EDGE_LOOP('',(#4215,#4216,#4217,#4218));
#10461=EDGE_LOOP('',(#4219,#4220,#4221,#4222));
#10462=EDGE_LOOP('',(#4223,#4224,#4225,#4226));
#10463=EDGE_LOOP('',(#4227,#4228,#4229,#4230,#4231,#4232));
#10464=EDGE_LOOP('',(#4233,#4234,#4235,#4236));
#10465=EDGE_LOOP('',(#4237,#4238,#4239,#4240));
#10466=EDGE_LOOP('',(#4241,#4242,#4243,#4244));
#10467=EDGE_LOOP('',(#4245,#4246,#4247,#4248));
#10468=EDGE_LOOP('',(#4249,#4250,#4251,#4252));
#10469=EDGE_LOOP('',(#4253,#4254,#4255,#4256));
#10470=EDGE_LOOP('',(#4257,#4258,#4259,#4260));
#10471=EDGE_LOOP('',(#4261,#4262,#4263,#4264));
#10472=EDGE_LOOP('',(#4265,#4266,#4267,#4268));
#10473=EDGE_LOOP('',(#4269,#4270,#4271,#4272));
#10474=EDGE_LOOP('',(#4273,#4274,#4275,#4276));
#10475=EDGE_LOOP('',(#4277,#4278,#4279,#4280));
#10476=EDGE_LOOP('',(#4281,#4282,#4283,#4284));
#10477=EDGE_LOOP('',(#4285,#4286,#4287,#4288));
#10478=EDGE_LOOP('',(#4289,#4290,#4291,#4292,#4293,#4294,#4295,#4296,#4297,
#4298,#4299,#4300,#4301,#4302,#4303,#4304,#4305,#4306,#4307,#4308));
#10479=EDGE_LOOP('',(#4309,#4310,#4311,#4312));
#10480=EDGE_LOOP('',(#4313,#4314,#4315,#4316,#4317,#4318,#4319,#4320,#4321,
#4322,#4323,#4324,#4325,#4326,#4327,#4328,#4329,#4330,#4331,#4332));
#10481=EDGE_LOOP('',(#4333,#4334,#4335,#4336));
#10482=EDGE_LOOP('',(#4337,#4338,#4339,#4340,#4341,#4342,#4343,#4344,#4345,
#4346,#4347,#4348,#4349,#4350,#4351,#4352,#4353,#4354,#4355,#4356));
#10483=EDGE_LOOP('',(#4357,#4358,#4359,#4360));
#10484=EDGE_LOOP('',(#4361,#4362,#4363,#4364,#4365,#4366,#4367,#4368,#4369,
#4370,#4371,#4372,#4373,#4374,#4375,#4376,#4377,#4378,#4379,#4380));
#10485=EDGE_LOOP('',(#4381,#4382,#4383,#4384));
#10486=EDGE_LOOP('',(#4385,#4386,#4387,#4388));
#10487=EDGE_LOOP('',(#4389,#4390,#4391,#4392));
#10488=EDGE_LOOP('',(#4393,#4394,#4395,#4396));
#10489=EDGE_LOOP('',(#4397,#4398,#4399,#4400));
#10490=EDGE_LOOP('',(#4401,#4402,#4403,#4404));
#10491=EDGE_LOOP('',(#4405,#4406,#4407,#4408));
#10492=EDGE_LOOP('',(#4409,#4410,#4411,#4412,#4413,#4414));
#10493=EDGE_LOOP('',(#4415,#4416,#4417,#4418,#4419,#4420));
#10494=EDGE_LOOP('',(#4421,#4422,#4423,#4424));
#10495=EDGE_LOOP('',(#4425,#4426,#4427,#4428));
#10496=EDGE_LOOP('',(#4429));
#10497=EDGE_LOOP('',(#4430));
#10498=EDGE_LOOP('',(#4431));
#10499=EDGE_LOOP('',(#4432));
#10500=EDGE_LOOP('',(#4433));
#10501=EDGE_LOOP('',(#4434));
#10502=EDGE_LOOP('',(#4435));
#10503=EDGE_LOOP('',(#4436));
#10504=EDGE_LOOP('',(#4437));
#10505=EDGE_LOOP('',(#4438));
#10506=EDGE_LOOP('',(#4439));
#10507=EDGE_LOOP('',(#4440));
#10508=EDGE_LOOP('',(#4441));
#10509=EDGE_LOOP('',(#4442));
#10510=EDGE_LOOP('',(#4443,#4444,#4445,#4446));
#10511=EDGE_LOOP('',(#4447,#4448,#4449,#4450));
#10512=EDGE_LOOP('',(#4451,#4452,#4453,#4454));
#10513=EDGE_LOOP('',(#4455,#4456,#4457,#4458));
#10514=EDGE_LOOP('',(#4459,#4460,#4461,#4462));
#10515=EDGE_LOOP('',(#4463,#4464,#4465,#4466));
#10516=EDGE_LOOP('',(#4467,#4468,#4469,#4470));
#10517=EDGE_LOOP('',(#4471,#4472,#4473,#4474));
#10518=EDGE_LOOP('',(#4475));
#10519=EDGE_LOOP('',(#4476));
#10520=EDGE_LOOP('',(#4477));
#10521=EDGE_LOOP('',(#4478));
#10522=EDGE_LOOP('',(#4479,#4480,#4481,#4482));
#10523=EDGE_LOOP('',(#4483,#4484,#4485,#4486));
#10524=EDGE_LOOP('',(#4487,#4488,#4489,#4490));
#10525=EDGE_LOOP('',(#4491,#4492,#4493,#4494));
#10526=EDGE_LOOP('',(#4495,#4496,#4497,#4498));
#10527=EDGE_LOOP('',(#4499,#4500,#4501,#4502));
#10528=EDGE_LOOP('',(#4503,#4504,#4505,#4506));
#10529=EDGE_LOOP('',(#4507,#4508,#4509,#4510,#4511,#4512,#4513,#4514));
#10530=EDGE_LOOP('',(#4515,#4516,#4517,#4518));
#10531=EDGE_LOOP('',(#4519,#4520,#4521,#4522));
#10532=EDGE_LOOP('',(#4523,#4524,#4525,#4526));
#10533=EDGE_LOOP('',(#4527,#4528,#4529,#4530));
#10534=EDGE_LOOP('',(#4531,#4532,#4533,#4534));
#10535=EDGE_LOOP('',(#4535,#4536,#4537,#4538));
#10536=EDGE_LOOP('',(#4539,#4540,#4541,#4542));
#10537=EDGE_LOOP('',(#4543,#4544,#4545,#4546));
#10538=EDGE_LOOP('',(#4547,#4548,#4549,#4550));
#10539=EDGE_LOOP('',(#4551,#4552,#4553,#4554));
#10540=EDGE_LOOP('',(#4555,#4556,#4557,#4558));
#10541=EDGE_LOOP('',(#4559,#4560,#4561,#4562));
#10542=EDGE_LOOP('',(#4563,#4564,#4565,#4566));
#10543=EDGE_LOOP('',(#4567,#4568,#4569,#4570));
#10544=EDGE_LOOP('',(#4571,#4572,#4573,#4574));
#10545=EDGE_LOOP('',(#4575,#4576,#4577,#4578,#4579,#4580,#4581,#4582));
#10546=EDGE_LOOP('',(#4583,#4584,#4585,#4586));
#10547=EDGE_LOOP('',(#4587,#4588,#4589,#4590));
#10548=EDGE_LOOP('',(#4591,#4592,#4593,#4594,#4595,#4596,#4597,#4598));
#10549=EDGE_LOOP('',(#4599,#4600,#4601,#4602,#4603,#4604,#4605,#4606));
#10550=EDGE_LOOP('',(#4607,#4608,#4609,#4610));
#10551=EDGE_LOOP('',(#4611,#4612,#4613,#4614,#4615,#4616,#4617,#4618));
#10552=EDGE_LOOP('',(#4619,#4620,#4621,#4622));
#10553=EDGE_LOOP('',(#4623,#4624,#4625,#4626,#4627,#4628,#4629,#4630));
#10554=EDGE_LOOP('',(#4631,#4632,#4633,#4634,#4635,#4636,#4637,#4638));
#10555=EDGE_LOOP('',(#4639,#4640,#4641,#4642));
#10556=EDGE_LOOP('',(#4643,#4644,#4645,#4646,#4647,#4648,#4649,#4650));
#10557=EDGE_LOOP('',(#4651,#4652,#4653,#4654));
#10558=EDGE_LOOP('',(#4655,#4656,#4657,#4658));
#10559=EDGE_LOOP('',(#4659,#4660,#4661,#4662));
#10560=EDGE_LOOP('',(#4663,#4664,#4665,#4666));
#10561=EDGE_LOOP('',(#4667,#4668,#4669,#4670));
#10562=EDGE_LOOP('',(#4671,#4672,#4673,#4674));
#10563=EDGE_LOOP('',(#4675,#4676,#4677,#4678));
#10564=EDGE_LOOP('',(#4679,#4680,#4681,#4682));
#10565=EDGE_LOOP('',(#4683,#4684,#4685,#4686));
#10566=EDGE_LOOP('',(#4687,#4688,#4689,#4690));
#10567=EDGE_LOOP('',(#4691,#4692,#4693,#4694,#4695,#4696,#4697,#4698));
#10568=EDGE_LOOP('',(#4699,#4700,#4701,#4702));
#10569=EDGE_LOOP('',(#4703,#4704,#4705,#4706,#4707,#4708,#4709,#4710));
#10570=EDGE_LOOP('',(#4711,#4712,#4713,#4714,#4715,#4716,#4717,#4718));
#10571=EDGE_LOOP('',(#4719,#4720,#4721,#4722));
#10572=EDGE_LOOP('',(#4723,#4724,#4725,#4726,#4727,#4728,#4729,#4730));
#10573=EDGE_LOOP('',(#4731,#4732,#4733,#4734));
#10574=EDGE_LOOP('',(#4735,#4736,#4737,#4738));
#10575=EDGE_LOOP('',(#4739,#4740,#4741,#4742));
#10576=EDGE_LOOP('',(#4743,#4744,#4745,#4746));
#10577=EDGE_LOOP('',(#4747,#4748,#4749,#4750));
#10578=EDGE_LOOP('',(#4751,#4752,#4753,#4754));
#10579=EDGE_LOOP('',(#4755,#4756,#4757,#4758));
#10580=EDGE_LOOP('',(#4759,#4760,#4761,#4762));
#10581=EDGE_LOOP('',(#4763,#4764,#4765,#4766));
#10582=EDGE_LOOP('',(#4767,#4768,#4769,#4770));
#10583=EDGE_LOOP('',(#4771,#4772,#4773,#4774,#4775,#4776,#4777,#4778));
#10584=EDGE_LOOP('',(#4779,#4780,#4781,#4782));
#10585=EDGE_LOOP('',(#4783,#4784,#4785,#4786,#4787,#4788,#4789,#4790));
#10586=EDGE_LOOP('',(#4791,#4792,#4793,#4794,#4795,#4796,#4797,#4798));
#10587=EDGE_LOOP('',(#4799,#4800,#4801,#4802));
#10588=EDGE_LOOP('',(#4803,#4804,#4805,#4806,#4807,#4808,#4809,#4810));
#10589=EDGE_LOOP('',(#4811,#4812,#4813,#4814));
#10590=EDGE_LOOP('',(#4815,#4816,#4817,#4818));
#10591=EDGE_LOOP('',(#4819,#4820,#4821,#4822));
#10592=EDGE_LOOP('',(#4823,#4824,#4825,#4826));
#10593=EDGE_LOOP('',(#4827,#4828,#4829,#4830));
#10594=EDGE_LOOP('',(#4831,#4832,#4833,#4834));
#10595=EDGE_LOOP('',(#4835,#4836,#4837,#4838));
#10596=EDGE_LOOP('',(#4839,#4840,#4841,#4842));
#10597=EDGE_LOOP('',(#4843,#4844,#4845,#4846));
#10598=EDGE_LOOP('',(#4847,#4848,#4849,#4850));
#10599=EDGE_LOOP('',(#4851,#4852,#4853,#4854,#4855,#4856,#4857,#4858));
#10600=EDGE_LOOP('',(#4859,#4860,#4861,#4862));
#10601=EDGE_LOOP('',(#4863,#4864,#4865,#4866,#4867,#4868,#4869,#4870));
#10602=EDGE_LOOP('',(#4871,#4872,#4873,#4874,#4875,#4876,#4877,#4878));
#10603=EDGE_LOOP('',(#4879,#4880,#4881,#4882));
#10604=EDGE_LOOP('',(#4883,#4884,#4885,#4886,#4887,#4888,#4889,#4890));
#10605=EDGE_LOOP('',(#4891,#4892,#4893,#4894));
#10606=EDGE_LOOP('',(#4895,#4896,#4897,#4898));
#10607=EDGE_LOOP('',(#4899,#4900,#4901,#4902));
#10608=EDGE_LOOP('',(#4903,#4904,#4905,#4906));
#10609=EDGE_LOOP('',(#4907,#4908,#4909,#4910));
#10610=EDGE_LOOP('',(#4911,#4912,#4913,#4914));
#10611=EDGE_LOOP('',(#4915,#4916,#4917,#4918));
#10612=EDGE_LOOP('',(#4919,#4920,#4921,#4922));
#10613=EDGE_LOOP('',(#4923,#4924,#4925,#4926));
#10614=EDGE_LOOP('',(#4927,#4928,#4929,#4930));
#10615=EDGE_LOOP('',(#4931,#4932,#4933,#4934,#4935,#4936,#4937,#4938));
#10616=EDGE_LOOP('',(#4939,#4940,#4941,#4942));
#10617=EDGE_LOOP('',(#4943,#4944,#4945,#4946,#4947,#4948,#4949,#4950));
#10618=EDGE_LOOP('',(#4951,#4952,#4953,#4954,#4955,#4956,#4957,#4958));
#10619=EDGE_LOOP('',(#4959,#4960,#4961,#4962));
#10620=EDGE_LOOP('',(#4963,#4964,#4965,#4966,#4967,#4968,#4969,#4970));
#10621=EDGE_LOOP('',(#4971,#4972,#4973,#4974));
#10622=EDGE_LOOP('',(#4975,#4976,#4977,#4978));
#10623=EDGE_LOOP('',(#4979,#4980,#4981,#4982));
#10624=EDGE_LOOP('',(#4983,#4984,#4985,#4986));
#10625=EDGE_LOOP('',(#4987,#4988,#4989,#4990));
#10626=EDGE_LOOP('',(#4991,#4992,#4993,#4994));
#10627=EDGE_LOOP('',(#4995,#4996,#4997,#4998));
#10628=EDGE_LOOP('',(#4999,#5000,#5001,#5002));
#10629=EDGE_LOOP('',(#5003,#5004,#5005,#5006));
#10630=EDGE_LOOP('',(#5007,#5008,#5009,#5010));
#10631=EDGE_LOOP('',(#5011,#5012,#5013,#5014,#5015,#5016,#5017,#5018));
#10632=EDGE_LOOP('',(#5019,#5020,#5021,#5022));
#10633=EDGE_LOOP('',(#5023,#5024,#5025,#5026,#5027,#5028,#5029,#5030));
#10634=EDGE_LOOP('',(#5031,#5032,#5033,#5034,#5035,#5036,#5037,#5038));
#10635=EDGE_LOOP('',(#5039,#5040,#5041,#5042));
#10636=EDGE_LOOP('',(#5043,#5044,#5045,#5046,#5047,#5048,#5049,#5050));
#10637=EDGE_LOOP('',(#5051,#5052,#5053,#5054));
#10638=EDGE_LOOP('',(#5055,#5056,#5057,#5058));
#10639=EDGE_LOOP('',(#5059,#5060,#5061,#5062));
#10640=EDGE_LOOP('',(#5063,#5064,#5065,#5066));
#10641=EDGE_LOOP('',(#5067,#5068,#5069,#5070));
#10642=EDGE_LOOP('',(#5071,#5072,#5073,#5074));
#10643=EDGE_LOOP('',(#5075,#5076,#5077,#5078));
#10644=EDGE_LOOP('',(#5079,#5080,#5081,#5082));
#10645=EDGE_LOOP('',(#5083,#5084,#5085,#5086));
#10646=EDGE_LOOP('',(#5087,#5088,#5089,#5090));
#10647=EDGE_LOOP('',(#5091,#5092,#5093,#5094,#5095,#5096,#5097,#5098));
#10648=EDGE_LOOP('',(#5099,#5100,#5101,#5102));
#10649=EDGE_LOOP('',(#5103,#5104,#5105,#5106,#5107,#5108,#5109,#5110));
#10650=EDGE_LOOP('',(#5111,#5112,#5113,#5114,#5115,#5116,#5117,#5118));
#10651=EDGE_LOOP('',(#5119,#5120,#5121,#5122));
#10652=EDGE_LOOP('',(#5123,#5124,#5125,#5126,#5127,#5128,#5129,#5130));
#10653=EDGE_LOOP('',(#5131,#5132,#5133,#5134));
#10654=EDGE_LOOP('',(#5135,#5136,#5137,#5138));
#10655=EDGE_LOOP('',(#5139,#5140,#5141,#5142));
#10656=EDGE_LOOP('',(#5143,#5144,#5145,#5146));
#10657=EDGE_LOOP('',(#5147,#5148,#5149,#5150));
#10658=EDGE_LOOP('',(#5151,#5152,#5153,#5154));
#10659=EDGE_LOOP('',(#5155,#5156,#5157,#5158));
#10660=EDGE_LOOP('',(#5159,#5160,#5161,#5162));
#10661=EDGE_LOOP('',(#5163,#5164,#5165,#5166));
#10662=EDGE_LOOP('',(#5167,#5168,#5169,#5170,#5171,#5172,#5173,#5174));
#10663=EDGE_LOOP('',(#5175,#5176,#5177,#5178));
#10664=EDGE_LOOP('',(#5179,#5180,#5181,#5182,#5183,#5184,#5185,#5186));
#10665=EDGE_LOOP('',(#5187,#5188,#5189,#5190));
#10666=EDGE_LOOP('',(#5191,#5192,#5193,#5194));
#10667=EDGE_LOOP('',(#5195,#5196,#5197,#5198));
#10668=EDGE_LOOP('',(#5199,#5200,#5201,#5202));
#10669=EDGE_LOOP('',(#5203,#5204,#5205,#5206));
#10670=EDGE_LOOP('',(#5207,#5208,#5209,#5210));
#10671=EDGE_LOOP('',(#5211,#5212,#5213,#5214));
#10672=EDGE_LOOP('',(#5215,#5216,#5217,#5218));
#10673=EDGE_LOOP('',(#5219,#5220,#5221,#5222));
#10674=EDGE_LOOP('',(#5223,#5224,#5225,#5226));
#10675=EDGE_LOOP('',(#5227,#5228,#5229,#5230));
#10676=EDGE_LOOP('',(#5231,#5232,#5233,#5234));
#10677=EDGE_LOOP('',(#5235,#5236,#5237,#5238));
#10678=EDGE_LOOP('',(#5239,#5240,#5241,#5242));
#10679=EDGE_LOOP('',(#5243,#5244,#5245,#5246));
#10680=EDGE_LOOP('',(#5247,#5248,#5249,#5250,#5251,#5252,#5253,#5254,#5255,
#5256,#5257,#5258,#5259,#5260));
#10681=EDGE_LOOP('',(#5261,#5262,#5263,#5264));
#10682=EDGE_LOOP('',(#5265,#5266,#5267,#5268));
#10683=EDGE_LOOP('',(#5269,#5270,#5271,#5272,#5273,#5274,#5275,#5276,#5277,
#5278,#5279,#5280,#5281,#5282));
#10684=EDGE_LOOP('',(#5283,#5284,#5285,#5286));
#10685=EDGE_LOOP('',(#5287,#5288,#5289,#5290));
#10686=EDGE_LOOP('',(#5291,#5292,#5293,#5294));
#10687=EDGE_LOOP('',(#5295,#5296,#5297,#5298));
#10688=EDGE_LOOP('',(#5299,#5300,#5301,#5302,#5303,#5304,#5305,#5306));
#10689=EDGE_LOOP('',(#5307,#5308,#5309,#5310));
#10690=EDGE_LOOP('',(#5311,#5312,#5313,#5314));
#10691=EDGE_LOOP('',(#5315,#5316,#5317,#5318));
#10692=EDGE_LOOP('',(#5319,#5320,#5321,#5322));
#10693=EDGE_LOOP('',(#5323,#5324,#5325,#5326));
#10694=EDGE_LOOP('',(#5327,#5328,#5329,#5330));
#10695=EDGE_LOOP('',(#5331,#5332,#5333,#5334));
#10696=EDGE_LOOP('',(#5335,#5336,#5337,#5338));
#10697=EDGE_LOOP('',(#5339,#5340,#5341,#5342));
#10698=EDGE_LOOP('',(#5343,#5344,#5345,#5346,#5347,#5348,#5349,#5350));
#10699=EDGE_LOOP('',(#5351,#5352,#5353,#5354,#5355,#5356,#5357,#5358));
#10700=EDGE_LOOP('',(#5359,#5360,#5361,#5362));
#10701=EDGE_LOOP('',(#5363,#5364,#5365,#5366,#5367,#5368,#5369,#5370));
#10702=EDGE_LOOP('',(#5371,#5372,#5373,#5374));
#10703=EDGE_LOOP('',(#5375,#5376,#5377,#5378,#5379,#5380,#5381,#5382));
#10704=EDGE_LOOP('',(#5383,#5384,#5385,#5386));
#10705=EDGE_LOOP('',(#5387,#5388,#5389,#5390,#5391,#5392,#5393,#5394));
#10706=EDGE_LOOP('',(#5395,#5396,#5397,#5398));
#10707=EDGE_LOOP('',(#5399,#5400,#5401,#5402));
#10708=EDGE_LOOP('',(#5403,#5404,#5405,#5406));
#10709=EDGE_LOOP('',(#5407,#5408,#5409,#5410));
#10710=EDGE_LOOP('',(#5411,#5412,#5413,#5414));
#10711=EDGE_LOOP('',(#5415,#5416,#5417,#5418));
#10712=EDGE_LOOP('',(#5419,#5420,#5421,#5422));
#10713=EDGE_LOOP('',(#5423,#5424,#5425,#5426));
#10714=EDGE_LOOP('',(#5427,#5428,#5429,#5430));
#10715=EDGE_LOOP('',(#5431,#5432,#5433,#5434));
#10716=EDGE_LOOP('',(#5435,#5436,#5437,#5438));
#10717=EDGE_LOOP('',(#5439,#5440,#5441,#5442));
#10718=EDGE_LOOP('',(#5443,#5444,#5445,#5446));
#10719=EDGE_LOOP('',(#5447,#5448,#5449,#5450));
#10720=EDGE_LOOP('',(#5451,#5452,#5453,#5454));
#10721=EDGE_LOOP('',(#5455,#5456,#5457,#5458));
#10722=EDGE_LOOP('',(#5459,#5460,#5461,#5462));
#10723=EDGE_LOOP('',(#5463,#5464,#5465,#5466));
#10724=EDGE_LOOP('',(#5467,#5468,#5469,#5470));
#10725=EDGE_LOOP('',(#5471,#5472,#5473,#5474));
#10726=EDGE_LOOP('',(#5475,#5476,#5477,#5478));
#10727=EDGE_LOOP('',(#5479,#5480,#5481,#5482,#5483,#5484,#5485,#5486,#5487,
#5488,#5489,#5490));
#10728=EDGE_LOOP('',(#5491,#5492,#5493,#5494));
#10729=EDGE_LOOP('',(#5495,#5496,#5497,#5498,#5499,#5500,#5501,#5502,#5503,
#5504,#5505,#5506));
#10730=EDGE_LOOP('',(#5507,#5508,#5509,#5510));
#10731=EDGE_LOOP('',(#5511,#5512,#5513,#5514,#5515,#5516));
#10732=EDGE_LOOP('',(#5517,#5518,#5519,#5520));
#10733=EDGE_LOOP('',(#5521,#5522,#5523,#5524,#5525,#5526));
#10734=EDGE_LOOP('',(#5527,#5528,#5529,#5530));
#10735=EDGE_LOOP('',(#5531,#5532,#5533,#5534,#5535,#5536,#5537,#5538));
#10736=EDGE_LOOP('',(#5539,#5540,#5541,#5542,#5543,#5544,#5545,#5546));
#10737=EDGE_LOOP('',(#5547,#5548,#5549,#5550));
#10738=EDGE_LOOP('',(#5551,#5552,#5553,#5554));
#10739=EDGE_LOOP('',(#5555,#5556,#5557,#5558));
#10740=EDGE_LOOP('',(#5559,#5560,#5561,#5562));
#10741=EDGE_LOOP('',(#5563,#5564,#5565,#5566));
#10742=EDGE_LOOP('',(#5567,#5568,#5569,#5570));
#10743=EDGE_LOOP('',(#5571,#5572,#5573,#5574));
#10744=EDGE_LOOP('',(#5575,#5576,#5577,#5578));
#10745=EDGE_LOOP('',(#5579,#5580,#5581,#5582));
#10746=EDGE_LOOP('',(#5583,#5584,#5585,#5586));
#10747=EDGE_LOOP('',(#5587,#5588,#5589,#5590));
#10748=EDGE_LOOP('',(#5591,#5592,#5593,#5594));
#10749=EDGE_LOOP('',(#5595,#5596,#5597,#5598));
#10750=EDGE_LOOP('',(#5599,#5600,#5601,#5602));
#10751=EDGE_LOOP('',(#5603,#5604,#5605,#5606));
#10752=EDGE_LOOP('',(#5607,#5608,#5609,#5610));
#10753=EDGE_LOOP('',(#5611,#5612,#5613,#5614));
#10754=EDGE_LOOP('',(#5615,#5616,#5617,#5618));
#10755=EDGE_LOOP('',(#5619,#5620,#5621,#5622));
#10756=EDGE_LOOP('',(#5623,#5624,#5625,#5626));
#10757=EDGE_LOOP('',(#5627,#5628,#5629,#5630));
#10758=EDGE_LOOP('',(#5631,#5632,#5633,#5634));
#10759=EDGE_LOOP('',(#5635,#5636,#5637,#5638));
#10760=EDGE_LOOP('',(#5639,#5640,#5641,#5642));
#10761=EDGE_LOOP('',(#5643,#5644,#5645,#5646));
#10762=EDGE_LOOP('',(#5647,#5648,#5649,#5650));
#10763=EDGE_LOOP('',(#5651,#5652,#5653,#5654));
#10764=EDGE_LOOP('',(#5655,#5656,#5657,#5658));
#10765=EDGE_LOOP('',(#5659,#5660,#5661,#5662));
#10766=EDGE_LOOP('',(#5663,#5664,#5665,#5666));
#10767=EDGE_LOOP('',(#5667,#5668,#5669,#5670));
#10768=EDGE_LOOP('',(#5671,#5672,#5673,#5674));
#10769=EDGE_LOOP('',(#5675,#5676,#5677,#5678));
#10770=EDGE_LOOP('',(#5679,#5680,#5681,#5682));
#10771=EDGE_LOOP('',(#5683,#5684,#5685,#5686));
#10772=EDGE_LOOP('',(#5687,#5688,#5689,#5690));
#10773=EDGE_LOOP('',(#5691,#5692,#5693,#5694));
#10774=EDGE_LOOP('',(#5695,#5696,#5697,#5698));
#10775=EDGE_LOOP('',(#5699,#5700,#5701,#5702));
#10776=EDGE_LOOP('',(#5703,#5704,#5705,#5706,#5707,#5708,#5709,#5710));
#10777=EDGE_LOOP('',(#5711,#5712,#5713,#5714));
#10778=EDGE_LOOP('',(#5715,#5716,#5717,#5718,#5719,#5720,#5721,#5722));
#10779=EDGE_LOOP('',(#5723,#5724,#5725,#5726));
#10780=EDGE_LOOP('',(#5727,#5728,#5729,#5730));
#10781=EDGE_LOOP('',(#5731,#5732,#5733,#5734));
#10782=EDGE_LOOP('',(#5735,#5736,#5737,#5738));
#10783=EDGE_LOOP('',(#5739,#5740,#5741,#5742));
#10784=EDGE_LOOP('',(#5743,#5744,#5745,#5746));
#10785=EDGE_LOOP('',(#5747,#5748,#5749,#5750));
#10786=EDGE_LOOP('',(#5751,#5752,#5753,#5754));
#10787=EDGE_LOOP('',(#5755,#5756,#5757,#5758));
#10788=EDGE_LOOP('',(#5759,#5760,#5761,#5762));
#10789=EDGE_LOOP('',(#5763,#5764,#5765,#5766));
#10790=EDGE_LOOP('',(#5767,#5768,#5769,#5770));
#10791=EDGE_LOOP('',(#5771,#5772,#5773,#5774));
#10792=EDGE_LOOP('',(#5775,#5776,#5777,#5778));
#10793=EDGE_LOOP('',(#5779,#5780,#5781,#5782));
#10794=EDGE_LOOP('',(#5783,#5784,#5785,#5786));
#10795=EDGE_LOOP('',(#5787,#5788,#5789,#5790));
#10796=EDGE_LOOP('',(#5791,#5792,#5793,#5794));
#10797=EDGE_LOOP('',(#5795,#5796,#5797,#5798));
#10798=EDGE_LOOP('',(#5799,#5800,#5801,#5802));
#10799=EDGE_LOOP('',(#5803,#5804,#5805,#5806));
#10800=EDGE_LOOP('',(#5807,#5808,#5809,#5810));
#10801=EDGE_LOOP('',(#5811,#5812,#5813,#5814));
#10802=EDGE_LOOP('',(#5815,#5816,#5817,#5818));
#10803=EDGE_LOOP('',(#5819,#5820,#5821,#5822));
#10804=EDGE_LOOP('',(#5823));
#10805=EDGE_LOOP('',(#5824));
#10806=EDGE_LOOP('',(#5825,#5826,#5827,#5828));
#10807=EDGE_LOOP('',(#5829,#5830,#5831,#5832));
#10808=EDGE_LOOP('',(#5833,#5834,#5835,#5836));
#10809=EDGE_LOOP('',(#5837,#5838,#5839,#5840));
#10810=EDGE_LOOP('',(#5841));
#10811=EDGE_LOOP('',(#5842));
#10812=EDGE_LOOP('',(#5843,#5844,#5845,#5846));
#10813=EDGE_LOOP('',(#5847,#5848,#5849,#5850));
#10814=EDGE_LOOP('',(#5851,#5852,#5853,#5854));
#10815=EDGE_LOOP('',(#5855,#5856,#5857,#5858));
#10816=EDGE_LOOP('',(#5859,#5860,#5861,#5862));
#10817=EDGE_LOOP('',(#5863));
#10818=EDGE_LOOP('',(#5864));
#10819=EDGE_LOOP('',(#5865,#5866,#5867,#5868,#5869,#5870,#5871,#5872,#5873,
#5874,#5875));
#10820=EDGE_LOOP('',(#5876,#5877,#5878,#5879));
#10821=EDGE_LOOP('',(#5880,#5881,#5882,#5883));
#10822=EDGE_LOOP('',(#5884,#5885,#5886,#5887));
#10823=EDGE_LOOP('',(#5888,#5889,#5890,#5891));
#10824=EDGE_LOOP('',(#5892,#5893,#5894,#5895));
#10825=EDGE_LOOP('',(#5896,#5897,#5898,#5899));
#10826=EDGE_LOOP('',(#5900,#5901,#5902,#5903));
#10827=EDGE_LOOP('',(#5904,#5905,#5906,#5907));
#10828=EDGE_LOOP('',(#5908,#5909,#5910,#5911));
#10829=EDGE_LOOP('',(#5912,#5913,#5914,#5915));
#10830=EDGE_LOOP('',(#5916,#5917,#5918,#5919));
#10831=EDGE_LOOP('',(#5920,#5921,#5922,#5923));
#10832=EDGE_LOOP('',(#5924,#5925,#5926,#5927));
#10833=EDGE_LOOP('',(#5928,#5929,#5930,#5931));
#10834=EDGE_LOOP('',(#5932,#5933,#5934,#5935));
#10835=EDGE_LOOP('',(#5936,#5937,#5938,#5939));
#10836=EDGE_LOOP('',(#5940,#5941,#5942,#5943));
#10837=EDGE_LOOP('',(#5944,#5945,#5946,#5947));
#10838=EDGE_LOOP('',(#5948,#5949,#5950,#5951));
#10839=EDGE_LOOP('',(#5952,#5953,#5954,#5955));
#10840=EDGE_LOOP('',(#5956,#5957,#5958,#5959));
#10841=EDGE_LOOP('',(#5960,#5961,#5962,#5963));
#10842=EDGE_LOOP('',(#5964,#5965,#5966,#5967));
#10843=EDGE_LOOP('',(#5968,#5969,#5970,#5971));
#10844=EDGE_LOOP('',(#5972,#5973,#5974,#5975));
#10845=EDGE_LOOP('',(#5976,#5977,#5978,#5979));
#10846=EDGE_LOOP('',(#5980,#5981,#5982,#5983));
#10847=EDGE_LOOP('',(#5984,#5985,#5986,#5987));
#10848=EDGE_LOOP('',(#5988,#5989,#5990,#5991));
#10849=EDGE_LOOP('',(#5992,#5993,#5994,#5995));
#10850=EDGE_LOOP('',(#5996,#5997,#5998,#5999));
#10851=EDGE_LOOP('',(#6000,#6001,#6002,#6003));
#10852=EDGE_LOOP('',(#6004,#6005,#6006,#6007));
#10853=EDGE_LOOP('',(#6008,#6009,#6010,#6011));
#10854=EDGE_LOOP('',(#6012,#6013,#6014,#6015));
#10855=EDGE_LOOP('',(#6016,#6017,#6018,#6019));
#10856=EDGE_LOOP('',(#6020,#6021,#6022,#6023));
#10857=EDGE_LOOP('',(#6024));
#10858=EDGE_LOOP('',(#6025));
#10859=EDGE_LOOP('',(#6026));
#10860=EDGE_LOOP('',(#6027));
#10861=EDGE_LOOP('',(#6028));
#10862=EDGE_LOOP('',(#6029));
#10863=EDGE_LOOP('',(#6030));
#10864=EDGE_LOOP('',(#6031));
#10865=EDGE_LOOP('',(#6032,#6033,#6034,#6035));
#10866=EDGE_LOOP('',(#6036,#6037,#6038,#6039));
#10867=EDGE_LOOP('',(#6040,#6041,#6042,#6043));
#10868=EDGE_LOOP('',(#6044,#6045,#6046,#6047));
#10869=EDGE_LOOP('',(#6048));
#10870=EDGE_LOOP('',(#6049));
#10871=EDGE_LOOP('',(#6050));
#10872=EDGE_LOOP('',(#6051));
#10873=EDGE_LOOP('',(#6052,#6053,#6054,#6055));
#10874=EDGE_LOOP('',(#6056,#6057,#6058,#6059));
#10875=EDGE_LOOP('',(#6060,#6061,#6062,#6063));
#10876=EDGE_LOOP('',(#6064,#6065,#6066,#6067));
#10877=EDGE_LOOP('',(#6068,#6069,#6070,#6071));
#10878=EDGE_LOOP('',(#6072,#6073,#6074,#6075));
#10879=EDGE_LOOP('',(#6076,#6077,#6078,#6079));
#10880=EDGE_LOOP('',(#6080,#6081,#6082,#6083));
#10881=EDGE_LOOP('',(#6084,#6085,#6086,#6087));
#10882=EDGE_LOOP('',(#6088,#6089,#6090,#6091));
#10883=EDGE_LOOP('',(#6092,#6093,#6094,#6095));
#10884=EDGE_LOOP('',(#6096,#6097,#6098,#6099));
#10885=EDGE_LOOP('',(#6100,#6101,#6102,#6103));
#10886=EDGE_LOOP('',(#6104,#6105,#6106,#6107));
#10887=EDGE_LOOP('',(#6108,#6109,#6110,#6111));
#10888=EDGE_LOOP('',(#6112,#6113,#6114,#6115));
#10889=EDGE_LOOP('',(#6116,#6117,#6118,#6119));
#10890=EDGE_LOOP('',(#6120,#6121,#6122,#6123));
#10891=EDGE_LOOP('',(#6124,#6125,#6126,#6127));
#10892=EDGE_LOOP('',(#6128,#6129,#6130,#6131));
#10893=EDGE_LOOP('',(#6132,#6133,#6134,#6135));
#10894=EDGE_LOOP('',(#6136,#6137,#6138,#6139));
#10895=EDGE_LOOP('',(#6140,#6141,#6142,#6143));
#10896=EDGE_LOOP('',(#6144,#6145,#6146,#6147));
#10897=EDGE_LOOP('',(#6148,#6149,#6150,#6151));
#10898=EDGE_LOOP('',(#6152,#6153,#6154,#6155));
#10899=EDGE_LOOP('',(#6156,#6157,#6158,#6159));
#10900=EDGE_LOOP('',(#6160,#6161,#6162,#6163));
#10901=EDGE_LOOP('',(#6164,#6165,#6166,#6167));
#10902=EDGE_LOOP('',(#6168,#6169,#6170,#6171));
#10903=EDGE_LOOP('',(#6172,#6173,#6174,#6175));
#10904=EDGE_LOOP('',(#6176,#6177,#6178,#6179));
#10905=EDGE_LOOP('',(#6180,#6181,#6182,#6183));
#10906=EDGE_LOOP('',(#6184,#6185,#6186,#6187));
#10907=EDGE_LOOP('',(#6188,#6189,#6190,#6191));
#10908=EDGE_LOOP('',(#6192,#6193,#6194,#6195));
#10909=EDGE_LOOP('',(#6196,#6197,#6198,#6199));
#10910=EDGE_LOOP('',(#6200,#6201,#6202,#6203));
#10911=EDGE_LOOP('',(#6204,#6205,#6206,#6207));
#10912=EDGE_LOOP('',(#6208,#6209,#6210,#6211));
#10913=EDGE_LOOP('',(#6212,#6213,#6214,#6215));
#10914=EDGE_LOOP('',(#6216,#6217,#6218,#6219));
#10915=EDGE_LOOP('',(#6220,#6221,#6222,#6223));
#10916=EDGE_LOOP('',(#6224,#6225,#6226,#6227));
#10917=EDGE_LOOP('',(#6228,#6229,#6230,#6231));
#10918=EDGE_LOOP('',(#6232,#6233,#6234,#6235));
#10919=EDGE_LOOP('',(#6236,#6237,#6238,#6239));
#10920=EDGE_LOOP('',(#6240,#6241,#6242,#6243));
#10921=EDGE_LOOP('',(#6244,#6245,#6246,#6247));
#10922=EDGE_LOOP('',(#6248,#6249,#6250,#6251));
#10923=EDGE_LOOP('',(#6252,#6253,#6254,#6255));
#10924=EDGE_LOOP('',(#6256,#6257,#6258,#6259));
#10925=EDGE_LOOP('',(#6260,#6261,#6262,#6263));
#10926=EDGE_LOOP('',(#6264,#6265,#6266,#6267));
#10927=EDGE_LOOP('',(#6268,#6269,#6270,#6271));
#10928=EDGE_LOOP('',(#6272,#6273,#6274,#6275));
#10929=EDGE_LOOP('',(#6276,#6277,#6278,#6279));
#10930=EDGE_LOOP('',(#6280,#6281,#6282,#6283));
#10931=EDGE_LOOP('',(#6284,#6285,#6286,#6287));
#10932=EDGE_LOOP('',(#6288,#6289,#6290,#6291));
#10933=EDGE_LOOP('',(#6292,#6293,#6294,#6295));
#10934=EDGE_LOOP('',(#6296));
#10935=EDGE_LOOP('',(#6297));
#10936=EDGE_LOOP('',(#6298));
#10937=EDGE_LOOP('',(#6299));
#10938=EDGE_LOOP('',(#6300));
#10939=EDGE_LOOP('',(#6301));
#10940=EDGE_LOOP('',(#6302));
#10941=EDGE_LOOP('',(#6303));
#10942=EDGE_LOOP('',(#6304,#6305,#6306,#6307));
#10943=EDGE_LOOP('',(#6308,#6309,#6310,#6311));
#10944=EDGE_LOOP('',(#6312,#6313,#6314,#6315));
#10945=EDGE_LOOP('',(#6316,#6317,#6318,#6319));
#10946=EDGE_LOOP('',(#6320,#6321,#6322,#6323));
#10947=EDGE_LOOP('',(#6324,#6325,#6326,#6327));
#10948=EDGE_LOOP('',(#6328,#6329,#6330,#6331));
#10949=EDGE_LOOP('',(#6332,#6333,#6334,#6335));
#10950=EDGE_LOOP('',(#6336));
#10951=EDGE_LOOP('',(#6337));
#10952=EDGE_LOOP('',(#6338));
#10953=EDGE_LOOP('',(#6339));
#10954=EDGE_LOOP('',(#6340,#6341,#6342,#6343));
#10955=EDGE_LOOP('',(#6344,#6345,#6346,#6347));
#10956=EDGE_LOOP('',(#6348,#6349,#6350,#6351));
#10957=EDGE_LOOP('',(#6352,#6353,#6354,#6355));
#10958=EDGE_LOOP('',(#6356,#6357,#6358,#6359));
#10959=EDGE_LOOP('',(#6360,#6361,#6362,#6363));
#10960=EDGE_LOOP('',(#6364));
#10961=EDGE_LOOP('',(#6365));
#10962=EDGE_LOOP('',(#6366,#6367,#6368,#6369));
#10963=EDGE_LOOP('',(#6370,#6371,#6372,#6373));
#10964=EDGE_LOOP('',(#6374));
#10965=EDGE_LOOP('',(#6375));
#10966=EDGE_LOOP('',(#6376));
#10967=EDGE_LOOP('',(#6377));
#10968=EDGE_LOOP('',(#6378,#6379,#6380,#6381));
#10969=EDGE_LOOP('',(#6382,#6383,#6384,#6385));
#10970=EDGE_LOOP('',(#6386,#6387,#6388,#6389));
#10971=EDGE_LOOP('',(#6390,#6391,#6392,#6393));
#10972=EDGE_LOOP('',(#6394,#6395,#6396,#6397));
#10973=EDGE_LOOP('',(#6398,#6399,#6400,#6401));
#10974=EDGE_LOOP('',(#6402,#6403,#6404,#6405));
#10975=EDGE_LOOP('',(#6406,#6407,#6408,#6409));
#10976=EDGE_LOOP('',(#6410,#6411,#6412,#6413));
#10977=EDGE_LOOP('',(#6414,#6415,#6416,#6417));
#10978=EDGE_LOOP('',(#6418,#6419,#6420,#6421));
#10979=EDGE_LOOP('',(#6422,#6423,#6424,#6425));
#10980=EDGE_LOOP('',(#6426,#6427,#6428,#6429,#6430,#6431,#6432,#6433,#6434,
#6435,#6436));
#10981=EDGE_LOOP('',(#6437,#6438,#6439,#6440));
#10982=EDGE_LOOP('',(#6441,#6442,#6443,#6444));
#10983=EDGE_LOOP('',(#6445,#6446,#6447,#6448));
#10984=EDGE_LOOP('',(#6449,#6450,#6451,#6452));
#10985=EDGE_LOOP('',(#6453,#6454,#6455,#6456));
#10986=EDGE_LOOP('',(#6457,#6458,#6459,#6460,#6461,#6462,#6463,#6464));
#10987=EDGE_LOOP('',(#6465,#6466,#6467,#6468));
#10988=EDGE_LOOP('',(#6469,#6470,#6471,#6472,#6473,#6474,#6475,#6476));
#10989=EDGE_LOOP('',(#6477,#6478,#6479,#6480));
#10990=EDGE_LOOP('',(#6481,#6482,#6483,#6484));
#10991=EDGE_LOOP('',(#6485,#6486,#6487,#6488));
#10992=EDGE_LOOP('',(#6489,#6490,#6491,#6492));
#10993=EDGE_LOOP('',(#6493,#6494,#6495,#6496));
#10994=EDGE_LOOP('',(#6497,#6498,#6499,#6500));
#10995=EDGE_LOOP('',(#6501,#6502,#6503,#6504));
#10996=EDGE_LOOP('',(#6505,#6506,#6507,#6508));
#10997=EDGE_LOOP('',(#6509,#6510,#6511,#6512));
#10998=EDGE_LOOP('',(#6513,#6514,#6515,#6516));
#10999=EDGE_LOOP('',(#6517,#6518,#6519,#6520));
#11000=EDGE_LOOP('',(#6521,#6522,#6523,#6524));
#11001=EDGE_LOOP('',(#6525,#6526,#6527,#6528));
#11002=EDGE_LOOP('',(#6529,#6530,#6531,#6532));
#11003=EDGE_LOOP('',(#6533,#6534,#6535,#6536));
#11004=EDGE_LOOP('',(#6537,#6538,#6539,#6540));
#11005=EDGE_LOOP('',(#6541,#6542,#6543,#6544));
#11006=EDGE_LOOP('',(#6545,#6546,#6547,#6548));
#11007=EDGE_LOOP('',(#6549,#6550,#6551,#6552));
#11008=EDGE_LOOP('',(#6553,#6554,#6555,#6556));
#11009=EDGE_LOOP('',(#6557,#6558,#6559,#6560));
#11010=EDGE_LOOP('',(#6561,#6562,#6563,#6564));
#11011=EDGE_LOOP('',(#6565,#6566,#6567,#6568));
#11012=EDGE_LOOP('',(#6569,#6570,#6571,#6572));
#11013=EDGE_LOOP('',(#6573,#6574,#6575,#6576));
#11014=EDGE_LOOP('',(#6577,#6578,#6579,#6580));
#11015=EDGE_LOOP('',(#6581,#6582,#6583,#6584));
#11016=EDGE_LOOP('',(#6585,#6586,#6587,#6588));
#11017=EDGE_LOOP('',(#6589,#6590,#6591,#6592));
#11018=EDGE_LOOP('',(#6593,#6594,#6595,#6596));
#11019=EDGE_LOOP('',(#6597,#6598,#6599,#6600));
#11020=EDGE_LOOP('',(#6601,#6602,#6603,#6604));
#11021=EDGE_LOOP('',(#6605,#6606,#6607,#6608));
#11022=EDGE_LOOP('',(#6609,#6610,#6611,#6612));
#11023=EDGE_LOOP('',(#6613,#6614,#6615,#6616));
#11024=EDGE_LOOP('',(#6617));
#11025=EDGE_LOOP('',(#6618));
#11026=EDGE_LOOP('',(#6619));
#11027=EDGE_LOOP('',(#6620));
#11028=EDGE_LOOP('',(#6621));
#11029=EDGE_LOOP('',(#6622));
#11030=EDGE_LOOP('',(#6623));
#11031=EDGE_LOOP('',(#6624));
#11032=EDGE_LOOP('',(#6625));
#11033=EDGE_LOOP('',(#6626));
#11034=EDGE_LOOP('',(#6627));
#11035=EDGE_LOOP('',(#6628));
#11036=EDGE_LOOP('',(#6629));
#11037=EDGE_LOOP('',(#6630));
#11038=EDGE_LOOP('',(#6631));
#11039=EDGE_LOOP('',(#6632));
#11040=EDGE_LOOP('',(#6633));
#11041=EDGE_LOOP('',(#6634));
#11042=EDGE_LOOP('',(#6635));
#11043=EDGE_LOOP('',(#6636));
#11044=EDGE_LOOP('',(#6637));
#11045=EDGE_LOOP('',(#6638));
#11046=EDGE_LOOP('',(#6639));
#11047=EDGE_LOOP('',(#6640));
#11048=EDGE_LOOP('',(#6641));
#11049=EDGE_LOOP('',(#6642));
#11050=EDGE_LOOP('',(#6643));
#11051=EDGE_LOOP('',(#6644));
#11052=EDGE_LOOP('',(#6645));
#11053=EDGE_LOOP('',(#6646));
#11054=EDGE_LOOP('',(#6647));
#11055=EDGE_LOOP('',(#6648));
#11056=EDGE_LOOP('',(#6649));
#11057=EDGE_LOOP('',(#6650));
#11058=EDGE_LOOP('',(#6651));
#11059=EDGE_LOOP('',(#6652));
#11060=EDGE_LOOP('',(#6653));
#11061=EDGE_LOOP('',(#6654));
#11062=EDGE_LOOP('',(#6655));
#11063=EDGE_LOOP('',(#6656));
#11064=EDGE_LOOP('',(#6657,#6658,#6659,#6660));
#11065=EDGE_LOOP('',(#6661,#6662,#6663,#6664));
#11066=EDGE_LOOP('',(#6665,#6666,#6667,#6668));
#11067=EDGE_LOOP('',(#6669,#6670,#6671,#6672,#6673,#6674,#6675,#6676));
#11068=EDGE_LOOP('',(#6677,#6678,#6679,#6680,#6681,#6682));
#11069=EDGE_LOOP('',(#6683,#6684,#6685,#6686,#6687,#6688,#6689,#6690,#6691,
#6692,#6693,#6694));
#11070=EDGE_LOOP('',(#6695,#6696,#6697,#6698));
#11071=EDGE_LOOP('',(#6699,#6700,#6701,#6702,#6703,#6704,#6705,#6706,#6707,
#6708,#6709,#6710));
#11072=EDGE_LOOP('',(#6711,#6712,#6713,#6714,#6715,#6716));
#11073=EDGE_LOOP('',(#6717,#6718,#6719,#6720,#6721,#6722,#6723,#6724,#6725,
#6726));
#11074=EDGE_LOOP('',(#6727,#6728,#6729,#6730,#6731,#6732,#6733,#6734,#6735,
#6736));
#11075=EDGE_LOOP('',(#6737,#6738,#6739,#6740,#6741,#6742));
#11076=EDGE_LOOP('',(#6743,#6744,#6745,#6746,#6747,#6748,#6749,#6750,#6751,
#6752,#6753,#6754));
#11077=EDGE_LOOP('',(#6755,#6756,#6757,#6758));
#11078=EDGE_LOOP('',(#6759,#6760,#6761,#6762,#6763,#6764,#6765,#6766,#6767,
#6768,#6769,#6770));
#11079=EDGE_LOOP('',(#6771,#6772,#6773,#6774,#6775,#6776));
#11080=EDGE_LOOP('',(#6777,#6778,#6779,#6780,#6781,#6782,#6783,#6784));
#11081=EDGE_LOOP('',(#6785,#6786,#6787,#6788));
#11082=EDGE_LOOP('',(#6789,#6790,#6791,#6792,#6793,#6794));
#11083=EDGE_LOOP('',(#6795,#6796,#6797,#6798));
#11084=EDGE_LOOP('',(#6799,#6800,#6801,#6802,#6803,#6804));
#11085=EDGE_LOOP('',(#6805,#6806,#6807,#6808));
#11086=EDGE_LOOP('',(#6809,#6810,#6811,#6812));
#11087=EDGE_LOOP('',(#6813,#6814,#6815,#6816,#6817,#6818,#6819,#6820,#6821,
#6822,#6823,#6824));
#11088=EDGE_LOOP('',(#6825,#6826,#6827,#6828,#6829,#6830,#6831,#6832,#6833,
#6834,#6835,#6836));
#11089=EDGE_LOOP('',(#6837,#6838,#6839,#6840));
#11090=EDGE_LOOP('',(#6841,#6842,#6843,#6844,#6845,#6846));
#11091=EDGE_LOOP('',(#6847,#6848,#6849,#6850));
#11092=EDGE_LOOP('',(#6851,#6852,#6853,#6854,#6855,#6856));
#11093=EDGE_LOOP('',(#6857,#6858,#6859,#6860));
#11094=EDGE_LOOP('',(#6861,#6862,#6863,#6864));
#11095=EDGE_LOOP('',(#6865,#6866,#6867,#6868));
#11096=EDGE_LOOP('',(#6869,#6870,#6871,#6872,#6873,#6874));
#11097=EDGE_LOOP('',(#6875,#6876,#6877,#6878));
#11098=EDGE_LOOP('',(#6879,#6880,#6881,#6882));
#11099=EDGE_LOOP('',(#6883,#6884,#6885,#6886,#6887,#6888));
#11100=EDGE_LOOP('',(#6889,#6890,#6891,#6892));
#11101=EDGE_LOOP('',(#6893,#6894,#6895,#6896,#6897,#6898));
#11102=EDGE_LOOP('',(#6899,#6900,#6901,#6902,#6903,#6904));
#11103=EDGE_LOOP('',(#6905,#6906,#6907,#6908,#6909,#6910));
#11104=EDGE_LOOP('',(#6911,#6912,#6913,#6914,#6915,#6916));
#11105=EDGE_LOOP('',(#6917,#6918,#6919,#6920,#6921,#6922));
#11106=EDGE_LOOP('',(#6923,#6924,#6925,#6926,#6927,#6928));
#11107=EDGE_LOOP('',(#6929,#6930,#6931,#6932,#6933,#6934));
#11108=EDGE_LOOP('',(#6935,#6936,#6937,#6938,#6939,#6940));
#11109=EDGE_LOOP('',(#6941,#6942,#6943,#6944));
#11110=EDGE_LOOP('',(#6945,#6946,#6947,#6948));
#11111=EDGE_LOOP('',(#6949,#6950,#6951,#6952));
#11112=EDGE_LOOP('',(#6953,#6954,#6955,#6956));
#11113=EDGE_LOOP('',(#6957,#6958,#6959,#6960));
#11114=EDGE_LOOP('',(#6961,#6962,#6963,#6964));
#11115=EDGE_LOOP('',(#6965,#6966,#6967,#6968));
#11116=EDGE_LOOP('',(#6969,#6970,#6971,#6972));
#11117=EDGE_LOOP('',(#6973,#6974,#6975,#6976));
#11118=EDGE_LOOP('',(#6977,#6978,#6979,#6980));
#11119=EDGE_LOOP('',(#6981,#6982,#6983,#6984));
#11120=EDGE_LOOP('',(#6985,#6986,#6987,#6988));
#11121=EDGE_LOOP('',(#6989,#6990,#6991,#6992));
#11122=EDGE_LOOP('',(#6993));
#11123=EDGE_LOOP('',(#6994,#6995,#6996,#6997));
#11124=EDGE_LOOP('',(#6998,#6999,#7000,#7001));
#11125=EDGE_LOOP('',(#7002,#7003,#7004,#7005));
#11126=EDGE_LOOP('',(#7006,#7007,#7008,#7009,#7010,#7011,#7012,#7013,#7014,
#7015,#7016,#7017,#7018,#7019,#7020,#7021));
#11127=EDGE_LOOP('',(#7022));
#11128=EDGE_LOOP('',(#7023,#7024,#7025,#7026,#7027,#7028,#7029,#7030,#7031,
#7032,#7033,#7034,#7035,#7036,#7037,#7038));
#11129=EDGE_LOOP('',(#7039,#7040,#7041,#7042));
#11130=EDGE_LOOP('',(#7043));
#11131=EDGE_LOOP('',(#7044));
#11132=EDGE_LOOP('',(#7045));
#11133=EDGE_LOOP('',(#7046));
#11134=EDGE_LOOP('',(#7047));
#11135=EDGE_LOOP('',(#7048));
#11136=EDGE_LOOP('',(#7049));
#11137=EDGE_LOOP('',(#7050));
#11138=EDGE_LOOP('',(#7051,#7052,#7053,#7054));
#11139=EDGE_LOOP('',(#7055,#7056,#7057,#7058));
#11140=EDGE_LOOP('',(#7059,#7060,#7061,#7062));
#11141=EDGE_LOOP('',(#7063,#7064,#7065,#7066));
#11142=EDGE_LOOP('',(#7067,#7068,#7069,#7070));
#11143=EDGE_LOOP('',(#7071,#7072,#7073,#7074));
#11144=EDGE_LOOP('',(#7075,#7076,#7077,#7078));
#11145=EDGE_LOOP('',(#7079,#7080,#7081,#7082));
#11146=EDGE_LOOP('',(#7083,#7084,#7085,#7086));
#11147=EDGE_LOOP('',(#7087,#7088,#7089,#7090));
#11148=EDGE_LOOP('',(#7091,#7092,#7093,#7094));
#11149=EDGE_LOOP('',(#7095,#7096,#7097,#7098));
#11150=EDGE_LOOP('',(#7099));
#11151=EDGE_LOOP('',(#7100));
#11152=FACE_BOUND('',#10260,.T.);
#11153=FACE_BOUND('',#10261,.T.);
#11154=FACE_BOUND('',#10262,.T.);
#11155=FACE_BOUND('',#10263,.T.);
#11156=FACE_BOUND('',#10264,.T.);
#11157=FACE_BOUND('',#10265,.T.);
#11158=FACE_BOUND('',#10266,.T.);
#11159=FACE_BOUND('',#10267,.T.);
#11160=FACE_BOUND('',#10268,.T.);
#11161=FACE_BOUND('',#10269,.T.);
#11162=FACE_BOUND('',#10270,.T.);
#11163=FACE_BOUND('',#10271,.T.);
#11164=FACE_BOUND('',#10272,.T.);
#11165=FACE_BOUND('',#10273,.T.);
#11166=FACE_BOUND('',#10274,.T.);
#11167=FACE_BOUND('',#10275,.T.);
#11168=FACE_BOUND('',#10276,.T.);
#11169=FACE_BOUND('',#10277,.T.);
#11170=FACE_BOUND('',#10278,.T.);
#11171=FACE_BOUND('',#10279,.T.);
#11172=FACE_BOUND('',#10280,.T.);
#11173=FACE_BOUND('',#10281,.T.);
#11174=FACE_BOUND('',#10282,.T.);
#11175=FACE_BOUND('',#10283,.T.);
#11176=FACE_BOUND('',#10284,.T.);
#11177=FACE_BOUND('',#10285,.T.);
#11178=FACE_BOUND('',#10286,.T.);
#11179=FACE_BOUND('',#10287,.T.);
#11180=FACE_BOUND('',#10288,.T.);
#11181=FACE_BOUND('',#10289,.T.);
#11182=FACE_BOUND('',#10290,.T.);
#11183=FACE_BOUND('',#10291,.T.);
#11184=FACE_BOUND('',#10292,.T.);
#11185=FACE_BOUND('',#10293,.T.);
#11186=FACE_BOUND('',#10294,.T.);
#11187=FACE_BOUND('',#10295,.T.);
#11188=FACE_BOUND('',#10296,.T.);
#11189=FACE_BOUND('',#10297,.T.);
#11190=FACE_BOUND('',#10298,.T.);
#11191=FACE_BOUND('',#10299,.T.);
#11192=FACE_BOUND('',#10300,.T.);
#11193=FACE_BOUND('',#10301,.T.);
#11194=FACE_BOUND('',#10302,.T.);
#11195=FACE_BOUND('',#10303,.T.);
#11196=FACE_BOUND('',#10304,.T.);
#11197=FACE_BOUND('',#10305,.T.);
#11198=FACE_BOUND('',#10306,.T.);
#11199=FACE_BOUND('',#10307,.T.);
#11200=FACE_BOUND('',#10308,.T.);
#11201=FACE_BOUND('',#10309,.T.);
#11202=FACE_BOUND('',#10310,.T.);
#11203=FACE_BOUND('',#10311,.T.);
#11204=FACE_BOUND('',#10312,.T.);
#11205=FACE_BOUND('',#10313,.T.);
#11206=FACE_BOUND('',#10314,.T.);
#11207=FACE_BOUND('',#10315,.T.);
#11208=FACE_BOUND('',#10316,.T.);
#11209=FACE_BOUND('',#10317,.T.);
#11210=FACE_BOUND('',#10318,.T.);
#11211=FACE_BOUND('',#10319,.T.);
#11212=FACE_BOUND('',#10320,.T.);
#11213=FACE_BOUND('',#10321,.T.);
#11214=FACE_BOUND('',#10322,.T.);
#11215=FACE_BOUND('',#10323,.T.);
#11216=FACE_BOUND('',#10324,.T.);
#11217=FACE_BOUND('',#10325,.T.);
#11218=FACE_BOUND('',#10326,.T.);
#11219=FACE_BOUND('',#10327,.T.);
#11220=FACE_BOUND('',#10328,.T.);
#11221=FACE_BOUND('',#10329,.T.);
#11222=FACE_BOUND('',#10330,.T.);
#11223=FACE_BOUND('',#10331,.T.);
#11224=FACE_BOUND('',#10332,.T.);
#11225=FACE_BOUND('',#10333,.T.);
#11226=FACE_BOUND('',#10334,.T.);
#11227=FACE_BOUND('',#10335,.T.);
#11228=FACE_BOUND('',#10336,.T.);
#11229=FACE_BOUND('',#10337,.T.);
#11230=FACE_BOUND('',#10338,.T.);
#11231=FACE_BOUND('',#10339,.T.);
#11232=FACE_BOUND('',#10340,.T.);
#11233=FACE_BOUND('',#10341,.T.);
#11234=FACE_BOUND('',#10342,.T.);
#11235=FACE_BOUND('',#10343,.T.);
#11236=FACE_BOUND('',#10344,.T.);
#11237=FACE_BOUND('',#10345,.T.);
#11238=FACE_BOUND('',#10346,.T.);
#11239=FACE_BOUND('',#10347,.T.);
#11240=FACE_BOUND('',#10348,.T.);
#11241=FACE_BOUND('',#10349,.T.);
#11242=FACE_BOUND('',#10350,.T.);
#11243=FACE_BOUND('',#10351,.T.);
#11244=FACE_BOUND('',#10352,.T.);
#11245=FACE_BOUND('',#10353,.T.);
#11246=FACE_BOUND('',#10354,.T.);
#11247=FACE_BOUND('',#10355,.T.);
#11248=FACE_BOUND('',#10356,.T.);
#11249=FACE_BOUND('',#10357,.T.);
#11250=FACE_BOUND('',#10358,.T.);
#11251=FACE_BOUND('',#10359,.T.);
#11252=FACE_BOUND('',#10360,.T.);
#11253=FACE_BOUND('',#10361,.T.);
#11254=FACE_BOUND('',#10362,.T.);
#11255=FACE_BOUND('',#10363,.T.);
#11256=FACE_BOUND('',#10364,.T.);
#11257=FACE_BOUND('',#10365,.T.);
#11258=FACE_BOUND('',#10366,.T.);
#11259=FACE_BOUND('',#10367,.T.);
#11260=FACE_BOUND('',#10368,.T.);
#11261=FACE_BOUND('',#10369,.T.);
#11262=FACE_BOUND('',#10370,.T.);
#11263=FACE_BOUND('',#10371,.T.);
#11264=FACE_BOUND('',#10372,.T.);
#11265=FACE_BOUND('',#10373,.T.);
#11266=FACE_BOUND('',#10374,.T.);
#11267=FACE_BOUND('',#10375,.T.);
#11268=FACE_BOUND('',#10376,.T.);
#11269=FACE_BOUND('',#10377,.T.);
#11270=FACE_BOUND('',#10378,.T.);
#11271=FACE_BOUND('',#10379,.T.);
#11272=FACE_BOUND('',#10380,.T.);
#11273=FACE_BOUND('',#10381,.T.);
#11274=FACE_BOUND('',#10382,.T.);
#11275=FACE_BOUND('',#10383,.T.);
#11276=FACE_BOUND('',#10384,.T.);
#11277=FACE_BOUND('',#10385,.T.);
#11278=FACE_BOUND('',#10386,.T.);
#11279=FACE_BOUND('',#10387,.T.);
#11280=FACE_BOUND('',#10388,.T.);
#11281=FACE_BOUND('',#10389,.T.);
#11282=FACE_BOUND('',#10390,.T.);
#11283=FACE_BOUND('',#10391,.T.);
#11284=FACE_BOUND('',#10392,.T.);
#11285=FACE_BOUND('',#10393,.T.);
#11286=FACE_BOUND('',#10394,.T.);
#11287=FACE_BOUND('',#10395,.T.);
#11288=FACE_BOUND('',#10396,.T.);
#11289=FACE_BOUND('',#10397,.T.);
#11290=FACE_BOUND('',#10398,.T.);
#11291=FACE_BOUND('',#10399,.T.);
#11292=FACE_BOUND('',#10400,.T.);
#11293=FACE_BOUND('',#10401,.T.);
#11294=FACE_BOUND('',#10402,.T.);
#11295=FACE_BOUND('',#10403,.T.);
#11296=FACE_BOUND('',#10404,.T.);
#11297=FACE_BOUND('',#10405,.T.);
#11298=FACE_BOUND('',#10406,.T.);
#11299=FACE_BOUND('',#10407,.T.);
#11300=FACE_BOUND('',#10408,.T.);
#11301=FACE_BOUND('',#10409,.T.);
#11302=FACE_BOUND('',#10410,.T.);
#11303=FACE_BOUND('',#10411,.T.);
#11304=FACE_BOUND('',#10412,.T.);
#11305=FACE_BOUND('',#10413,.T.);
#11306=FACE_BOUND('',#10414,.T.);
#11307=FACE_BOUND('',#10415,.T.);
#11308=FACE_BOUND('',#10416,.T.);
#11309=FACE_BOUND('',#10417,.T.);
#11310=FACE_BOUND('',#10418,.T.);
#11311=FACE_BOUND('',#10419,.T.);
#11312=FACE_BOUND('',#10420,.T.);
#11313=FACE_BOUND('',#10421,.T.);
#11314=FACE_BOUND('',#10422,.T.);
#11315=FACE_BOUND('',#10423,.T.);
#11316=FACE_BOUND('',#10424,.T.);
#11317=FACE_BOUND('',#10425,.T.);
#11318=FACE_BOUND('',#10426,.T.);
#11319=FACE_BOUND('',#10427,.T.);
#11320=FACE_BOUND('',#10428,.T.);
#11321=FACE_BOUND('',#10429,.T.);
#11322=FACE_BOUND('',#10430,.T.);
#11323=FACE_BOUND('',#10431,.T.);
#11324=FACE_BOUND('',#10432,.T.);
#11325=FACE_BOUND('',#10433,.T.);
#11326=FACE_BOUND('',#10434,.T.);
#11327=FACE_BOUND('',#10435,.T.);
#11328=FACE_BOUND('',#10436,.T.);
#11329=FACE_BOUND('',#10437,.T.);
#11330=FACE_BOUND('',#10438,.T.);
#11331=FACE_BOUND('',#10439,.T.);
#11332=FACE_BOUND('',#10440,.T.);
#11333=FACE_BOUND('',#10441,.T.);
#11334=FACE_BOUND('',#10442,.T.);
#11335=FACE_BOUND('',#10443,.T.);
#11336=FACE_BOUND('',#10444,.T.);
#11337=FACE_BOUND('',#10445,.T.);
#11338=FACE_BOUND('',#10446,.T.);
#11339=FACE_BOUND('',#10447,.T.);
#11340=FACE_BOUND('',#10448,.T.);
#11341=FACE_BOUND('',#10449,.T.);
#11342=FACE_BOUND('',#10450,.T.);
#11343=FACE_BOUND('',#10451,.T.);
#11344=FACE_BOUND('',#10452,.T.);
#11345=FACE_BOUND('',#10453,.T.);
#11346=FACE_BOUND('',#10454,.T.);
#11347=FACE_BOUND('',#10455,.T.);
#11348=FACE_BOUND('',#10456,.T.);
#11349=FACE_BOUND('',#10457,.T.);
#11350=FACE_BOUND('',#10458,.T.);
#11351=FACE_BOUND('',#10459,.T.);
#11352=FACE_BOUND('',#10460,.T.);
#11353=FACE_BOUND('',#10461,.T.);
#11354=FACE_BOUND('',#10462,.T.);
#11355=FACE_BOUND('',#10463,.T.);
#11356=FACE_BOUND('',#10464,.T.);
#11357=FACE_BOUND('',#10465,.T.);
#11358=FACE_BOUND('',#10466,.T.);
#11359=FACE_BOUND('',#10467,.T.);
#11360=FACE_BOUND('',#10468,.T.);
#11361=FACE_BOUND('',#10469,.T.);
#11362=FACE_BOUND('',#10470,.T.);
#11363=FACE_BOUND('',#10471,.T.);
#11364=FACE_BOUND('',#10472,.T.);
#11365=FACE_BOUND('',#10473,.T.);
#11366=FACE_BOUND('',#10474,.T.);
#11367=FACE_BOUND('',#10475,.T.);
#11368=FACE_BOUND('',#10476,.T.);
#11369=FACE_BOUND('',#10477,.T.);
#11370=FACE_BOUND('',#10478,.T.);
#11371=FACE_BOUND('',#10479,.T.);
#11372=FACE_BOUND('',#10480,.T.);
#11373=FACE_BOUND('',#10481,.T.);
#11374=FACE_BOUND('',#10482,.T.);
#11375=FACE_BOUND('',#10483,.T.);
#11376=FACE_BOUND('',#10484,.T.);
#11377=FACE_BOUND('',#10485,.T.);
#11378=FACE_BOUND('',#10486,.T.);
#11379=FACE_BOUND('',#10487,.T.);
#11380=FACE_BOUND('',#10488,.T.);
#11381=FACE_BOUND('',#10489,.T.);
#11382=FACE_BOUND('',#10490,.T.);
#11383=FACE_BOUND('',#10491,.T.);
#11384=FACE_BOUND('',#10492,.T.);
#11385=FACE_BOUND('',#10493,.T.);
#11386=FACE_BOUND('',#10494,.T.);
#11387=FACE_BOUND('',#10495,.T.);
#11388=FACE_BOUND('',#10496,.T.);
#11389=FACE_BOUND('',#10497,.T.);
#11390=FACE_BOUND('',#10498,.T.);
#11391=FACE_BOUND('',#10499,.T.);
#11392=FACE_BOUND('',#10500,.T.);
#11393=FACE_BOUND('',#10501,.T.);
#11394=FACE_BOUND('',#10502,.T.);
#11395=FACE_BOUND('',#10503,.T.);
#11396=FACE_BOUND('',#10504,.T.);
#11397=FACE_BOUND('',#10505,.T.);
#11398=FACE_BOUND('',#10506,.T.);
#11399=FACE_BOUND('',#10507,.T.);
#11400=FACE_BOUND('',#10508,.T.);
#11401=FACE_BOUND('',#10509,.T.);
#11402=FACE_BOUND('',#10510,.T.);
#11403=FACE_BOUND('',#10511,.T.);
#11404=FACE_BOUND('',#10512,.T.);
#11405=FACE_BOUND('',#10513,.T.);
#11406=FACE_BOUND('',#10514,.T.);
#11407=FACE_BOUND('',#10515,.T.);
#11408=FACE_BOUND('',#10516,.T.);
#11409=FACE_BOUND('',#10517,.T.);
#11410=FACE_BOUND('',#10518,.T.);
#11411=FACE_BOUND('',#10519,.T.);
#11412=FACE_BOUND('',#10520,.T.);
#11413=FACE_BOUND('',#10521,.T.);
#11414=FACE_BOUND('',#10522,.T.);
#11415=FACE_BOUND('',#10523,.T.);
#11416=FACE_BOUND('',#10524,.T.);
#11417=FACE_BOUND('',#10525,.T.);
#11418=FACE_BOUND('',#10526,.T.);
#11419=FACE_BOUND('',#10527,.T.);
#11420=FACE_BOUND('',#10528,.T.);
#11421=FACE_BOUND('',#10529,.T.);
#11422=FACE_BOUND('',#10530,.T.);
#11423=FACE_BOUND('',#10531,.T.);
#11424=FACE_BOUND('',#10532,.T.);
#11425=FACE_BOUND('',#10533,.T.);
#11426=FACE_BOUND('',#10534,.T.);
#11427=FACE_BOUND('',#10535,.T.);
#11428=FACE_BOUND('',#10536,.T.);
#11429=FACE_BOUND('',#10537,.T.);
#11430=FACE_BOUND('',#10538,.T.);
#11431=FACE_BOUND('',#10539,.T.);
#11432=FACE_BOUND('',#10540,.T.);
#11433=FACE_BOUND('',#10541,.T.);
#11434=FACE_BOUND('',#10542,.T.);
#11435=FACE_BOUND('',#10543,.T.);
#11436=FACE_BOUND('',#10544,.T.);
#11437=FACE_BOUND('',#10545,.T.);
#11438=FACE_BOUND('',#10546,.T.);
#11439=FACE_BOUND('',#10547,.T.);
#11440=FACE_BOUND('',#10548,.T.);
#11441=FACE_BOUND('',#10549,.T.);
#11442=FACE_BOUND('',#10550,.T.);
#11443=FACE_BOUND('',#10551,.T.);
#11444=FACE_BOUND('',#10552,.T.);
#11445=FACE_BOUND('',#10553,.T.);
#11446=FACE_BOUND('',#10554,.T.);
#11447=FACE_BOUND('',#10555,.T.);
#11448=FACE_BOUND('',#10556,.T.);
#11449=FACE_BOUND('',#10557,.T.);
#11450=FACE_BOUND('',#10558,.T.);
#11451=FACE_BOUND('',#10559,.T.);
#11452=FACE_BOUND('',#10560,.T.);
#11453=FACE_BOUND('',#10561,.T.);
#11454=FACE_BOUND('',#10562,.T.);
#11455=FACE_BOUND('',#10563,.T.);
#11456=FACE_BOUND('',#10564,.T.);
#11457=FACE_BOUND('',#10565,.T.);
#11458=FACE_BOUND('',#10566,.T.);
#11459=FACE_BOUND('',#10567,.T.);
#11460=FACE_BOUND('',#10568,.T.);
#11461=FACE_BOUND('',#10569,.T.);
#11462=FACE_BOUND('',#10570,.T.);
#11463=FACE_BOUND('',#10571,.T.);
#11464=FACE_BOUND('',#10572,.T.);
#11465=FACE_BOUND('',#10573,.T.);
#11466=FACE_BOUND('',#10574,.T.);
#11467=FACE_BOUND('',#10575,.T.);
#11468=FACE_BOUND('',#10576,.T.);
#11469=FACE_BOUND('',#10577,.T.);
#11470=FACE_BOUND('',#10578,.T.);
#11471=FACE_BOUND('',#10579,.T.);
#11472=FACE_BOUND('',#10580,.T.);
#11473=FACE_BOUND('',#10581,.T.);
#11474=FACE_BOUND('',#10582,.T.);
#11475=FACE_BOUND('',#10583,.T.);
#11476=FACE_BOUND('',#10584,.T.);
#11477=FACE_BOUND('',#10585,.T.);
#11478=FACE_BOUND('',#10586,.T.);
#11479=FACE_BOUND('',#10587,.T.);
#11480=FACE_BOUND('',#10588,.T.);
#11481=FACE_BOUND('',#10589,.T.);
#11482=FACE_BOUND('',#10590,.T.);
#11483=FACE_BOUND('',#10591,.T.);
#11484=FACE_BOUND('',#10592,.T.);
#11485=FACE_BOUND('',#10593,.T.);
#11486=FACE_BOUND('',#10594,.T.);
#11487=FACE_BOUND('',#10595,.T.);
#11488=FACE_BOUND('',#10596,.T.);
#11489=FACE_BOUND('',#10597,.T.);
#11490=FACE_BOUND('',#10598,.T.);
#11491=FACE_BOUND('',#10599,.T.);
#11492=FACE_BOUND('',#10600,.T.);
#11493=FACE_BOUND('',#10601,.T.);
#11494=FACE_BOUND('',#10602,.T.);
#11495=FACE_BOUND('',#10603,.T.);
#11496=FACE_BOUND('',#10604,.T.);
#11497=FACE_BOUND('',#10605,.T.);
#11498=FACE_BOUND('',#10606,.T.);
#11499=FACE_BOUND('',#10607,.T.);
#11500=FACE_BOUND('',#10608,.T.);
#11501=FACE_BOUND('',#10609,.T.);
#11502=FACE_BOUND('',#10610,.T.);
#11503=FACE_BOUND('',#10611,.T.);
#11504=FACE_BOUND('',#10612,.T.);
#11505=FACE_BOUND('',#10613,.T.);
#11506=FACE_BOUND('',#10614,.T.);
#11507=FACE_BOUND('',#10615,.T.);
#11508=FACE_BOUND('',#10616,.T.);
#11509=FACE_BOUND('',#10617,.T.);
#11510=FACE_BOUND('',#10618,.T.);
#11511=FACE_BOUND('',#10619,.T.);
#11512=FACE_BOUND('',#10620,.T.);
#11513=FACE_BOUND('',#10621,.T.);
#11514=FACE_BOUND('',#10622,.T.);
#11515=FACE_BOUND('',#10623,.T.);
#11516=FACE_BOUND('',#10624,.T.);
#11517=FACE_BOUND('',#10625,.T.);
#11518=FACE_BOUND('',#10626,.T.);
#11519=FACE_BOUND('',#10627,.T.);
#11520=FACE_BOUND('',#10628,.T.);
#11521=FACE_BOUND('',#10629,.T.);
#11522=FACE_BOUND('',#10630,.T.);
#11523=FACE_BOUND('',#10631,.T.);
#11524=FACE_BOUND('',#10632,.T.);
#11525=FACE_BOUND('',#10633,.T.);
#11526=FACE_BOUND('',#10634,.T.);
#11527=FACE_BOUND('',#10635,.T.);
#11528=FACE_BOUND('',#10636,.T.);
#11529=FACE_BOUND('',#10637,.T.);
#11530=FACE_BOUND('',#10638,.T.);
#11531=FACE_BOUND('',#10639,.T.);
#11532=FACE_BOUND('',#10640,.T.);
#11533=FACE_BOUND('',#10641,.T.);
#11534=FACE_BOUND('',#10642,.T.);
#11535=FACE_BOUND('',#10643,.T.);
#11536=FACE_BOUND('',#10644,.T.);
#11537=FACE_BOUND('',#10645,.T.);
#11538=FACE_BOUND('',#10646,.T.);
#11539=FACE_BOUND('',#10647,.T.);
#11540=FACE_BOUND('',#10648,.T.);
#11541=FACE_BOUND('',#10649,.T.);
#11542=FACE_BOUND('',#10650,.T.);
#11543=FACE_BOUND('',#10651,.T.);
#11544=FACE_BOUND('',#10652,.T.);
#11545=FACE_BOUND('',#10653,.T.);
#11546=FACE_BOUND('',#10654,.T.);
#11547=FACE_BOUND('',#10655,.T.);
#11548=FACE_BOUND('',#10656,.T.);
#11549=FACE_BOUND('',#10657,.T.);
#11550=FACE_BOUND('',#10658,.T.);
#11551=FACE_BOUND('',#10659,.T.);
#11552=FACE_BOUND('',#10660,.T.);
#11553=FACE_BOUND('',#10661,.T.);
#11554=FACE_BOUND('',#10662,.T.);
#11555=FACE_BOUND('',#10663,.T.);
#11556=FACE_BOUND('',#10664,.T.);
#11557=FACE_BOUND('',#10665,.T.);
#11558=FACE_BOUND('',#10666,.T.);
#11559=FACE_BOUND('',#10667,.T.);
#11560=FACE_BOUND('',#10668,.T.);
#11561=FACE_BOUND('',#10669,.T.);
#11562=FACE_BOUND('',#10670,.T.);
#11563=FACE_BOUND('',#10671,.T.);
#11564=FACE_BOUND('',#10672,.T.);
#11565=FACE_BOUND('',#10673,.T.);
#11566=FACE_BOUND('',#10674,.T.);
#11567=FACE_BOUND('',#10675,.T.);
#11568=FACE_BOUND('',#10676,.T.);
#11569=FACE_BOUND('',#10677,.T.);
#11570=FACE_BOUND('',#10678,.T.);
#11571=FACE_BOUND('',#10679,.T.);
#11572=FACE_BOUND('',#10680,.T.);
#11573=FACE_BOUND('',#10681,.T.);
#11574=FACE_BOUND('',#10682,.T.);
#11575=FACE_BOUND('',#10683,.T.);
#11576=FACE_BOUND('',#10684,.T.);
#11577=FACE_BOUND('',#10685,.T.);
#11578=FACE_BOUND('',#10686,.T.);
#11579=FACE_BOUND('',#10687,.T.);
#11580=FACE_BOUND('',#10688,.T.);
#11581=FACE_BOUND('',#10689,.T.);
#11582=FACE_BOUND('',#10690,.T.);
#11583=FACE_BOUND('',#10691,.T.);
#11584=FACE_BOUND('',#10692,.T.);
#11585=FACE_BOUND('',#10693,.T.);
#11586=FACE_BOUND('',#10694,.T.);
#11587=FACE_BOUND('',#10695,.T.);
#11588=FACE_BOUND('',#10696,.T.);
#11589=FACE_BOUND('',#10697,.T.);
#11590=FACE_BOUND('',#10698,.T.);
#11591=FACE_BOUND('',#10699,.T.);
#11592=FACE_BOUND('',#10700,.T.);
#11593=FACE_BOUND('',#10701,.T.);
#11594=FACE_BOUND('',#10702,.T.);
#11595=FACE_BOUND('',#10703,.T.);
#11596=FACE_BOUND('',#10704,.T.);
#11597=FACE_BOUND('',#10705,.T.);
#11598=FACE_BOUND('',#10706,.T.);
#11599=FACE_BOUND('',#10707,.T.);
#11600=FACE_BOUND('',#10708,.T.);
#11601=FACE_BOUND('',#10709,.T.);
#11602=FACE_BOUND('',#10710,.T.);
#11603=FACE_BOUND('',#10711,.T.);
#11604=FACE_BOUND('',#10712,.T.);
#11605=FACE_BOUND('',#10713,.T.);
#11606=FACE_BOUND('',#10714,.T.);
#11607=FACE_BOUND('',#10715,.T.);
#11608=FACE_BOUND('',#10716,.T.);
#11609=FACE_BOUND('',#10717,.T.);
#11610=FACE_BOUND('',#10718,.T.);
#11611=FACE_BOUND('',#10719,.T.);
#11612=FACE_BOUND('',#10720,.T.);
#11613=FACE_BOUND('',#10721,.T.);
#11614=FACE_BOUND('',#10722,.T.);
#11615=FACE_BOUND('',#10723,.T.);
#11616=FACE_BOUND('',#10724,.T.);
#11617=FACE_BOUND('',#10725,.T.);
#11618=FACE_BOUND('',#10726,.T.);
#11619=FACE_BOUND('',#10727,.T.);
#11620=FACE_BOUND('',#10728,.T.);
#11621=FACE_BOUND('',#10729,.T.);
#11622=FACE_BOUND('',#10730,.T.);
#11623=FACE_BOUND('',#10731,.T.);
#11624=FACE_BOUND('',#10732,.T.);
#11625=FACE_BOUND('',#10733,.T.);
#11626=FACE_BOUND('',#10734,.T.);
#11627=FACE_BOUND('',#10735,.T.);
#11628=FACE_BOUND('',#10736,.T.);
#11629=FACE_BOUND('',#10737,.T.);
#11630=FACE_BOUND('',#10738,.T.);
#11631=FACE_BOUND('',#10739,.T.);
#11632=FACE_BOUND('',#10740,.T.);
#11633=FACE_BOUND('',#10741,.T.);
#11634=FACE_BOUND('',#10742,.T.);
#11635=FACE_BOUND('',#10743,.T.);
#11636=FACE_BOUND('',#10744,.T.);
#11637=FACE_BOUND('',#10745,.T.);
#11638=FACE_BOUND('',#10746,.T.);
#11639=FACE_BOUND('',#10747,.T.);
#11640=FACE_BOUND('',#10748,.T.);
#11641=FACE_BOUND('',#10749,.T.);
#11642=FACE_BOUND('',#10750,.T.);
#11643=FACE_BOUND('',#10751,.T.);
#11644=FACE_BOUND('',#10752,.T.);
#11645=FACE_BOUND('',#10753,.T.);
#11646=FACE_BOUND('',#10754,.T.);
#11647=FACE_BOUND('',#10755,.T.);
#11648=FACE_BOUND('',#10756,.T.);
#11649=FACE_BOUND('',#10757,.T.);
#11650=FACE_BOUND('',#10758,.T.);
#11651=FACE_BOUND('',#10759,.T.);
#11652=FACE_BOUND('',#10760,.T.);
#11653=FACE_BOUND('',#10761,.T.);
#11654=FACE_BOUND('',#10762,.T.);
#11655=FACE_BOUND('',#10763,.T.);
#11656=FACE_BOUND('',#10764,.T.);
#11657=FACE_BOUND('',#10765,.T.);
#11658=FACE_BOUND('',#10766,.T.);
#11659=FACE_BOUND('',#10767,.T.);
#11660=FACE_BOUND('',#10768,.T.);
#11661=FACE_BOUND('',#10769,.T.);
#11662=FACE_BOUND('',#10770,.T.);
#11663=FACE_BOUND('',#10771,.T.);
#11664=FACE_BOUND('',#10772,.T.);
#11665=FACE_BOUND('',#10773,.T.);
#11666=FACE_BOUND('',#10774,.T.);
#11667=FACE_BOUND('',#10775,.T.);
#11668=FACE_BOUND('',#10776,.T.);
#11669=FACE_BOUND('',#10777,.T.);
#11670=FACE_BOUND('',#10778,.T.);
#11671=FACE_BOUND('',#10779,.T.);
#11672=FACE_BOUND('',#10780,.T.);
#11673=FACE_BOUND('',#10781,.T.);
#11674=FACE_BOUND('',#10782,.T.);
#11675=FACE_BOUND('',#10783,.T.);
#11676=FACE_BOUND('',#10784,.T.);
#11677=FACE_BOUND('',#10785,.T.);
#11678=FACE_BOUND('',#10786,.T.);
#11679=FACE_BOUND('',#10787,.T.);
#11680=FACE_BOUND('',#10788,.T.);
#11681=FACE_BOUND('',#10789,.T.);
#11682=FACE_BOUND('',#10790,.T.);
#11683=FACE_BOUND('',#10791,.T.);
#11684=FACE_BOUND('',#10792,.T.);
#11685=FACE_BOUND('',#10793,.T.);
#11686=FACE_BOUND('',#10794,.T.);
#11687=FACE_BOUND('',#10795,.T.);
#11688=FACE_BOUND('',#10796,.T.);
#11689=FACE_BOUND('',#10797,.T.);
#11690=FACE_BOUND('',#10798,.T.);
#11691=FACE_BOUND('',#10799,.T.);
#11692=FACE_BOUND('',#10800,.T.);
#11693=FACE_BOUND('',#10801,.T.);
#11694=FACE_BOUND('',#10802,.T.);
#11695=FACE_BOUND('',#10803,.T.);
#11696=FACE_BOUND('',#10804,.T.);
#11697=FACE_BOUND('',#10805,.T.);
#11698=FACE_BOUND('',#10806,.T.);
#11699=FACE_BOUND('',#10807,.T.);
#11700=FACE_BOUND('',#10808,.T.);
#11701=FACE_BOUND('',#10809,.T.);
#11702=FACE_BOUND('',#10810,.T.);
#11703=FACE_BOUND('',#10811,.T.);
#11704=FACE_BOUND('',#10812,.T.);
#11705=FACE_BOUND('',#10813,.T.);
#11706=FACE_BOUND('',#10814,.T.);
#11707=FACE_BOUND('',#10815,.T.);
#11708=FACE_BOUND('',#10816,.T.);
#11709=FACE_BOUND('',#10817,.T.);
#11710=FACE_BOUND('',#10818,.T.);
#11711=FACE_BOUND('',#10819,.T.);
#11712=FACE_BOUND('',#10820,.T.);
#11713=FACE_BOUND('',#10821,.T.);
#11714=FACE_BOUND('',#10822,.T.);
#11715=FACE_BOUND('',#10823,.T.);
#11716=FACE_BOUND('',#10824,.T.);
#11717=FACE_BOUND('',#10825,.T.);
#11718=FACE_BOUND('',#10826,.T.);
#11719=FACE_BOUND('',#10827,.T.);
#11720=FACE_BOUND('',#10828,.T.);
#11721=FACE_BOUND('',#10829,.T.);
#11722=FACE_BOUND('',#10830,.T.);
#11723=FACE_BOUND('',#10831,.T.);
#11724=FACE_BOUND('',#10832,.T.);
#11725=FACE_BOUND('',#10833,.T.);
#11726=FACE_BOUND('',#10834,.T.);
#11727=FACE_BOUND('',#10835,.T.);
#11728=FACE_BOUND('',#10836,.T.);
#11729=FACE_BOUND('',#10837,.T.);
#11730=FACE_BOUND('',#10838,.T.);
#11731=FACE_BOUND('',#10839,.T.);
#11732=FACE_BOUND('',#10840,.T.);
#11733=FACE_BOUND('',#10841,.T.);
#11734=FACE_BOUND('',#10842,.T.);
#11735=FACE_BOUND('',#10843,.T.);
#11736=FACE_BOUND('',#10844,.T.);
#11737=FACE_BOUND('',#10845,.T.);
#11738=FACE_BOUND('',#10846,.T.);
#11739=FACE_BOUND('',#10847,.T.);
#11740=FACE_BOUND('',#10848,.T.);
#11741=FACE_BOUND('',#10849,.T.);
#11742=FACE_BOUND('',#10850,.T.);
#11743=FACE_BOUND('',#10851,.T.);
#11744=FACE_BOUND('',#10852,.T.);
#11745=FACE_BOUND('',#10853,.T.);
#11746=FACE_BOUND('',#10854,.T.);
#11747=FACE_BOUND('',#10855,.T.);
#11748=FACE_BOUND('',#10856,.T.);
#11749=FACE_BOUND('',#10857,.T.);
#11750=FACE_BOUND('',#10858,.T.);
#11751=FACE_BOUND('',#10859,.T.);
#11752=FACE_BOUND('',#10860,.T.);
#11753=FACE_BOUND('',#10861,.T.);
#11754=FACE_BOUND('',#10862,.T.);
#11755=FACE_BOUND('',#10863,.T.);
#11756=FACE_BOUND('',#10864,.T.);
#11757=FACE_BOUND('',#10865,.T.);
#11758=FACE_BOUND('',#10866,.T.);
#11759=FACE_BOUND('',#10867,.T.);
#11760=FACE_BOUND('',#10868,.T.);
#11761=FACE_BOUND('',#10869,.T.);
#11762=FACE_BOUND('',#10870,.T.);
#11763=FACE_BOUND('',#10871,.T.);
#11764=FACE_BOUND('',#10872,.T.);
#11765=FACE_BOUND('',#10873,.T.);
#11766=FACE_BOUND('',#10874,.T.);
#11767=FACE_BOUND('',#10875,.T.);
#11768=FACE_BOUND('',#10876,.T.);
#11769=FACE_BOUND('',#10877,.T.);
#11770=FACE_BOUND('',#10878,.T.);
#11771=FACE_BOUND('',#10879,.T.);
#11772=FACE_BOUND('',#10880,.T.);
#11773=FACE_BOUND('',#10881,.T.);
#11774=FACE_BOUND('',#10882,.T.);
#11775=FACE_BOUND('',#10883,.T.);
#11776=FACE_BOUND('',#10884,.T.);
#11777=FACE_BOUND('',#10885,.T.);
#11778=FACE_BOUND('',#10886,.T.);
#11779=FACE_BOUND('',#10887,.T.);
#11780=FACE_BOUND('',#10888,.T.);
#11781=FACE_BOUND('',#10889,.T.);
#11782=FACE_BOUND('',#10890,.T.);
#11783=FACE_BOUND('',#10891,.T.);
#11784=FACE_BOUND('',#10892,.T.);
#11785=FACE_BOUND('',#10893,.T.);
#11786=FACE_BOUND('',#10894,.T.);
#11787=FACE_BOUND('',#10895,.T.);
#11788=FACE_BOUND('',#10896,.T.);
#11789=FACE_BOUND('',#10897,.T.);
#11790=FACE_BOUND('',#10898,.T.);
#11791=FACE_BOUND('',#10899,.T.);
#11792=FACE_BOUND('',#10900,.T.);
#11793=FACE_BOUND('',#10901,.T.);
#11794=FACE_BOUND('',#10902,.T.);
#11795=FACE_BOUND('',#10903,.T.);
#11796=FACE_BOUND('',#10904,.T.);
#11797=FACE_BOUND('',#10905,.T.);
#11798=FACE_BOUND('',#10906,.T.);
#11799=FACE_BOUND('',#10907,.T.);
#11800=FACE_BOUND('',#10908,.T.);
#11801=FACE_BOUND('',#10909,.T.);
#11802=FACE_BOUND('',#10910,.T.);
#11803=FACE_BOUND('',#10911,.T.);
#11804=FACE_BOUND('',#10912,.T.);
#11805=FACE_BOUND('',#10913,.T.);
#11806=FACE_BOUND('',#10914,.T.);
#11807=FACE_BOUND('',#10915,.T.);
#11808=FACE_BOUND('',#10916,.T.);
#11809=FACE_BOUND('',#10917,.T.);
#11810=FACE_BOUND('',#10918,.T.);
#11811=FACE_BOUND('',#10919,.T.);
#11812=FACE_BOUND('',#10920,.T.);
#11813=FACE_BOUND('',#10921,.T.);
#11814=FACE_BOUND('',#10922,.T.);
#11815=FACE_BOUND('',#10923,.T.);
#11816=FACE_BOUND('',#10924,.T.);
#11817=FACE_BOUND('',#10925,.T.);
#11818=FACE_BOUND('',#10926,.T.);
#11819=FACE_BOUND('',#10927,.T.);
#11820=FACE_BOUND('',#10928,.T.);
#11821=FACE_BOUND('',#10929,.T.);
#11822=FACE_BOUND('',#10930,.T.);
#11823=FACE_BOUND('',#10931,.T.);
#11824=FACE_BOUND('',#10932,.T.);
#11825=FACE_BOUND('',#10933,.T.);
#11826=FACE_BOUND('',#10934,.T.);
#11827=FACE_BOUND('',#10935,.T.);
#11828=FACE_BOUND('',#10936,.T.);
#11829=FACE_BOUND('',#10937,.T.);
#11830=FACE_BOUND('',#10938,.T.);
#11831=FACE_BOUND('',#10939,.T.);
#11832=FACE_BOUND('',#10940,.T.);
#11833=FACE_BOUND('',#10941,.T.);
#11834=FACE_BOUND('',#10942,.T.);
#11835=FACE_BOUND('',#10943,.T.);
#11836=FACE_BOUND('',#10944,.T.);
#11837=FACE_BOUND('',#10945,.T.);
#11838=FACE_BOUND('',#10946,.T.);
#11839=FACE_BOUND('',#10947,.T.);
#11840=FACE_BOUND('',#10948,.T.);
#11841=FACE_BOUND('',#10949,.T.);
#11842=FACE_BOUND('',#10950,.T.);
#11843=FACE_BOUND('',#10951,.T.);
#11844=FACE_BOUND('',#10952,.T.);
#11845=FACE_BOUND('',#10953,.T.);
#11846=FACE_BOUND('',#10954,.T.);
#11847=FACE_BOUND('',#10955,.T.);
#11848=FACE_BOUND('',#10956,.T.);
#11849=FACE_BOUND('',#10957,.T.);
#11850=FACE_BOUND('',#10958,.T.);
#11851=FACE_BOUND('',#10959,.T.);
#11852=FACE_BOUND('',#10960,.T.);
#11853=FACE_BOUND('',#10961,.T.);
#11854=FACE_BOUND('',#10962,.T.);
#11855=FACE_BOUND('',#10963,.T.);
#11856=FACE_BOUND('',#10964,.T.);
#11857=FACE_BOUND('',#10965,.T.);
#11858=FACE_BOUND('',#10966,.T.);
#11859=FACE_BOUND('',#10967,.T.);
#11860=FACE_BOUND('',#10968,.T.);
#11861=FACE_BOUND('',#10969,.T.);
#11862=FACE_BOUND('',#10970,.T.);
#11863=FACE_BOUND('',#10971,.T.);
#11864=FACE_BOUND('',#10972,.T.);
#11865=FACE_BOUND('',#10973,.T.);
#11866=FACE_BOUND('',#10974,.T.);
#11867=FACE_BOUND('',#10975,.T.);
#11868=FACE_BOUND('',#10976,.T.);
#11869=FACE_BOUND('',#10977,.T.);
#11870=FACE_BOUND('',#10978,.T.);
#11871=FACE_BOUND('',#10979,.T.);
#11872=FACE_BOUND('',#10980,.T.);
#11873=FACE_BOUND('',#10981,.T.);
#11874=FACE_BOUND('',#10982,.T.);
#11875=FACE_BOUND('',#10983,.T.);
#11876=FACE_BOUND('',#10984,.T.);
#11877=FACE_BOUND('',#10985,.T.);
#11878=FACE_BOUND('',#10986,.T.);
#11879=FACE_BOUND('',#10987,.T.);
#11880=FACE_BOUND('',#10988,.T.);
#11881=FACE_BOUND('',#10989,.T.);
#11882=FACE_BOUND('',#10990,.T.);
#11883=FACE_BOUND('',#10991,.T.);
#11884=FACE_BOUND('',#10992,.T.);
#11885=FACE_BOUND('',#10993,.T.);
#11886=FACE_BOUND('',#10994,.T.);
#11887=FACE_BOUND('',#10995,.T.);
#11888=FACE_BOUND('',#10996,.T.);
#11889=FACE_BOUND('',#10997,.T.);
#11890=FACE_BOUND('',#10998,.T.);
#11891=FACE_BOUND('',#10999,.T.);
#11892=FACE_BOUND('',#11000,.T.);
#11893=FACE_BOUND('',#11001,.T.);
#11894=FACE_BOUND('',#11002,.T.);
#11895=FACE_BOUND('',#11003,.T.);
#11896=FACE_BOUND('',#11004,.T.);
#11897=FACE_BOUND('',#11005,.T.);
#11898=FACE_BOUND('',#11006,.T.);
#11899=FACE_BOUND('',#11007,.T.);
#11900=FACE_BOUND('',#11008,.T.);
#11901=FACE_BOUND('',#11009,.T.);
#11902=FACE_BOUND('',#11010,.T.);
#11903=FACE_BOUND('',#11011,.T.);
#11904=FACE_BOUND('',#11012,.T.);
#11905=FACE_BOUND('',#11013,.T.);
#11906=FACE_BOUND('',#11014,.T.);
#11907=FACE_BOUND('',#11015,.T.);
#11908=FACE_BOUND('',#11016,.T.);
#11909=FACE_BOUND('',#11017,.T.);
#11910=FACE_BOUND('',#11018,.T.);
#11911=FACE_BOUND('',#11019,.T.);
#11912=FACE_BOUND('',#11020,.T.);
#11913=FACE_BOUND('',#11021,.T.);
#11914=FACE_BOUND('',#11022,.T.);
#11915=FACE_BOUND('',#11023,.T.);
#11916=FACE_BOUND('',#11024,.T.);
#11917=FACE_BOUND('',#11025,.T.);
#11918=FACE_BOUND('',#11026,.T.);
#11919=FACE_BOUND('',#11027,.T.);
#11920=FACE_BOUND('',#11028,.T.);
#11921=FACE_BOUND('',#11029,.T.);
#11922=FACE_BOUND('',#11030,.T.);
#11923=FACE_BOUND('',#11031,.T.);
#11924=FACE_BOUND('',#11032,.T.);
#11925=FACE_BOUND('',#11033,.T.);
#11926=FACE_BOUND('',#11034,.T.);
#11927=FACE_BOUND('',#11035,.T.);
#11928=FACE_BOUND('',#11036,.T.);
#11929=FACE_BOUND('',#11037,.T.);
#11930=FACE_BOUND('',#11038,.T.);
#11931=FACE_BOUND('',#11039,.T.);
#11932=FACE_BOUND('',#11040,.T.);
#11933=FACE_BOUND('',#11041,.T.);
#11934=FACE_BOUND('',#11042,.T.);
#11935=FACE_BOUND('',#11043,.T.);
#11936=FACE_BOUND('',#11044,.T.);
#11937=FACE_BOUND('',#11045,.T.);
#11938=FACE_BOUND('',#11046,.T.);
#11939=FACE_BOUND('',#11047,.T.);
#11940=FACE_BOUND('',#11048,.T.);
#11941=FACE_BOUND('',#11049,.T.);
#11942=FACE_BOUND('',#11050,.T.);
#11943=FACE_BOUND('',#11051,.T.);
#11944=FACE_BOUND('',#11052,.T.);
#11945=FACE_BOUND('',#11053,.T.);
#11946=FACE_BOUND('',#11054,.T.);
#11947=FACE_BOUND('',#11055,.T.);
#11948=FACE_BOUND('',#11056,.T.);
#11949=FACE_BOUND('',#11057,.T.);
#11950=FACE_BOUND('',#11058,.T.);
#11951=FACE_BOUND('',#11059,.T.);
#11952=FACE_BOUND('',#11060,.T.);
#11953=FACE_BOUND('',#11061,.T.);
#11954=FACE_BOUND('',#11062,.T.);
#11955=FACE_BOUND('',#11063,.T.);
#11956=FACE_BOUND('',#11064,.T.);
#11957=FACE_BOUND('',#11065,.T.);
#11958=FACE_BOUND('',#11066,.T.);
#11959=FACE_BOUND('',#11067,.T.);
#11960=FACE_BOUND('',#11068,.T.);
#11961=FACE_BOUND('',#11069,.T.);
#11962=FACE_BOUND('',#11070,.T.);
#11963=FACE_BOUND('',#11071,.T.);
#11964=FACE_BOUND('',#11072,.T.);
#11965=FACE_BOUND('',#11073,.T.);
#11966=FACE_BOUND('',#11074,.T.);
#11967=FACE_BOUND('',#11075,.T.);
#11968=FACE_BOUND('',#11076,.T.);
#11969=FACE_BOUND('',#11077,.T.);
#11970=FACE_BOUND('',#11078,.T.);
#11971=FACE_BOUND('',#11079,.T.);
#11972=FACE_BOUND('',#11080,.T.);
#11973=FACE_BOUND('',#11081,.T.);
#11974=FACE_BOUND('',#11082,.T.);
#11975=FACE_BOUND('',#11083,.T.);
#11976=FACE_BOUND('',#11084,.T.);
#11977=FACE_BOUND('',#11085,.T.);
#11978=FACE_BOUND('',#11086,.T.);
#11979=FACE_BOUND('',#11087,.T.);
#11980=FACE_BOUND('',#11088,.T.);
#11981=FACE_BOUND('',#11089,.T.);
#11982=FACE_BOUND('',#11090,.T.);
#11983=FACE_BOUND('',#11091,.T.);
#11984=FACE_BOUND('',#11092,.T.);
#11985=FACE_BOUND('',#11093,.T.);
#11986=FACE_BOUND('',#11094,.T.);
#11987=FACE_BOUND('',#11095,.T.);
#11988=FACE_BOUND('',#11096,.T.);
#11989=FACE_BOUND('',#11097,.T.);
#11990=FACE_BOUND('',#11098,.T.);
#11991=FACE_BOUND('',#11099,.T.);
#11992=FACE_BOUND('',#11100,.T.);
#11993=FACE_BOUND('',#11101,.T.);
#11994=FACE_BOUND('',#11102,.T.);
#11995=FACE_BOUND('',#11103,.T.);
#11996=FACE_BOUND('',#11104,.T.);
#11997=FACE_BOUND('',#11105,.T.);
#11998=FACE_BOUND('',#11106,.T.);
#11999=FACE_BOUND('',#11107,.T.);
#12000=FACE_BOUND('',#11108,.T.);
#12001=FACE_BOUND('',#11109,.T.);
#12002=FACE_BOUND('',#11110,.T.);
#12003=FACE_BOUND('',#11111,.T.);
#12004=FACE_BOUND('',#11112,.T.);
#12005=FACE_BOUND('',#11113,.T.);
#12006=FACE_BOUND('',#11114,.T.);
#12007=FACE_BOUND('',#11115,.T.);
#12008=FACE_BOUND('',#11116,.T.);
#12009=FACE_BOUND('',#11117,.T.);
#12010=FACE_BOUND('',#11118,.T.);
#12011=FACE_BOUND('',#11119,.T.);
#12012=FACE_BOUND('',#11120,.T.);
#12013=FACE_BOUND('',#11121,.T.);
#12014=FACE_BOUND('',#11122,.T.);
#12015=FACE_BOUND('',#11123,.T.);
#12016=FACE_BOUND('',#11124,.T.);
#12017=FACE_BOUND('',#11125,.T.);
#12018=FACE_BOUND('',#11126,.T.);
#12019=FACE_BOUND('',#11127,.T.);
#12020=FACE_BOUND('',#11128,.T.);
#12021=FACE_BOUND('',#11129,.T.);
#12022=FACE_BOUND('',#11130,.T.);
#12023=FACE_BOUND('',#11131,.T.);
#12024=FACE_BOUND('',#11132,.T.);
#12025=FACE_BOUND('',#11133,.T.);
#12026=FACE_BOUND('',#11134,.T.);
#12027=FACE_BOUND('',#11135,.T.);
#12028=FACE_BOUND('',#11136,.T.);
#12029=FACE_BOUND('',#11137,.T.);
#12030=FACE_BOUND('',#11138,.T.);
#12031=FACE_BOUND('',#11139,.T.);
#12032=FACE_BOUND('',#11140,.T.);
#12033=FACE_BOUND('',#11141,.T.);
#12034=FACE_BOUND('',#11142,.T.);
#12035=FACE_BOUND('',#11143,.T.);
#12036=FACE_BOUND('',#11144,.T.);
#12037=FACE_BOUND('',#11145,.T.);
#12038=FACE_BOUND('',#11146,.T.);
#12039=FACE_BOUND('',#11147,.T.);
#12040=FACE_BOUND('',#11148,.T.);
#12041=FACE_BOUND('',#11149,.T.);
#12042=FACE_BOUND('',#11150,.T.);
#12043=FACE_BOUND('',#11151,.T.);
#12044=PLANE('',#13456);
#12045=PLANE('',#13460);
#12046=PLANE('',#13461);
#12047=PLANE('',#13462);
#12048=PLANE('',#13463);
#12049=PLANE('',#13464);
#12050=PLANE('',#13465);
#12051=PLANE('',#13466);
#12052=PLANE('',#13467);
#12053=PLANE('',#13468);
#12054=PLANE('',#13469);
#12055=PLANE('',#13470);
#12056=PLANE('',#13471);
#12057=PLANE('',#13472);
#12058=PLANE('',#13473);
#12059=PLANE('',#13474);
#12060=PLANE('',#13475);
#12061=PLANE('',#13476);
#12062=PLANE('',#13477);
#12063=PLANE('',#13478);
#12064=PLANE('',#13481);
#12065=PLANE('',#13482);
#12066=PLANE('',#13483);
#12067=PLANE('',#13484);
#12068=PLANE('',#13485);
#12069=PLANE('',#13486);
#12070=PLANE('',#13490);
#12071=PLANE('',#13497);
#12072=PLANE('',#13501);
#12073=PLANE('',#13502);
#12074=PLANE('',#13503);
#12075=PLANE('',#13504);
#12076=PLANE('',#13505);
#12077=PLANE('',#13507);
#12078=PLANE('',#13513);
#12079=PLANE('',#13515);
#12080=PLANE('',#13516);
#12081=PLANE('',#13522);
#12082=PLANE('',#13524);
#12083=PLANE('',#13528);
#12084=PLANE('',#13529);
#12085=PLANE('',#13530);
#12086=PLANE('',#13531);
#12087=PLANE('',#13532);
#12088=PLANE('',#13533);
#12089=PLANE('',#13534);
#12090=PLANE('',#13535);
#12091=PLANE('',#13536);
#12092=PLANE('',#13537);
#12093=PLANE('',#13538);
#12094=PLANE('',#13539);
#12095=PLANE('',#13540);
#12096=PLANE('',#13541);
#12097=PLANE('',#13542);
#12098=PLANE('',#13543);
#12099=PLANE('',#13544);
#12100=PLANE('',#13545);
#12101=PLANE('',#13546);
#12102=PLANE('',#13547);
#12103=PLANE('',#13548);
#12104=PLANE('',#13549);
#12105=PLANE('',#13550);
#12106=PLANE('',#13551);
#12107=PLANE('',#13552);
#12108=PLANE('',#13553);
#12109=PLANE('',#13554);
#12110=PLANE('',#13555);
#12111=PLANE('',#13556);
#12112=PLANE('',#13557);
#12113=PLANE('',#13558);
#12114=PLANE('',#13559);
#12115=PLANE('',#13560);
#12116=PLANE('',#13561);
#12117=PLANE('',#13562);
#12118=PLANE('',#13563);
#12119=PLANE('',#13564);
#12120=PLANE('',#13565);
#12121=PLANE('',#13566);
#12122=PLANE('',#13567);
#12123=PLANE('',#13568);
#12124=PLANE('',#13569);
#12125=PLANE('',#13570);
#12126=PLANE('',#13571);
#12127=PLANE('',#13572);
#12128=PLANE('',#13573);
#12129=PLANE('',#13574);
#12130=PLANE('',#13575);
#12131=PLANE('',#13576);
#12132=PLANE('',#13577);
#12133=PLANE('',#13578);
#12134=PLANE('',#13579);
#12135=PLANE('',#13580);
#12136=PLANE('',#13581);
#12137=PLANE('',#13582);
#12138=PLANE('',#13583);
#12139=PLANE('',#13584);
#12140=PLANE('',#13585);
#12141=PLANE('',#13586);
#12142=PLANE('',#13587);
#12143=PLANE('',#13588);
#12144=PLANE('',#13589);
#12145=PLANE('',#13590);
#12146=PLANE('',#13591);
#12147=PLANE('',#13592);
#12148=PLANE('',#13593);
#12149=PLANE('',#13594);
#12150=PLANE('',#13595);
#12151=PLANE('',#13596);
#12152=PLANE('',#13597);
#12153=PLANE('',#13598);
#12154=PLANE('',#13599);
#12155=PLANE('',#13600);
#12156=PLANE('',#13601);
#12157=PLANE('',#13602);
#12158=PLANE('',#13603);
#12159=PLANE('',#13604);
#12160=PLANE('',#13605);
#12161=PLANE('',#13606);
#12162=PLANE('',#13607);
#12163=PLANE('',#13608);
#12164=PLANE('',#13609);
#12165=PLANE('',#13610);
#12166=PLANE('',#13611);
#12167=PLANE('',#13612);
#12168=PLANE('',#13613);
#12169=PLANE('',#13614);
#12170=PLANE('',#13615);
#12171=PLANE('',#13616);
#12172=PLANE('',#13617);
#12173=PLANE('',#13618);
#12174=PLANE('',#13619);
#12175=PLANE('',#13620);
#12176=PLANE('',#13621);
#12177=PLANE('',#13622);
#12178=PLANE('',#13623);
#12179=PLANE('',#13624);
#12180=PLANE('',#13625);
#12181=PLANE('',#13626);
#12182=PLANE('',#13627);
#12183=PLANE('',#13628);
#12184=PLANE('',#13629);
#12185=PLANE('',#13630);
#12186=PLANE('',#13631);
#12187=PLANE('',#13632);
#12188=PLANE('',#13633);
#12189=PLANE('',#13634);
#12190=PLANE('',#13635);
#12191=PLANE('',#13636);
#12192=PLANE('',#13637);
#12193=PLANE('',#13638);
#12194=PLANE('',#13639);
#12195=PLANE('',#13642);
#12196=PLANE('',#13649);
#12197=PLANE('',#13650);
#12198=PLANE('',#13651);
#12199=PLANE('',#13652);
#12200=PLANE('',#13654);
#12201=PLANE('',#13655);
#12202=PLANE('',#13656);
#12203=PLANE('',#13657);
#12204=PLANE('',#13658);
#12205=PLANE('',#13659);
#12206=PLANE('',#13660);
#12207=PLANE('',#13661);
#12208=PLANE('',#13662);
#12209=PLANE('',#13663);
#12210=PLANE('',#13664);
#12211=PLANE('',#13665);
#12212=PLANE('',#13666);
#12213=PLANE('',#13667);
#12214=PLANE('',#13668);
#12215=PLANE('',#13669);
#12216=PLANE('',#13670);
#12217=PLANE('',#13671);
#12218=PLANE('',#13672);
#12219=PLANE('',#13673);
#12220=PLANE('',#13674);
#12221=PLANE('',#13675);
#12222=PLANE('',#13676);
#12223=PLANE('',#13677);
#12224=PLANE('',#13678);
#12225=PLANE('',#13680);
#12226=PLANE('',#13682);
#12227=PLANE('',#13686);
#12228=PLANE('',#13690);
#12229=PLANE('',#13693);
#12230=PLANE('',#13697);
#12231=PLANE('',#13698);
#12232=PLANE('',#13699);
#12233=PLANE('',#13700);
#12234=PLANE('',#13701);
#12235=PLANE('',#13702);
#12236=PLANE('',#13703);
#12237=PLANE('',#13704);
#12238=PLANE('',#13705);
#12239=PLANE('',#13712);
#12240=PLANE('',#13719);
#12241=PLANE('',#13720);
#12242=PLANE('',#13721);
#12243=PLANE('',#13722);
#12244=PLANE('',#13726);
#12245=PLANE('',#13735);
#12246=PLANE('',#13736);
#12247=PLANE('',#13737);
#12248=PLANE('',#13738);
#12249=PLANE('',#13739);
#12250=PLANE('',#13740);
#12251=PLANE('',#13741);
#12252=PLANE('',#13742);
#12253=PLANE('',#13743);
#12254=PLANE('',#13744);
#12255=PLANE('',#13745);
#12256=PLANE('',#13746);
#12257=PLANE('',#13747);
#12258=PLANE('',#13748);
#12259=PLANE('',#13749);
#12260=PLANE('',#13750);
#12261=PLANE('',#13751);
#12262=PLANE('',#13752);
#12263=PLANE('',#13753);
#12264=PLANE('',#13754);
#12265=PLANE('',#13755);
#12266=PLANE('',#13756);
#12267=PLANE('',#13757);
#12268=PLANE('',#13758);
#12269=PLANE('',#13759);
#12270=PLANE('',#13760);
#12271=PLANE('',#13761);
#12272=PLANE('',#13762);
#12273=PLANE('',#13763);
#12274=PLANE('',#13764);
#12275=PLANE('',#13765);
#12276=PLANE('',#13766);
#12277=PLANE('',#13767);
#12278=PLANE('',#13768);
#12279=PLANE('',#13769);
#12280=PLANE('',#13770);
#12281=PLANE('',#13771);
#12282=PLANE('',#13772);
#12283=PLANE('',#13773);
#12284=PLANE('',#13774);
#12285=PLANE('',#13775);
#12286=PLANE('',#13776);
#12287=PLANE('',#13777);
#12288=PLANE('',#13778);
#12289=PLANE('',#13779);
#12290=PLANE('',#13780);
#12291=PLANE('',#13781);
#12292=PLANE('',#13782);
#12293=PLANE('',#13783);
#12294=PLANE('',#13784);
#12295=PLANE('',#13785);
#12296=PLANE('',#13786);
#12297=PLANE('',#13787);
#12298=PLANE('',#13788);
#12299=PLANE('',#13789);
#12300=PLANE('',#13790);
#12301=PLANE('',#13791);
#12302=PLANE('',#13792);
#12303=PLANE('',#13793);
#12304=PLANE('',#13794);
#12305=PLANE('',#13795);
#12306=PLANE('',#13796);
#12307=PLANE('',#13797);
#12308=PLANE('',#13798);
#12309=PLANE('',#13799);
#12310=PLANE('',#13800);
#12311=PLANE('',#13801);
#12312=PLANE('',#13802);
#12313=PLANE('',#13803);
#12314=PLANE('',#13804);
#12315=PLANE('',#13805);
#12316=PLANE('',#13806);
#12317=PLANE('',#13807);
#12318=PLANE('',#13808);
#12319=PLANE('',#13809);
#12320=PLANE('',#13810);
#12321=PLANE('',#13811);
#12322=PLANE('',#13812);
#12323=PLANE('',#13813);
#12324=PLANE('',#13814);
#12325=PLANE('',#13815);
#12326=PLANE('',#13816);
#12327=PLANE('',#13817);
#12328=PLANE('',#13818);
#12329=PLANE('',#13819);
#12330=PLANE('',#13820);
#12331=PLANE('',#13821);
#12332=PLANE('',#13822);
#12333=PLANE('',#13823);
#12334=PLANE('',#13824);
#12335=PLANE('',#13825);
#12336=PLANE('',#13826);
#12337=PLANE('',#13827);
#12338=PLANE('',#13828);
#12339=PLANE('',#13829);
#12340=PLANE('',#13830);
#12341=PLANE('',#13831);
#12342=PLANE('',#13832);
#12343=PLANE('',#13833);
#12344=PLANE('',#13834);
#12345=PLANE('',#13835);
#12346=PLANE('',#13836);
#12347=PLANE('',#13837);
#12348=PLANE('',#13838);
#12349=PLANE('',#13839);
#12350=PLANE('',#13840);
#12351=PLANE('',#13841);
#12352=PLANE('',#13842);
#12353=PLANE('',#13843);
#12354=PLANE('',#13844);
#12355=PLANE('',#13845);
#12356=PLANE('',#13846);
#12357=PLANE('',#13847);
#12358=PLANE('',#13848);
#12359=PLANE('',#13849);
#12360=PLANE('',#13850);
#12361=PLANE('',#13851);
#12362=PLANE('',#13858);
#12363=PLANE('',#13865);
#12364=PLANE('',#13866);
#12365=PLANE('',#13867);
#12366=PLANE('',#13868);
#12367=PLANE('',#13869);
#12368=PLANE('',#13874);
#12369=PLANE('',#13875);
#12370=PLANE('',#13876);
#12371=PLANE('',#13877);
#12372=PLANE('',#13878);
#12373=PLANE('',#13879);
#12374=PLANE('',#13880);
#12375=PLANE('',#13881);
#12376=PLANE('',#13882);
#12377=PLANE('',#13883);
#12378=PLANE('',#13888);
#12379=PLANE('',#13889);
#12380=PLANE('',#13890);
#12381=PLANE('',#13891);
#12382=PLANE('',#13892);
#12383=PLANE('',#13893);
#12384=PLANE('',#13894);
#12385=PLANE('',#13895);
#12386=PLANE('',#13896);
#12387=PLANE('',#13897);
#12388=PLANE('',#13898);
#12389=PLANE('',#13899);
#12390=PLANE('',#13900);
#12391=PLANE('',#13916);
#12392=PLANE('',#13917);
#12393=PLANE('',#13918);
#12394=PLANE('',#13919);
#12395=PLANE('',#13923);
#12396=PLANE('',#13924);
#12397=PLANE('',#13925);
#12398=PLANE('',#13929);
#12399=PLANE('',#13930);
#12400=PLANE('',#13931);
#12401=PLANE('',#13932);
#12402=PLANE('',#13933);
#12403=PLANE('',#13934);
#12404=PLANE('',#13935);
#12405=PLANE('',#13936);
#12406=PLANE('',#13937);
#12407=PLANE('',#13938);
#12408=PLANE('',#13939);
#12409=PLANE('',#13941);
#12410=PLANE('',#13942);
#12411=PLANE('',#13943);
#12412=PLANE('',#13944);
#12413=PLANE('',#13945);
#12414=PLANE('',#13946);
#12415=PLANE('',#13947);
#12416=PLANE('',#13948);
#12417=PLANE('',#13949);
#12418=PLANE('',#13950);
#12419=PLANE('',#13951);
#12420=PLANE('',#13952);
#12421=PLANE('',#13953);
#12422=PLANE('',#13954);
#12423=PLANE('',#13955);
#12424=PLANE('',#13956);
#12425=PLANE('',#13957);
#12426=PLANE('',#13958);
#12427=PLANE('',#13959);
#12428=PLANE('',#13960);
#12429=PLANE('',#13961);
#12430=PLANE('',#13962);
#12431=PLANE('',#13963);
#12432=PLANE('',#13964);
#12433=PLANE('',#13965);
#12434=PLANE('',#13966);
#12435=PLANE('',#13967);
#12436=PLANE('',#13968);
#12437=PLANE('',#13969);
#12438=PLANE('',#13970);
#12439=PLANE('',#13971);
#12440=PLANE('',#13972);
#12441=PLANE('',#13973);
#12442=PLANE('',#13974);
#12443=PLANE('',#13975);
#12444=PLANE('',#13976);
#12445=PLANE('',#13977);
#12446=PLANE('',#13978);
#12447=PLANE('',#13979);
#12448=PLANE('',#13980);
#12449=PLANE('',#13981);
#12450=PLANE('',#13982);
#12451=PLANE('',#13983);
#12452=PLANE('',#13984);
#12453=PLANE('',#13985);
#12454=PLANE('',#13986);
#12455=PLANE('',#13988);
#12456=PLANE('',#13990);
#12457=PLANE('',#13991);
#12458=PLANE('',#13992);
#12459=PLANE('',#13993);
#12460=PLANE('',#13994);
#12461=PLANE('',#13996);
#12462=PLANE('',#13998);
#12463=PLANE('',#13999);
#12464=PLANE('',#14000);
#12465=PLANE('',#14001);
#12466=PLANE('',#14002);
#12467=PLANE('',#14037);
#12468=PLANE('',#14038);
#12469=PLANE('',#14039);
#12470=PLANE('',#14040);
#12471=PLANE('',#14041);
#12472=PLANE('',#14042);
#12473=PLANE('',#14043);
#12474=PLANE('',#14044);
#12475=PLANE('',#14045);
#12476=PLANE('',#14046);
#12477=PLANE('',#14047);
#12478=PLANE('',#14048);
#12479=PLANE('',#14057);
#12480=PLANE('',#14058);
#12481=PLANE('',#14063);
#12482=PLANE('',#14066);
#12483=PLANE('',#14067);
#12484=PLANE('',#14070);
#12485=PLANE('',#14073);
#12486=PLANE('',#14076);
#12487=PLANE('',#14079);
#12488=PLANE('',#14080);
#12489=PLANE('',#14081);
#12490=PLANE('',#14082);
#12491=PLANE('',#14083);
#12492=PLANE('',#14084);
#12493=PLANE('',#14085);
#12494=PLANE('',#14086);
#12495=PLANE('',#14087);
#12496=PLANE('',#14088);
#12497=PLANE('',#14089);
#12498=PLANE('',#14090);
#12499=PLANE('',#14091);
#12500=PLANE('',#14092);
#12501=PLANE('',#14093);
#12502=PLANE('',#14094);
#12503=PLANE('',#14095);
#12504=PLANE('',#14096);
#12505=PLANE('',#14097);
#12506=PLANE('',#14098);
#12507=PLANE('',#14099);
#12508=PLANE('',#14100);
#12509=PLANE('',#14101);
#12510=PLANE('',#14102);
#12511=PLANE('',#14103);
#12512=PLANE('',#14104);
#12513=PLANE('',#14105);
#12514=PLANE('',#14106);
#12515=PLANE('',#14107);
#12516=PLANE('',#14108);
#12517=PLANE('',#14109);
#12518=PLANE('',#14110);
#12519=PLANE('',#14111);
#12520=PLANE('',#14112);
#12521=PLANE('',#14113);
#12522=PLANE('',#14114);
#12523=PLANE('',#14115);
#12524=PLANE('',#14116);
#12525=PLANE('',#14117);
#12526=PLANE('',#14118);
#12527=PLANE('',#14119);
#12528=PLANE('',#14120);
#12529=PLANE('',#14121);
#12530=PLANE('',#14122);
#12531=PLANE('',#14123);
#12532=PLANE('',#14124);
#12533=PLANE('',#14125);
#12534=PLANE('',#14126);
#12535=PLANE('',#14127);
#12536=PLANE('',#14136);
#12537=PLANE('',#14137);
#12538=PLANE('',#14138);
#12539=PLANE('',#14139);
#12540=PLANE('',#14140);
#12541=PLANE('',#14141);
#12542=PLANE('',#14142);
#12543=PLANE('',#14143);
#12544=PLANE('',#14148);
#12545=PLANE('',#14149);
#12546=PLANE('',#14150);
#12547=PLANE('',#14151);
#12548=PLANE('',#14152);
#12549=PLANE('',#14153);
#12550=PLANE('',#14154);
#12551=PLANE('',#14155);
#12552=PLANE('',#14156);
#12553=PLANE('',#14157);
#12554=PLANE('',#14158);
#12555=PLANE('',#14159);
#12556=PLANE('',#14160);
#12557=PLANE('',#14161);
#12558=PLANE('',#14162);
#12559=PLANE('',#14163);
#12560=PLANE('',#14164);
#12561=PLANE('',#14165);
#12562=PLANE('',#14166);
#12563=PLANE('',#14167);
#12564=PLANE('',#14168);
#12565=PLANE('',#14169);
#12566=PLANE('',#14170);
#12567=PLANE('',#14171);
#12568=PLANE('',#14172);
#12569=PLANE('',#14173);
#12570=PLANE('',#14174);
#12571=PLANE('',#14175);
#12572=PLANE('',#14176);
#12573=PLANE('',#14177);
#12574=PLANE('',#14178);
#12575=PLANE('',#14179);
#12576=PLANE('',#14180);
#12577=PLANE('',#14181);
#12578=PLANE('',#14182);
#12579=PLANE('',#14183);
#12580=PLANE('',#14184);
#12581=PLANE('',#14185);
#12582=PLANE('',#14186);
#12583=PLANE('',#14187);
#12584=PLANE('',#14188);
#12585=PLANE('',#14189);
#12586=PLANE('',#14190);
#12587=PLANE('',#14191);
#12588=PLANE('',#14193);
#12589=PLANE('',#14217);
#12590=PLANE('',#14224);
#12591=PLANE('',#14226);
#12592=PLANE('',#14238);
#12593=PLANE('',#14239);
#12594=PLANE('',#14241);
#12595=PLANE('',#14249);
#12596=PLANE('',#14252);
#12597=PLANE('',#14253);
#12598=PLANE('',#14259);
#12599=PLANE('',#14264);
#12600=PLANE('',#14272);
#12601=PLANE('',#14275);
#12602=PLANE('',#14276);
#12603=PLANE('',#14282);
#12604=PLANE('',#14288);
#12605=PLANE('',#14291);
#12606=PLANE('',#14292);
#12607=PLANE('',#14295);
#12608=PLANE('',#14296);
#12609=PLANE('',#14297);
#12610=PLANE('',#14300);
#12611=PLANE('',#14303);
#12612=PLANE('',#14304);
#12613=PLANE('',#14305);
#12614=PLANE('',#14306);
#12615=PLANE('',#14307);
#12616=PLANE('',#14308);
#12617=PLANE('',#14309);
#12618=PLANE('',#14310);
#12619=PLANE('',#14311);
#12620=PLANE('',#14312);
#12621=PLANE('',#14313);
#12622=PLANE('',#14314);
#12623=PLANE('',#14327);
#12624=PLANE('',#14328);
#12625=PLANE('',#14329);
#12626=PLANE('',#14330);
#12627=PLANE('',#14331);
#12628=PLANE('',#14332);
#12629=PLANE('',#14333);
#12630=PLANE('',#14350);
#12631=PLANE('',#14361);
#12632=PLANE('',#14364);
#12633=PLANE('',#14375);
#12634=PLANE('',#14376);
#12635=PLANE('',#14377);
#12636=PLANE('',#14378);
#12637=PLANE('',#14379);
#12638=PLANE('',#14380);
#12639=PLANE('',#14381);
#12640=PLANE('',#14382);
#12641=PLANE('',#14383);
#12642=PLANE('',#14384);
#12643=PLANE('',#14385);
#12644=PLANE('',#14386);
#12645=ADVANCED_FACE('',(#11152),#12044,.T.);
#12646=ADVANCED_FACE('',(#11153,#11154),#3466,.T.);
#12647=ADVANCED_FACE('',(#11155),#12045,.F.);
#12648=ADVANCED_FACE('',(#11156),#12046,.F.);
#12649=ADVANCED_FACE('',(#11157),#12047,.F.);
#12650=ADVANCED_FACE('',(#11158),#12048,.F.);
#12651=ADVANCED_FACE('',(#11159),#12049,.F.);
#12652=ADVANCED_FACE('',(#11160),#12050,.F.);
#12653=ADVANCED_FACE('',(#11161),#12051,.F.);
#12654=ADVANCED_FACE('',(#11162),#12052,.F.);
#12655=ADVANCED_FACE('',(#11163),#12053,.F.);
#12656=ADVANCED_FACE('',(#11164),#12054,.F.);
#12657=ADVANCED_FACE('',(#11165),#12055,.F.);
#12658=ADVANCED_FACE('',(#11166),#12056,.F.);
#12659=ADVANCED_FACE('',(#11167),#12057,.F.);
#12660=ADVANCED_FACE('',(#11168),#12058,.F.);
#12661=ADVANCED_FACE('',(#11169),#12059,.F.);
#12662=ADVANCED_FACE('',(#11170),#12060,.F.);
#12663=ADVANCED_FACE('',(#11171),#12061,.F.);
#12664=ADVANCED_FACE('',(#11172),#12062,.F.);
#12665=ADVANCED_FACE('',(#11173,#11174,#11175,#11176,#11177),#12063,.T.);
#12666=ADVANCED_FACE('',(#11178),#12064,.F.);
#12667=ADVANCED_FACE('',(#11179),#12065,.F.);
#12668=ADVANCED_FACE('',(#11180),#12066,.F.);
#12669=ADVANCED_FACE('',(#11181),#12067,.F.);
#12670=ADVANCED_FACE('',(#11182),#12068,.T.);
#12671=ADVANCED_FACE('',(#11183),#12069,.T.);
#12672=ADVANCED_FACE('',(#11184,#11185),#3467,.T.);
#12673=ADVANCED_FACE('',(#11186),#12070,.T.);
#12674=ADVANCED_FACE('',(#11187,#11188),#3468,.T.);
#12675=ADVANCED_FACE('',(#11189),#201,.T.);
#12676=ADVANCED_FACE('',(#11190),#12071,.F.);
#12677=ADVANCED_FACE('',(#11191),#202,.T.);
#12678=ADVANCED_FACE('',(#11192),#12072,.F.);
#12679=ADVANCED_FACE('',(#11193),#12073,.F.);
#12680=ADVANCED_FACE('',(#11194),#12074,.F.);
#12681=ADVANCED_FACE('',(#11195),#12075,.F.);
#12682=ADVANCED_FACE('',(#11196),#12076,.T.);
#12683=ADVANCED_FACE('',(#11197),#12077,.T.);
#12684=ADVANCED_FACE('',(#11198,#11199),#203,.F.);
#12685=ADVANCED_FACE('',(#11200,#11201),#204,.F.);
#12686=ADVANCED_FACE('',(#11202,#11203,#11204,#11205),#12078,.T.);
#12687=ADVANCED_FACE('',(#11206),#12079,.F.);
#12688=ADVANCED_FACE('',(#11207,#11208,#11209,#11210),#12080,.T.);
#12689=ADVANCED_FACE('',(#11211),#12081,.T.);
#12690=ADVANCED_FACE('',(#11212),#12082,.T.);
#12691=ADVANCED_FACE('',(#11213,#11214),#205,.F.);
#12692=ADVANCED_FACE('',(#11215,#11216),#206,.F.);
#12693=ADVANCED_FACE('',(#11217),#12083,.F.);
#12694=ADVANCED_FACE('',(#11218),#12084,.F.);
#12695=ADVANCED_FACE('',(#11219),#12085,.F.);
#12696=ADVANCED_FACE('',(#11220),#12086,.F.);
#12697=ADVANCED_FACE('',(#11221),#12087,.F.);
#12698=ADVANCED_FACE('',(#11222),#12088,.F.);
#12699=ADVANCED_FACE('',(#11223),#12089,.F.);
#12700=ADVANCED_FACE('',(#11224),#12090,.F.);
#12701=ADVANCED_FACE('',(#11225),#12091,.F.);
#12702=ADVANCED_FACE('',(#11226),#12092,.F.);
#12703=ADVANCED_FACE('',(#11227),#12093,.F.);
#12704=ADVANCED_FACE('',(#11228),#12094,.F.);
#12705=ADVANCED_FACE('',(#11229),#12095,.F.);
#12706=ADVANCED_FACE('',(#11230),#12096,.F.);
#12707=ADVANCED_FACE('',(#11231),#12097,.F.);
#12708=ADVANCED_FACE('',(#11232),#12098,.F.);
#12709=ADVANCED_FACE('',(#11233),#12099,.F.);
#12710=ADVANCED_FACE('',(#11234),#12100,.F.);
#12711=ADVANCED_FACE('',(#11235),#12101,.F.);
#12712=ADVANCED_FACE('',(#11236),#12102,.F.);
#12713=ADVANCED_FACE('',(#11237),#12103,.F.);
#12714=ADVANCED_FACE('',(#11238),#12104,.F.);
#12715=ADVANCED_FACE('',(#11239),#12105,.F.);
#12716=ADVANCED_FACE('',(#11240),#12106,.F.);
#12717=ADVANCED_FACE('',(#11241),#12107,.F.);
#12718=ADVANCED_FACE('',(#11242),#12108,.F.);
#12719=ADVANCED_FACE('',(#11243),#12109,.F.);
#12720=ADVANCED_FACE('',(#11244),#12110,.F.);
#12721=ADVANCED_FACE('',(#11245),#12111,.F.);
#12722=ADVANCED_FACE('',(#11246),#12112,.F.);
#12723=ADVANCED_FACE('',(#11247),#12113,.F.);
#12724=ADVANCED_FACE('',(#11248),#12114,.F.);
#12725=ADVANCED_FACE('',(#11249),#12115,.F.);
#12726=ADVANCED_FACE('',(#11250),#12116,.F.);
#12727=ADVANCED_FACE('',(#11251),#12117,.F.);
#12728=ADVANCED_FACE('',(#11252),#12118,.F.);
#12729=ADVANCED_FACE('',(#11253),#12119,.F.);
#12730=ADVANCED_FACE('',(#11254),#12120,.F.);
#12731=ADVANCED_FACE('',(#11255),#12121,.F.);
#12732=ADVANCED_FACE('',(#11256),#12122,.F.);
#12733=ADVANCED_FACE('',(#11257),#12123,.F.);
#12734=ADVANCED_FACE('',(#11258),#12124,.F.);
#12735=ADVANCED_FACE('',(#11259),#12125,.F.);
#12736=ADVANCED_FACE('',(#11260),#12126,.F.);
#12737=ADVANCED_FACE('',(#11261),#12127,.F.);
#12738=ADVANCED_FACE('',(#11262),#12128,.F.);
#12739=ADVANCED_FACE('',(#11263),#12129,.F.);
#12740=ADVANCED_FACE('',(#11264),#12130,.F.);
#12741=ADVANCED_FACE('',(#11265),#12131,.F.);
#12742=ADVANCED_FACE('',(#11266),#12132,.F.);
#12743=ADVANCED_FACE('',(#11267),#12133,.F.);
#12744=ADVANCED_FACE('',(#11268),#12134,.F.);
#12745=ADVANCED_FACE('',(#11269),#12135,.F.);
#12746=ADVANCED_FACE('',(#11270),#12136,.F.);
#12747=ADVANCED_FACE('',(#11271),#12137,.F.);
#12748=ADVANCED_FACE('',(#11272),#12138,.F.);
#12749=ADVANCED_FACE('',(#11273),#12139,.F.);
#12750=ADVANCED_FACE('',(#11274),#12140,.F.);
#12751=ADVANCED_FACE('',(#11275),#12141,.F.);
#12752=ADVANCED_FACE('',(#11276),#12142,.F.);
#12753=ADVANCED_FACE('',(#11277),#12143,.F.);
#12754=ADVANCED_FACE('',(#11278),#12144,.F.);
#12755=ADVANCED_FACE('',(#11279),#12145,.F.);
#12756=ADVANCED_FACE('',(#11280),#12146,.F.);
#12757=ADVANCED_FACE('',(#11281),#12147,.F.);
#12758=ADVANCED_FACE('',(#11282),#12148,.F.);
#12759=ADVANCED_FACE('',(#11283),#12149,.F.);
#12760=ADVANCED_FACE('',(#11284),#12150,.F.);
#12761=ADVANCED_FACE('',(#11285),#12151,.F.);
#12762=ADVANCED_FACE('',(#11286),#12152,.F.);
#12763=ADVANCED_FACE('',(#11287),#12153,.F.);
#12764=ADVANCED_FACE('',(#11288),#12154,.F.);
#12765=ADVANCED_FACE('',(#11289),#12155,.F.);
#12766=ADVANCED_FACE('',(#11290),#12156,.F.);
#12767=ADVANCED_FACE('',(#11291),#12157,.F.);
#12768=ADVANCED_FACE('',(#11292),#12158,.F.);
#12769=ADVANCED_FACE('',(#11293),#12159,.F.);
#12770=ADVANCED_FACE('',(#11294),#12160,.F.);
#12771=ADVANCED_FACE('',(#11295),#12161,.F.);
#12772=ADVANCED_FACE('',(#11296),#12162,.F.);
#12773=ADVANCED_FACE('',(#11297),#12163,.F.);
#12774=ADVANCED_FACE('',(#11298),#12164,.F.);
#12775=ADVANCED_FACE('',(#11299),#12165,.F.);
#12776=ADVANCED_FACE('',(#11300),#12166,.F.);
#12777=ADVANCED_FACE('',(#11301),#12167,.F.);
#12778=ADVANCED_FACE('',(#11302),#12168,.F.);
#12779=ADVANCED_FACE('',(#11303),#12169,.F.);
#12780=ADVANCED_FACE('',(#11304),#12170,.F.);
#12781=ADVANCED_FACE('',(#11305),#12171,.F.);
#12782=ADVANCED_FACE('',(#11306),#12172,.F.);
#12783=ADVANCED_FACE('',(#11307),#12173,.F.);
#12784=ADVANCED_FACE('',(#11308),#12174,.F.);
#12785=ADVANCED_FACE('',(#11309),#12175,.F.);
#12786=ADVANCED_FACE('',(#11310),#12176,.F.);
#12787=ADVANCED_FACE('',(#11311),#12177,.F.);
#12788=ADVANCED_FACE('',(#11312),#12178,.F.);
#12789=ADVANCED_FACE('',(#11313),#12179,.F.);
#12790=ADVANCED_FACE('',(#11314),#12180,.F.);
#12791=ADVANCED_FACE('',(#11315),#12181,.F.);
#12792=ADVANCED_FACE('',(#11316),#12182,.F.);
#12793=ADVANCED_FACE('',(#11317),#12183,.F.);
#12794=ADVANCED_FACE('',(#11318),#12184,.F.);
#12795=ADVANCED_FACE('',(#11319),#12185,.F.);
#12796=ADVANCED_FACE('',(#11320),#12186,.F.);
#12797=ADVANCED_FACE('',(#11321),#12187,.F.);
#12798=ADVANCED_FACE('',(#11322),#12188,.F.);
#12799=ADVANCED_FACE('',(#11323),#12189,.F.);
#12800=ADVANCED_FACE('',(#11324),#12190,.F.);
#12801=ADVANCED_FACE('',(#11325),#12191,.F.);
#12802=ADVANCED_FACE('',(#11326),#12192,.F.);
#12803=ADVANCED_FACE('',(#11327),#12193,.T.);
#12804=ADVANCED_FACE('',(#11328),#12194,.F.);
#12805=ADVANCED_FACE('',(#11329),#207,.T.);
#12806=ADVANCED_FACE('',(#11330,#11331,#11332,#11333,#11334,#11335,#11336,
#11337,#11338,#11339,#11340,#11341,#11342,#11343,#11344,#11345,#11346,#11347,
#11348,#11349,#11350,#11351,#11352,#11353),#12195,.F.);
#12807=ADVANCED_FACE('',(#11354),#208,.T.);
#12808=ADVANCED_FACE('',(#11355),#12196,.F.);
#12809=ADVANCED_FACE('',(#11356),#12197,.F.);
#12810=ADVANCED_FACE('',(#11357),#12198,.F.);
#12811=ADVANCED_FACE('',(#11358),#12199,.F.);
#12812=ADVANCED_FACE('',(#11359),#209,.T.);
#12813=ADVANCED_FACE('',(#11360),#12200,.F.);
#12814=ADVANCED_FACE('',(#11361),#12201,.F.);
#12815=ADVANCED_FACE('',(#11362),#12202,.F.);
#12816=ADVANCED_FACE('',(#11363),#12203,.F.);
#12817=ADVANCED_FACE('',(#11364),#12204,.F.);
#12818=ADVANCED_FACE('',(#11365),#12205,.F.);
#12819=ADVANCED_FACE('',(#11366),#12206,.F.);
#12820=ADVANCED_FACE('',(#11367),#12207,.F.);
#12821=ADVANCED_FACE('',(#11368),#12208,.F.);
#12822=ADVANCED_FACE('',(#11369),#12209,.F.);
#12823=ADVANCED_FACE('',(#11370),#12210,.F.);
#12824=ADVANCED_FACE('',(#11371),#12211,.F.);
#12825=ADVANCED_FACE('',(#11372),#12212,.F.);
#12826=ADVANCED_FACE('',(#11373),#12213,.F.);
#12827=ADVANCED_FACE('',(#11374),#12214,.F.);
#12828=ADVANCED_FACE('',(#11375),#12215,.F.);
#12829=ADVANCED_FACE('',(#11376),#12216,.F.);
#12830=ADVANCED_FACE('',(#11377),#12217,.F.);
#12831=ADVANCED_FACE('',(#11378),#12218,.F.);
#12832=ADVANCED_FACE('',(#11379),#12219,.F.);
#12833=ADVANCED_FACE('',(#11380),#12220,.F.);
#12834=ADVANCED_FACE('',(#11381),#12221,.F.);
#12835=ADVANCED_FACE('',(#11382),#12222,.F.);
#12836=ADVANCED_FACE('',(#11383),#12223,.F.);
#12837=ADVANCED_FACE('',(#11384),#12224,.F.);
#12838=ADVANCED_FACE('',(#11385),#12225,.F.);
#12839=ADVANCED_FACE('',(#11386),#12226,.T.);
#12840=ADVANCED_FACE('',(#11387),#210,.F.);
#12841=ADVANCED_FACE('',(#11388,#11389),#3469,.T.);
#12842=ADVANCED_FACE('',(#11390,#11391),#12227,.T.);
#12843=ADVANCED_FACE('',(#11392,#11393),#3470,.T.);
#12844=ADVANCED_FACE('',(#11394),#12228,.F.);
#12845=ADVANCED_FACE('',(#11395,#11396),#3471,.T.);
#12846=ADVANCED_FACE('',(#11397,#11398),#12229,.F.);
#12847=ADVANCED_FACE('',(#11399,#11400),#3472,.T.);
#12848=ADVANCED_FACE('',(#11401),#12230,.F.);
#12849=ADVANCED_FACE('',(#11402),#12231,.F.);
#12850=ADVANCED_FACE('',(#11403),#12232,.F.);
#12851=ADVANCED_FACE('',(#11404),#12233,.F.);
#12852=ADVANCED_FACE('',(#11405),#12234,.F.);
#12853=ADVANCED_FACE('',(#11406),#12235,.F.);
#12854=ADVANCED_FACE('',(#11407),#12236,.F.);
#12855=ADVANCED_FACE('',(#11408),#12237,.F.);
#12856=ADVANCED_FACE('',(#11409),#12238,.F.);
#12857=ADVANCED_FACE('',(#11410,#11411),#211,.F.);
#12858=ADVANCED_FACE('',(#11412,#11413),#212,.F.);
#12859=ADVANCED_FACE('',(#11414),#213,.T.);
#12860=ADVANCED_FACE('',(#11415),#12239,.F.);
#12861=ADVANCED_FACE('',(#11416),#214,.T.);
#12862=ADVANCED_FACE('',(#11417),#215,.T.);
#12863=ADVANCED_FACE('',(#11418),#12240,.F.);
#12864=ADVANCED_FACE('',(#11419),#12241,.F.);
#12865=ADVANCED_FACE('',(#11420),#12242,.F.);
#12866=ADVANCED_FACE('',(#11421),#12243,.T.);
#12867=ADVANCED_FACE('',(#11422),#216,.T.);
#12868=ADVANCED_FACE('',(#11423,#11424,#11425,#11426,#11427,#11428,#11429,
#11430,#11431,#11432,#11433,#11434,#11435,#11436,#11437,#11438,#11439,#11440,
#11441),#12244,.T.);
#12869=ADVANCED_FACE('',(#11442),#12245,.F.);
#12870=ADVANCED_FACE('',(#11443),#12246,.F.);
#12871=ADVANCED_FACE('',(#11444),#12247,.F.);
#12872=ADVANCED_FACE('',(#11445),#12248,.F.);
#12873=ADVANCED_FACE('',(#11446),#12249,.F.);
#12874=ADVANCED_FACE('',(#11447),#12250,.F.);
#12875=ADVANCED_FACE('',(#11448),#12251,.F.);
#12876=ADVANCED_FACE('',(#11449),#12252,.F.);
#12877=ADVANCED_FACE('',(#11450),#12253,.F.);
#12878=ADVANCED_FACE('',(#11451),#12254,.T.);
#12879=ADVANCED_FACE('',(#11452),#12255,.F.);
#12880=ADVANCED_FACE('',(#11453),#12256,.F.);
#12881=ADVANCED_FACE('',(#11454),#12257,.F.);
#12882=ADVANCED_FACE('',(#11455),#12258,.T.);
#12883=ADVANCED_FACE('',(#11456),#12259,.F.);
#12884=ADVANCED_FACE('',(#11457),#12260,.F.);
#12885=ADVANCED_FACE('',(#11458),#12261,.F.);
#12886=ADVANCED_FACE('',(#11459),#12262,.F.);
#12887=ADVANCED_FACE('',(#11460),#12263,.F.);
#12888=ADVANCED_FACE('',(#11461),#12264,.F.);
#12889=ADVANCED_FACE('',(#11462),#12265,.F.);
#12890=ADVANCED_FACE('',(#11463),#12266,.F.);
#12891=ADVANCED_FACE('',(#11464),#12267,.F.);
#12892=ADVANCED_FACE('',(#11465),#12268,.F.);
#12893=ADVANCED_FACE('',(#11466),#12269,.F.);
#12894=ADVANCED_FACE('',(#11467),#12270,.T.);
#12895=ADVANCED_FACE('',(#11468),#12271,.F.);
#12896=ADVANCED_FACE('',(#11469),#12272,.F.);
#12897=ADVANCED_FACE('',(#11470),#12273,.F.);
#12898=ADVANCED_FACE('',(#11471),#12274,.T.);
#12899=ADVANCED_FACE('',(#11472),#12275,.F.);
#12900=ADVANCED_FACE('',(#11473),#12276,.F.);
#12901=ADVANCED_FACE('',(#11474),#12277,.F.);
#12902=ADVANCED_FACE('',(#11475),#12278,.F.);
#12903=ADVANCED_FACE('',(#11476),#12279,.F.);
#12904=ADVANCED_FACE('',(#11477),#12280,.F.);
#12905=ADVANCED_FACE('',(#11478),#12281,.F.);
#12906=ADVANCED_FACE('',(#11479),#12282,.F.);
#12907=ADVANCED_FACE('',(#11480),#12283,.F.);
#12908=ADVANCED_FACE('',(#11481),#12284,.F.);
#12909=ADVANCED_FACE('',(#11482),#12285,.F.);
#12910=ADVANCED_FACE('',(#11483),#12286,.T.);
#12911=ADVANCED_FACE('',(#11484),#12287,.F.);
#12912=ADVANCED_FACE('',(#11485),#12288,.F.);
#12913=ADVANCED_FACE('',(#11486),#12289,.F.);
#12914=ADVANCED_FACE('',(#11487),#12290,.T.);
#12915=ADVANCED_FACE('',(#11488),#12291,.F.);
#12916=ADVANCED_FACE('',(#11489),#12292,.F.);
#12917=ADVANCED_FACE('',(#11490),#12293,.F.);
#12918=ADVANCED_FACE('',(#11491),#12294,.F.);
#12919=ADVANCED_FACE('',(#11492),#12295,.F.);
#12920=ADVANCED_FACE('',(#11493),#12296,.F.);
#12921=ADVANCED_FACE('',(#11494),#12297,.F.);
#12922=ADVANCED_FACE('',(#11495),#12298,.F.);
#12923=ADVANCED_FACE('',(#11496),#12299,.F.);
#12924=ADVANCED_FACE('',(#11497),#12300,.F.);
#12925=ADVANCED_FACE('',(#11498),#12301,.F.);
#12926=ADVANCED_FACE('',(#11499),#12302,.T.);
#12927=ADVANCED_FACE('',(#11500),#12303,.F.);
#12928=ADVANCED_FACE('',(#11501),#12304,.F.);
#12929=ADVANCED_FACE('',(#11502),#12305,.F.);
#12930=ADVANCED_FACE('',(#11503),#12306,.T.);
#12931=ADVANCED_FACE('',(#11504),#12307,.F.);
#12932=ADVANCED_FACE('',(#11505),#12308,.F.);
#12933=ADVANCED_FACE('',(#11506),#12309,.F.);
#12934=ADVANCED_FACE('',(#11507),#12310,.F.);
#12935=ADVANCED_FACE('',(#11508),#12311,.F.);
#12936=ADVANCED_FACE('',(#11509),#12312,.F.);
#12937=ADVANCED_FACE('',(#11510),#12313,.F.);
#12938=ADVANCED_FACE('',(#11511),#12314,.F.);
#12939=ADVANCED_FACE('',(#11512),#12315,.F.);
#12940=ADVANCED_FACE('',(#11513),#12316,.F.);
#12941=ADVANCED_FACE('',(#11514),#12317,.F.);
#12942=ADVANCED_FACE('',(#11515),#12318,.T.);
#12943=ADVANCED_FACE('',(#11516),#12319,.F.);
#12944=ADVANCED_FACE('',(#11517),#12320,.F.);
#12945=ADVANCED_FACE('',(#11518),#12321,.F.);
#12946=ADVANCED_FACE('',(#11519),#12322,.T.);
#12947=ADVANCED_FACE('',(#11520),#12323,.F.);
#12948=ADVANCED_FACE('',(#11521),#12324,.F.);
#12949=ADVANCED_FACE('',(#11522),#12325,.F.);
#12950=ADVANCED_FACE('',(#11523),#12326,.F.);
#12951=ADVANCED_FACE('',(#11524),#12327,.F.);
#12952=ADVANCED_FACE('',(#11525),#12328,.F.);
#12953=ADVANCED_FACE('',(#11526),#12329,.F.);
#12954=ADVANCED_FACE('',(#11527),#12330,.F.);
#12955=ADVANCED_FACE('',(#11528),#12331,.F.);
#12956=ADVANCED_FACE('',(#11529),#12332,.F.);
#12957=ADVANCED_FACE('',(#11530),#12333,.F.);
#12958=ADVANCED_FACE('',(#11531),#12334,.T.);
#12959=ADVANCED_FACE('',(#11532),#12335,.F.);
#12960=ADVANCED_FACE('',(#11533),#12336,.F.);
#12961=ADVANCED_FACE('',(#11534),#12337,.F.);
#12962=ADVANCED_FACE('',(#11535),#12338,.T.);
#12963=ADVANCED_FACE('',(#11536),#12339,.F.);
#12964=ADVANCED_FACE('',(#11537),#12340,.F.);
#12965=ADVANCED_FACE('',(#11538),#12341,.F.);
#12966=ADVANCED_FACE('',(#11539),#12342,.F.);
#12967=ADVANCED_FACE('',(#11540),#12343,.F.);
#12968=ADVANCED_FACE('',(#11541),#12344,.F.);
#12969=ADVANCED_FACE('',(#11542),#12345,.F.);
#12970=ADVANCED_FACE('',(#11543),#12346,.F.);
#12971=ADVANCED_FACE('',(#11544),#12347,.F.);
#12972=ADVANCED_FACE('',(#11545),#12348,.F.);
#12973=ADVANCED_FACE('',(#11546),#12349,.F.);
#12974=ADVANCED_FACE('',(#11547),#12350,.T.);
#12975=ADVANCED_FACE('',(#11548),#12351,.F.);
#12976=ADVANCED_FACE('',(#11549),#12352,.F.);
#12977=ADVANCED_FACE('',(#11550),#12353,.F.);
#12978=ADVANCED_FACE('',(#11551),#12354,.T.);
#12979=ADVANCED_FACE('',(#11552),#12355,.F.);
#12980=ADVANCED_FACE('',(#11553),#12356,.F.);
#12981=ADVANCED_FACE('',(#11554),#12357,.F.);
#12982=ADVANCED_FACE('',(#11555),#12358,.F.);
#12983=ADVANCED_FACE('',(#11556),#12359,.F.);
#12984=ADVANCED_FACE('',(#11557),#12360,.F.);
#12985=ADVANCED_FACE('',(#11558,#11559,#11560,#11561,#11562,#11563,#11564,
#11565,#11566,#11567,#11568,#11569,#11570,#11571,#11572,#11573,#11574),
#12361,.F.);
#12986=ADVANCED_FACE('',(#11575),#12362,.F.);
#12987=ADVANCED_FACE('',(#11576),#12363,.F.);
#12988=ADVANCED_FACE('',(#11577),#12364,.F.);
#12989=ADVANCED_FACE('',(#11578),#12365,.T.);
#12990=ADVANCED_FACE('',(#11579),#12366,.F.);
#12991=ADVANCED_FACE('',(#11580),#12367,.F.);
#12992=ADVANCED_FACE('',(#11581),#12368,.F.);
#12993=ADVANCED_FACE('',(#11582),#12369,.F.);
#12994=ADVANCED_FACE('',(#11583),#12370,.F.);
#12995=ADVANCED_FACE('',(#11584),#12371,.F.);
#12996=ADVANCED_FACE('',(#11585),#12372,.F.);
#12997=ADVANCED_FACE('',(#11586),#12373,.F.);
#12998=ADVANCED_FACE('',(#11587),#12374,.F.);
#12999=ADVANCED_FACE('',(#11588),#12375,.F.);
#13000=ADVANCED_FACE('',(#11589),#12376,.F.);
#13001=ADVANCED_FACE('',(#11590),#12377,.T.);
#13002=ADVANCED_FACE('',(#11591),#12378,.F.);
#13003=ADVANCED_FACE('',(#11592),#12379,.F.);
#13004=ADVANCED_FACE('',(#11593),#12380,.F.);
#13005=ADVANCED_FACE('',(#11594),#12381,.F.);
#13006=ADVANCED_FACE('',(#11595),#12382,.F.);
#13007=ADVANCED_FACE('',(#11596),#12383,.F.);
#13008=ADVANCED_FACE('',(#11597),#12384,.F.);
#13009=ADVANCED_FACE('',(#11598),#12385,.F.);
#13010=ADVANCED_FACE('',(#11599),#12386,.T.);
#13011=ADVANCED_FACE('',(#11600),#12387,.F.);
#13012=ADVANCED_FACE('',(#11601),#12388,.F.);
#13013=ADVANCED_FACE('',(#11602),#12389,.F.);
#13014=ADVANCED_FACE('',(#11603),#12390,.F.);
#13015=ADVANCED_FACE('',(#11604),#217,.T.);
#13016=ADVANCED_FACE('',(#11605),#218,.T.);
#13017=ADVANCED_FACE('',(#11606),#219,.T.);
#13018=ADVANCED_FACE('',(#11607),#220,.T.);
#13019=ADVANCED_FACE('',(#11608),#221,.T.);
#13020=ADVANCED_FACE('',(#11609),#222,.T.);
#13021=ADVANCED_FACE('',(#11610),#223,.T.);
#13022=ADVANCED_FACE('',(#11611),#224,.T.);
#13023=ADVANCED_FACE('',(#11612),#225,.T.);
#13024=ADVANCED_FACE('',(#11613),#226,.T.);
#13025=ADVANCED_FACE('',(#11614),#227,.T.);
#13026=ADVANCED_FACE('',(#11615),#228,.T.);
#13027=ADVANCED_FACE('',(#11616),#229,.T.);
#13028=ADVANCED_FACE('',(#11617),#230,.T.);
#13029=ADVANCED_FACE('',(#11618),#12391,.F.);
#13030=ADVANCED_FACE('',(#11619),#12392,.F.);
#13031=ADVANCED_FACE('',(#11620),#12393,.F.);
#13032=ADVANCED_FACE('',(#11621),#12394,.F.);
#13033=ADVANCED_FACE('',(#11622),#231,.F.);
#13034=ADVANCED_FACE('',(#11623),#12395,.F.);
#13035=ADVANCED_FACE('',(#11624),#12396,.F.);
#13036=ADVANCED_FACE('',(#11625),#12397,.F.);
#13037=ADVANCED_FACE('',(#11626),#232,.T.);
#13038=ADVANCED_FACE('',(#11627),#12398,.F.);
#13039=ADVANCED_FACE('',(#11628),#12399,.T.);
#13040=ADVANCED_FACE('',(#11629),#12400,.F.);
#13041=ADVANCED_FACE('',(#11630),#12401,.F.);
#13042=ADVANCED_FACE('',(#11631),#12402,.F.);
#13043=ADVANCED_FACE('',(#11632),#12403,.T.);
#13044=ADVANCED_FACE('',(#11633),#12404,.T.);
#13045=ADVANCED_FACE('',(#11634),#12405,.F.);
#13046=ADVANCED_FACE('',(#11635),#12406,.F.);
#13047=ADVANCED_FACE('',(#11636),#12407,.F.);
#13048=ADVANCED_FACE('',(#11637),#12408,.F.);
#13049=ADVANCED_FACE('',(#11638,#11639,#11640,#11641,#11642),#12409,.F.);
#13050=ADVANCED_FACE('',(#11643,#11644,#11645,#11646,#11647),#12410,.F.);
#13051=ADVANCED_FACE('',(#11648),#12411,.F.);
#13052=ADVANCED_FACE('',(#11649),#12412,.F.);
#13053=ADVANCED_FACE('',(#11650),#12413,.F.);
#13054=ADVANCED_FACE('',(#11651),#12414,.F.);
#13055=ADVANCED_FACE('',(#11652,#11653),#12415,.F.);
#13056=ADVANCED_FACE('',(#11654),#12416,.F.);
#13057=ADVANCED_FACE('',(#11655),#12417,.F.);
#13058=ADVANCED_FACE('',(#11656),#12418,.F.);
#13059=ADVANCED_FACE('',(#11657),#12419,.F.);
#13060=ADVANCED_FACE('',(#11658),#12420,.F.);
#13061=ADVANCED_FACE('',(#11659,#11660,#11661,#11662,#11663),#12421,.F.);
#13062=ADVANCED_FACE('',(#11664),#12422,.F.);
#13063=ADVANCED_FACE('',(#11665),#12423,.F.);
#13064=ADVANCED_FACE('',(#11666),#12424,.F.);
#13065=ADVANCED_FACE('',(#11667),#12425,.F.);
#13066=ADVANCED_FACE('',(#11668),#12426,.F.);
#13067=ADVANCED_FACE('',(#11669),#12427,.T.);
#13068=ADVANCED_FACE('',(#11670),#12428,.F.);
#13069=ADVANCED_FACE('',(#11671),#12429,.T.);
#13070=ADVANCED_FACE('',(#11672),#12430,.F.);
#13071=ADVANCED_FACE('',(#11673),#12431,.F.);
#13072=ADVANCED_FACE('',(#11674),#12432,.F.);
#13073=ADVANCED_FACE('',(#11675),#12433,.F.);
#13074=ADVANCED_FACE('',(#11676),#12434,.F.);
#13075=ADVANCED_FACE('',(#11677),#12435,.F.);
#13076=ADVANCED_FACE('',(#11678),#12436,.F.);
#13077=ADVANCED_FACE('',(#11679),#12437,.F.);
#13078=ADVANCED_FACE('',(#11680),#12438,.F.);
#13079=ADVANCED_FACE('',(#11681),#12439,.F.);
#13080=ADVANCED_FACE('',(#11682),#12440,.F.);
#13081=ADVANCED_FACE('',(#11683),#12441,.F.);
#13082=ADVANCED_FACE('',(#11684),#12442,.F.);
#13083=ADVANCED_FACE('',(#11685),#12443,.F.);
#13084=ADVANCED_FACE('',(#11686),#12444,.F.);
#13085=ADVANCED_FACE('',(#11687),#12445,.F.);
#13086=ADVANCED_FACE('',(#11688),#12446,.F.);
#13087=ADVANCED_FACE('',(#11689),#12447,.F.);
#13088=ADVANCED_FACE('',(#11690),#12448,.F.);
#13089=ADVANCED_FACE('',(#11691),#12449,.F.);
#13090=ADVANCED_FACE('',(#11692),#12450,.F.);
#13091=ADVANCED_FACE('',(#11693),#12451,.F.);
#13092=ADVANCED_FACE('',(#11694),#12452,.F.);
#13093=ADVANCED_FACE('',(#11695),#12453,.F.);
#13094=ADVANCED_FACE('',(#11696),#12454,.T.);
#13095=ADVANCED_FACE('',(#11697),#12455,.T.);
#13096=ADVANCED_FACE('',(#11698),#12456,.F.);
#13097=ADVANCED_FACE('',(#11699),#12457,.F.);
#13098=ADVANCED_FACE('',(#11700),#12458,.F.);
#13099=ADVANCED_FACE('',(#11701),#12459,.F.);
#13100=ADVANCED_FACE('',(#11702),#12460,.T.);
#13101=ADVANCED_FACE('',(#11703),#12461,.T.);
#13102=ADVANCED_FACE('',(#11704),#12462,.F.);
#13103=ADVANCED_FACE('',(#11705),#12463,.F.);
#13104=ADVANCED_FACE('',(#11706),#12464,.F.);
#13105=ADVANCED_FACE('',(#11707),#12465,.F.);
#13106=ADVANCED_FACE('',(#11708,#11709,#11710,#11711,#11712,#11713),#12466,
 .T.);
#13107=ADVANCED_FACE('',(#11714),#70,.T.);
#13108=ADVANCED_FACE('',(#11715),#233,.T.);
#13109=ADVANCED_FACE('',(#11716),#234,.T.);
#13110=ADVANCED_FACE('',(#11717),#71,.T.);
#13111=ADVANCED_FACE('',(#11718),#235,.T.);
#13112=ADVANCED_FACE('',(#11719),#72,.T.);
#13113=ADVANCED_FACE('',(#11720),#236,.T.);
#13114=ADVANCED_FACE('',(#11721),#73,.T.);
#13115=ADVANCED_FACE('',(#11722),#237,.T.);
#13116=ADVANCED_FACE('',(#11723),#74,.T.);
#13117=ADVANCED_FACE('',(#11724),#238,.T.);
#13118=ADVANCED_FACE('',(#11725,#11726),#12467,.F.);
#13119=ADVANCED_FACE('',(#11727,#11728),#12468,.T.);
#13120=ADVANCED_FACE('',(#11729,#11730),#12469,.F.);
#13121=ADVANCED_FACE('',(#11731,#11732),#12470,.T.);
#13122=ADVANCED_FACE('',(#11733,#11734),#12471,.F.);
#13123=ADVANCED_FACE('',(#11735,#11736),#12472,.T.);
#13124=ADVANCED_FACE('',(#11737,#11738),#12473,.F.);
#13125=ADVANCED_FACE('',(#11739,#11740),#12474,.T.);
#13126=ADVANCED_FACE('',(#11741,#11742),#12475,.F.);
#13127=ADVANCED_FACE('',(#11743,#11744),#12476,.T.);
#13128=ADVANCED_FACE('',(#11745,#11746),#12477,.F.);
#13129=ADVANCED_FACE('',(#11747,#11748),#12478,.T.);
#13130=ADVANCED_FACE('',(#11749,#11750),#3473,.F.);
#13131=ADVANCED_FACE('',(#11751,#11752),#3474,.F.);
#13132=ADVANCED_FACE('',(#11753,#11754),#75,.T.);
#13133=ADVANCED_FACE('',(#11755,#11756),#76,.T.);
#13134=ADVANCED_FACE('',(#11757,#11758),#12479,.F.);
#13135=ADVANCED_FACE('',(#11759,#11760),#12480,.T.);
#13136=ADVANCED_FACE('',(#11761,#11762),#77,.T.);
#13137=ADVANCED_FACE('',(#11763,#11764),#78,.T.);
#13138=ADVANCED_FACE('',(#11765,#11766),#12481,.T.);
#13139=ADVANCED_FACE('',(#11767),#239,.T.);
#13140=ADVANCED_FACE('',(#11768),#12482,.F.);
#13141=ADVANCED_FACE('',(#11769),#12483,.F.);
#13142=ADVANCED_FACE('',(#11770),#240,.T.);
#13143=ADVANCED_FACE('',(#11771),#12484,.F.);
#13144=ADVANCED_FACE('',(#11772),#241,.T.);
#13145=ADVANCED_FACE('',(#11773),#12485,.F.);
#13146=ADVANCED_FACE('',(#11774),#242,.T.);
#13147=ADVANCED_FACE('',(#11775),#12486,.F.);
#13148=ADVANCED_FACE('',(#11776),#243,.T.);
#13149=ADVANCED_FACE('',(#11777),#12487,.F.);
#13150=ADVANCED_FACE('',(#11778),#12488,.F.);
#13151=ADVANCED_FACE('',(#11779),#12489,.F.);
#13152=ADVANCED_FACE('',(#11780),#12490,.F.);
#13153=ADVANCED_FACE('',(#11781),#12491,.F.);
#13154=ADVANCED_FACE('',(#11782),#12492,.F.);
#13155=ADVANCED_FACE('',(#11783),#12493,.F.);
#13156=ADVANCED_FACE('',(#11784),#12494,.F.);
#13157=ADVANCED_FACE('',(#11785),#12495,.F.);
#13158=ADVANCED_FACE('',(#11786),#12496,.F.);
#13159=ADVANCED_FACE('',(#11787),#12497,.F.);
#13160=ADVANCED_FACE('',(#11788),#12498,.F.);
#13161=ADVANCED_FACE('',(#11789),#12499,.F.);
#13162=ADVANCED_FACE('',(#11790),#12500,.F.);
#13163=ADVANCED_FACE('',(#11791),#12501,.F.);
#13164=ADVANCED_FACE('',(#11792),#12502,.F.);
#13165=ADVANCED_FACE('',(#11793),#12503,.F.);
#13166=ADVANCED_FACE('',(#11794),#12504,.F.);
#13167=ADVANCED_FACE('',(#11795),#12505,.F.);
#13168=ADVANCED_FACE('',(#11796),#12506,.F.);
#13169=ADVANCED_FACE('',(#11797),#12507,.F.);
#13170=ADVANCED_FACE('',(#11798),#12508,.F.);
#13171=ADVANCED_FACE('',(#11799),#12509,.F.);
#13172=ADVANCED_FACE('',(#11800),#12510,.F.);
#13173=ADVANCED_FACE('',(#11801),#12511,.F.);
#13174=ADVANCED_FACE('',(#11802),#12512,.F.);
#13175=ADVANCED_FACE('',(#11803),#12513,.F.);
#13176=ADVANCED_FACE('',(#11804),#12514,.F.);
#13177=ADVANCED_FACE('',(#11805),#12515,.F.);
#13178=ADVANCED_FACE('',(#11806),#12516,.F.);
#13179=ADVANCED_FACE('',(#11807),#12517,.F.);
#13180=ADVANCED_FACE('',(#11808),#12518,.F.);
#13181=ADVANCED_FACE('',(#11809),#12519,.F.);
#13182=ADVANCED_FACE('',(#11810),#12520,.F.);
#13183=ADVANCED_FACE('',(#11811),#12521,.F.);
#13184=ADVANCED_FACE('',(#11812),#12522,.F.);
#13185=ADVANCED_FACE('',(#11813),#12523,.F.);
#13186=ADVANCED_FACE('',(#11814),#12524,.F.);
#13187=ADVANCED_FACE('',(#11815),#12525,.F.);
#13188=ADVANCED_FACE('',(#11816),#12526,.F.);
#13189=ADVANCED_FACE('',(#11817),#12527,.F.);
#13190=ADVANCED_FACE('',(#11818),#12528,.F.);
#13191=ADVANCED_FACE('',(#11819),#12529,.F.);
#13192=ADVANCED_FACE('',(#11820),#12530,.F.);
#13193=ADVANCED_FACE('',(#11821),#12531,.F.);
#13194=ADVANCED_FACE('',(#11822),#12532,.F.);
#13195=ADVANCED_FACE('',(#11823),#12533,.F.);
#13196=ADVANCED_FACE('',(#11824),#12534,.F.);
#13197=ADVANCED_FACE('',(#11825),#12535,.F.);
#13198=ADVANCED_FACE('',(#11826,#11827),#244,.F.);
#13199=ADVANCED_FACE('',(#11828,#11829),#245,.F.);
#13200=ADVANCED_FACE('',(#11830,#11831),#246,.T.);
#13201=ADVANCED_FACE('',(#11832,#11833),#247,.T.);
#13202=ADVANCED_FACE('',(#11834),#12536,.F.);
#13203=ADVANCED_FACE('',(#11835),#12537,.F.);
#13204=ADVANCED_FACE('',(#11836),#12538,.F.);
#13205=ADVANCED_FACE('',(#11837),#12539,.F.);
#13206=ADVANCED_FACE('',(#11838),#12540,.F.);
#13207=ADVANCED_FACE('',(#11839),#12541,.F.);
#13208=ADVANCED_FACE('',(#11840),#12542,.F.);
#13209=ADVANCED_FACE('',(#11841),#12543,.F.);
#13210=ADVANCED_FACE('',(#11842,#11843),#248,.T.);
#13211=ADVANCED_FACE('',(#11844,#11845),#249,.T.);
#13212=ADVANCED_FACE('',(#11846),#12544,.F.);
#13213=ADVANCED_FACE('',(#11847),#12545,.F.);
#13214=ADVANCED_FACE('',(#11848),#12546,.F.);
#13215=ADVANCED_FACE('',(#11849),#12547,.F.);
#13216=ADVANCED_FACE('',(#11850,#11851,#11852,#11853,#11854,#11855,#11856,
#11857,#11858,#11859,#11860,#11861,#11862,#11863,#11864,#11865,#11866,#11867,
#11868,#11869,#11870,#11871,#11872),#12548,.F.);
#13217=ADVANCED_FACE('',(#11873),#12549,.F.);
#13218=ADVANCED_FACE('',(#11874),#12550,.F.);
#13219=ADVANCED_FACE('',(#11875),#12551,.F.);
#13220=ADVANCED_FACE('',(#11876),#12552,.F.);
#13221=ADVANCED_FACE('',(#11877),#12553,.T.);
#13222=ADVANCED_FACE('',(#11878),#12554,.F.);
#13223=ADVANCED_FACE('',(#11879),#12555,.T.);
#13224=ADVANCED_FACE('',(#11880),#12556,.F.);
#13225=ADVANCED_FACE('',(#11881),#12557,.F.);
#13226=ADVANCED_FACE('',(#11882),#12558,.F.);
#13227=ADVANCED_FACE('',(#11883),#12559,.F.);
#13228=ADVANCED_FACE('',(#11884),#12560,.F.);
#13229=ADVANCED_FACE('',(#11885),#12561,.F.);
#13230=ADVANCED_FACE('',(#11886),#12562,.F.);
#13231=ADVANCED_FACE('',(#11887),#12563,.F.);
#13232=ADVANCED_FACE('',(#11888),#12564,.F.);
#13233=ADVANCED_FACE('',(#11889),#12565,.F.);
#13234=ADVANCED_FACE('',(#11890),#12566,.F.);
#13235=ADVANCED_FACE('',(#11891),#12567,.F.);
#13236=ADVANCED_FACE('',(#11892),#12568,.F.);
#13237=ADVANCED_FACE('',(#11893),#12569,.F.);
#13238=ADVANCED_FACE('',(#11894),#12570,.F.);
#13239=ADVANCED_FACE('',(#11895),#12571,.F.);
#13240=ADVANCED_FACE('',(#11896),#12572,.F.);
#13241=ADVANCED_FACE('',(#11897),#12573,.F.);
#13242=ADVANCED_FACE('',(#11898),#12574,.F.);
#13243=ADVANCED_FACE('',(#11899),#12575,.F.);
#13244=ADVANCED_FACE('',(#11900),#12576,.F.);
#13245=ADVANCED_FACE('',(#11901),#12577,.F.);
#13246=ADVANCED_FACE('',(#11902),#12578,.F.);
#13247=ADVANCED_FACE('',(#11903),#12579,.F.);
#13248=ADVANCED_FACE('',(#11904),#12580,.F.);
#13249=ADVANCED_FACE('',(#11905,#11906,#11907,#11908,#11909),#12581,.F.);
#13250=ADVANCED_FACE('',(#11910),#12582,.T.);
#13251=ADVANCED_FACE('',(#11911),#12583,.T.);
#13252=ADVANCED_FACE('',(#11912),#12584,.T.);
#13253=ADVANCED_FACE('',(#11913),#12585,.T.);
#13254=ADVANCED_FACE('',(#11914),#12586,.T.);
#13255=ADVANCED_FACE('',(#11915),#12587,.T.);
#13256=ADVANCED_FACE('',(#11916),#12588,.F.);
#13257=ADVANCED_FACE('',(#11917,#11918),#250,.T.);
#13258=ADVANCED_FACE('',(#11919,#11920),#251,.T.);
#13259=ADVANCED_FACE('',(#11921,#11922),#79,.T.);
#13260=ADVANCED_FACE('',(#11923,#11924),#252,.T.);
#13261=ADVANCED_FACE('',(#11925,#11926),#80,.T.);
#13262=ADVANCED_FACE('',(#11927,#11928),#253,.T.);
#13263=ADVANCED_FACE('',(#11929,#11930),#81,.T.);
#13264=ADVANCED_FACE('',(#11931,#11932),#254,.T.);
#13265=ADVANCED_FACE('',(#11933,#11934),#82,.T.);
#13266=ADVANCED_FACE('',(#11935,#11936),#255,.T.);
#13267=ADVANCED_FACE('',(#11937,#11938),#83,.T.);
#13268=ADVANCED_FACE('',(#11939),#12589,.T.);
#13269=ADVANCED_FACE('',(#11940,#11941),#3475,.T.);
#13270=ADVANCED_FACE('',(#11942,#11943),#39,.T.);
#13271=ADVANCED_FACE('',(#11944),#12590,.T.);
#13272=ADVANCED_FACE('',(#11945),#12591,.T.);
#13273=ADVANCED_FACE('',(#11946,#11947),#3476,.F.);
#13274=ADVANCED_FACE('',(#11948,#11949),#256,.F.);
#13275=ADVANCED_FACE('',(#11950,#11951),#40,.T.);
#13276=ADVANCED_FACE('',(#11952,#11953),#257,.T.);
#13277=ADVANCED_FACE('',(#11954,#11955),#38,.T.);
#13278=ADVANCED_FACE('',(#11956),#12592,.F.);
#13279=ADVANCED_FACE('',(#11957),#12593,.T.);
#13280=ADVANCED_FACE('',(#11958),#258,.F.);
#13281=ADVANCED_FACE('',(#11959),#12594,.F.);
#13282=ADVANCED_FACE('',(#11960),#259,.T.);
#13283=ADVANCED_FACE('',(#11961),#12595,.F.);
#13284=ADVANCED_FACE('',(#11962),#12596,.F.);
#13285=ADVANCED_FACE('',(#11963),#12597,.F.);
#13286=ADVANCED_FACE('',(#11964),#260,.F.);
#13287=ADVANCED_FACE('',(#11965),#12598,.F.);
#13288=ADVANCED_FACE('',(#11966),#12599,.F.);
#13289=ADVANCED_FACE('',(#11967),#261,.F.);
#13290=ADVANCED_FACE('',(#11968),#12600,.F.);
#13291=ADVANCED_FACE('',(#11969),#12601,.F.);
#13292=ADVANCED_FACE('',(#11970),#12602,.F.);
#13293=ADVANCED_FACE('',(#11971),#262,.T.);
#13294=ADVANCED_FACE('',(#11972),#12603,.F.);
#13295=ADVANCED_FACE('',(#11973),#263,.F.);
#13296=ADVANCED_FACE('',(#11974),#12604,.F.);
#13297=ADVANCED_FACE('',(#11975),#12605,.F.);
#13298=ADVANCED_FACE('',(#11976),#12606,.F.);
#13299=ADVANCED_FACE('',(#11977),#12607,.F.);
#13300=ADVANCED_FACE('',(#11978),#12608,.T.);
#13301=ADVANCED_FACE('',(#11979),#12609,.F.);
#13302=ADVANCED_FACE('',(#11980),#12610,.F.);
#13303=ADVANCED_FACE('',(#11981),#12611,.F.);
#13304=ADVANCED_FACE('',(#11982),#12612,.F.);
#13305=ADVANCED_FACE('',(#11983),#12613,.F.);
#13306=ADVANCED_FACE('',(#11984),#12614,.F.);
#13307=ADVANCED_FACE('',(#11985),#12615,.F.);
#13308=ADVANCED_FACE('',(#11986),#12616,.F.);
#13309=ADVANCED_FACE('',(#11987),#12617,.F.);
#13310=ADVANCED_FACE('',(#11988),#12618,.F.);
#13311=ADVANCED_FACE('',(#11989),#12619,.F.);
#13312=ADVANCED_FACE('',(#11990),#12620,.F.);
#13313=ADVANCED_FACE('',(#11991),#12621,.F.);
#13314=ADVANCED_FACE('',(#11992),#12622,.F.);
#13315=ADVANCED_FACE('',(#11993),#264,.F.);
#13316=ADVANCED_FACE('',(#11994),#265,.T.);
#13317=ADVANCED_FACE('',(#11995),#266,.F.);
#13318=ADVANCED_FACE('',(#11996),#267,.T.);
#13319=ADVANCED_FACE('',(#11997),#268,.T.);
#13320=ADVANCED_FACE('',(#11998),#269,.T.);
#13321=ADVANCED_FACE('',(#11999),#270,.F.);
#13322=ADVANCED_FACE('',(#12000),#271,.F.);
#13323=ADVANCED_FACE('',(#12001),#272,.T.);
#13324=ADVANCED_FACE('',(#12002),#273,.T.);
#13325=ADVANCED_FACE('',(#12003),#274,.T.);
#13326=ADVANCED_FACE('',(#12004),#275,.T.);
#13327=ADVANCED_FACE('',(#12005),#12623,.T.);
#13328=ADVANCED_FACE('',(#12006),#12624,.F.);
#13329=ADVANCED_FACE('',(#12007),#12625,.F.);
#13330=ADVANCED_FACE('',(#12008),#12626,.T.);
#13331=ADVANCED_FACE('',(#12009),#12627,.F.);
#13332=ADVANCED_FACE('',(#12010),#12628,.F.);
#13333=ADVANCED_FACE('',(#12011),#12629,.F.);
#13334=ADVANCED_FACE('',(#12012),#276,.T.);
#13335=ADVANCED_FACE('',(#12013),#277,.T.);
#13336=ADVANCED_FACE('',(#12014),#12630,.T.);
#13337=ADVANCED_FACE('',(#12015),#3477,.F.);
#13338=ADVANCED_FACE('',(#12016),#3478,.F.);
#13339=ADVANCED_FACE('',(#12017),#3479,.F.);
#13340=ADVANCED_FACE('',(#12018,#12019),#12631,.T.);
#13341=ADVANCED_FACE('',(#12020),#12632,.T.);
#13342=ADVANCED_FACE('',(#12021),#3480,.F.);
#13343=ADVANCED_FACE('',(#12022,#12023),#278,.T.);
#13344=ADVANCED_FACE('',(#12024,#12025),#3481,.T.);
#13345=ADVANCED_FACE('',(#12026,#12027),#84,.F.);
#13346=ADVANCED_FACE('',(#12028,#12029),#279,.T.);
#13347=ADVANCED_FACE('',(#12030),#12633,.T.);
#13348=ADVANCED_FACE('',(#12031),#12634,.F.);
#13349=ADVANCED_FACE('',(#12032),#12635,.T.);
#13350=ADVANCED_FACE('',(#12033),#12636,.T.);
#13351=ADVANCED_FACE('',(#12034),#12637,.F.);
#13352=ADVANCED_FACE('',(#12035),#12638,.T.);
#13353=ADVANCED_FACE('',(#12036),#12639,.T.);
#13354=ADVANCED_FACE('',(#12037),#12640,.F.);
#13355=ADVANCED_FACE('',(#12038),#12641,.T.);
#13356=ADVANCED_FACE('',(#12039),#12642,.F.);
#13357=ADVANCED_FACE('',(#12040),#12643,.T.);
#13358=ADVANCED_FACE('',(#12041),#12644,.T.);
#13359=ADVANCED_FACE('',(#12042,#12043),#3482,.T.);
#13360=CLOSED_SHELL('',(#12645,#12646,#12647,#12648,#12649,#12650,#12651,
#12652,#12653,#12654,#12655,#12656,#12657,#12658,#12659,#12660,#12661,#12662,
#12663,#12664,#12665,#12666,#12667,#12668,#12669,#12670,#12671,#12672,#12673,
#12674,#12675,#12676,#12677,#12678,#12679,#12680,#12681,#12682,#12683,#12684,
#12685,#12686,#12687,#12688,#12689,#12690,#12691,#12692,#12693,#12694,#12695,
#12696,#12697,#12698,#12699,#12700,#12701,#12702,#12703,#12704,#12705,#12706,
#12707,#12708,#12709,#12710,#12711,#12712,#12713,#12714,#12715,#12716,#12717,
#12718,#12719,#12720,#12721,#12722,#12723,#12724,#12725,#12726,#12727,#12728,
#12729,#12730,#12731,#12732,#12733,#12734,#12735,#12736,#12737,#12738,#12739,
#12740,#12741,#12742,#12743,#12744,#12745,#12746,#12747,#12748,#12749,#12750,
#12751,#12752,#12753,#12754,#12755,#12756,#12757,#12758,#12759,#12760,#12761,
#12762,#12763,#12764,#12765,#12766,#12767,#12768,#12769,#12770,#12771,#12772,
#12773,#12774,#12775,#12776,#12777,#12778,#12779,#12780,#12781,#12782,#12783,
#12784,#12785,#12786,#12787,#12788,#12789,#12790,#12791,#12792,#12793,#12794,
#12795,#12796,#12797,#12798,#12799,#12800,#12801,#12802,#12803,#12804,#12805,
#12806,#12807,#12808,#12809,#12810,#12811,#12812,#12813,#12814,#12815,#12816,
#12817,#12818,#12819,#12820,#12821,#12822,#12823,#12824,#12825,#12826,#12827,
#12828,#12829,#12830,#12831,#12832,#12833,#12834,#12835,#12836,#12837,#12838,
#12839,#12840,#12841,#12842,#12843,#12844,#12845,#12846,#12847,#12848,#12849,
#12850,#12851,#12852,#12853,#12854,#12855,#12856,#12857,#12858));
#13361=CLOSED_SHELL('',(#12859,#12860,#12861,#12862,#12863,#12864,#12865,
#12866,#12867,#12868,#12869,#12870,#12871,#12872,#12873,#12874,#12875,#12876,
#12877,#12878,#12879,#12880,#12881,#12882,#12883,#12884,#12885,#12886,#12887,
#12888,#12889,#12890,#12891,#12892,#12893,#12894,#12895,#12896,#12897,#12898,
#12899,#12900,#12901,#12902,#12903,#12904,#12905,#12906,#12907,#12908,#12909,
#12910,#12911,#12912,#12913,#12914,#12915,#12916,#12917,#12918,#12919,#12920,
#12921,#12922,#12923,#12924,#12925,#12926,#12927,#12928,#12929,#12930,#12931,
#12932,#12933,#12934,#12935,#12936,#12937,#12938,#12939,#12940,#12941,#12942,
#12943,#12944,#12945,#12946,#12947,#12948,#12949,#12950,#12951,#12952,#12953,
#12954,#12955,#12956,#12957,#12958,#12959,#12960,#12961,#12962,#12963,#12964,
#12965,#12966,#12967,#12968,#12969,#12970,#12971,#12972,#12973,#12974,#12975,
#12976,#12977,#12978,#12979,#12980,#12981,#12982,#12983,#12984,#12985,#12986,
#12987,#12988,#12989,#12990,#12991,#12992,#12993,#12994,#12995,#12996,#12997,
#12998,#12999,#13000,#13001,#13002,#13003,#13004,#13005,#13006,#13007,#13008,
#13009,#13010,#13011,#13012,#13013,#13014,#13015,#13016,#13017,#13018,#13019,
#13020,#13021,#13022,#13023,#13024,#13025,#13026,#13027,#13028));
#13362=CLOSED_SHELL('',(#13029,#13030,#13031,#13032,#13033,#13034,#13035,
#13036,#13037,#13038,#13039,#13040,#13041,#13042,#13043,#13044,#13045,#13046,
#13047,#13048));
#13363=CLOSED_SHELL('',(#13049,#13050,#13051,#13052,#13053,#13054,#13055,
#13056,#13057,#13058,#13059,#13060,#13061,#13062,#13063,#13064,#13065,#13066,
#13067,#13068,#13069,#13070,#13071,#13072,#13073,#13074,#13075,#13076,#13077,
#13078,#13079,#13080,#13081,#13082,#13083,#13084,#13085,#13086,#13087,#13088,
#13089,#13090,#13091,#13092,#13093,#13094,#13095,#13096,#13097,#13098,#13099,
#13100,#13101,#13102,#13103,#13104,#13105,#13106,#13107,#13108,#13109,#13110,
#13111,#13112,#13113,#13114,#13115,#13116,#13117,#13118,#13119,#13120,#13121,
#13122,#13123,#13124,#13125,#13126,#13127,#13128,#13129,#13130,#13131,#13132,
#13133,#13134,#13135,#13136,#13137,#13138,#13139,#13140,#13141,#13142,#13143,
#13144,#13145,#13146,#13147,#13148,#13149,#13150,#13151,#13152,#13153,#13154,
#13155,#13156,#13157,#13158,#13159,#13160,#13161,#13162,#13163,#13164,#13165,
#13166,#13167,#13168,#13169,#13170,#13171,#13172,#13173,#13174,#13175,#13176,
#13177,#13178,#13179,#13180,#13181,#13182,#13183,#13184,#13185,#13186,#13187,
#13188,#13189,#13190,#13191,#13192,#13193,#13194,#13195,#13196,#13197,#13198,
#13199,#13200,#13201,#13202,#13203,#13204,#13205,#13206,#13207,#13208,#13209,
#13210,#13211,#13212,#13213,#13214,#13215,#13216,#13217,#13218,#13219,#13220,
#13221,#13222,#13223,#13224,#13225,#13226,#13227,#13228,#13229,#13230,#13231,
#13232,#13233,#13234,#13235,#13236,#13237,#13238,#13239,#13240,#13241,#13242,
#13243,#13244,#13245,#13246,#13247,#13248,#13249,#13250,#13251,#13252,#13253,
#13254,#13255));
#13364=CLOSED_SHELL('',(#13256,#13257,#13258,#13259,#13260,#13261,#13262,
#13263,#13264,#13265,#13266,#13267,#13268,#13269));
#13365=CLOSED_SHELL('',(#13270,#13271,#13272,#13273,#13274,#13275,#13276,
#13277));
#13366=CLOSED_SHELL('',(#13278,#13279,#13280,#13281,#13282,#13283,#13284,
#13285,#13286,#13287,#13288,#13289,#13290,#13291,#13292,#13293,#13294,#13295,
#13296,#13297,#13298,#13299,#13300,#13301,#13302,#13303,#13304,#13305,#13306,
#13307,#13308,#13309,#13310,#13311,#13312,#13313,#13314,#13315,#13316,#13317,
#13318,#13319,#13320,#13321,#13322,#13323,#13324,#13325,#13326,#13327,#13328,
#13329,#13330,#13331,#13332,#13333,#13334,#13335));
#13367=CLOSED_SHELL('',(#13336,#13337,#13338,#13339,#13340,#13341,#13342,
#13343,#13344,#13345,#13346,#13347,#13348,#13349,#13350,#13351,#13352,#13353,
#13354,#13355,#13356,#13357,#13358,#13359));
#13368=STYLED_ITEM('',(#13376),#13427);
#13369=STYLED_ITEM('',(#13377),#13428);
#13370=STYLED_ITEM('',(#13378),#13429);
#13371=STYLED_ITEM('',(#13379),#13430);
#13372=STYLED_ITEM('',(#13380),#13431);
#13373=STYLED_ITEM('',(#13381),#13432);
#13374=STYLED_ITEM('',(#13382),#13433);
#13375=STYLED_ITEM('',(#13383),#13434);
#13376=PRESENTATION_STYLE_ASSIGNMENT((#13384));
#13377=PRESENTATION_STYLE_ASSIGNMENT((#13385));
#13378=PRESENTATION_STYLE_ASSIGNMENT((#13386));
#13379=PRESENTATION_STYLE_ASSIGNMENT((#13387));
#13380=PRESENTATION_STYLE_ASSIGNMENT((#13388));
#13381=PRESENTATION_STYLE_ASSIGNMENT((#13389));
#13382=PRESENTATION_STYLE_ASSIGNMENT((#13390));
#13383=PRESENTATION_STYLE_ASSIGNMENT((#13391));
#13384=SURFACE_STYLE_USAGE(.BOTH.,#13392);
#13385=SURFACE_STYLE_USAGE(.BOTH.,#13393);
#13386=SURFACE_STYLE_USAGE(.BOTH.,#13394);
#13387=SURFACE_STYLE_USAGE(.BOTH.,#13395);
#13388=SURFACE_STYLE_USAGE(.BOTH.,#13396);
#13389=SURFACE_STYLE_USAGE(.BOTH.,#13397);
#13390=SURFACE_STYLE_USAGE(.BOTH.,#13398);
#13391=SURFACE_STYLE_USAGE(.BOTH.,#13399);
#13392=SURFACE_SIDE_STYLE('',(#13400));
#13393=SURFACE_SIDE_STYLE('',(#13401));
#13394=SURFACE_SIDE_STYLE('',(#13402));
#13395=SURFACE_SIDE_STYLE('',(#13403));
#13396=SURFACE_SIDE_STYLE('',(#13404));
#13397=SURFACE_SIDE_STYLE('',(#13405));
#13398=SURFACE_SIDE_STYLE('',(#13406));
#13399=SURFACE_SIDE_STYLE('',(#13407));
#13400=SURFACE_STYLE_FILL_AREA(#13408);
#13401=SURFACE_STYLE_FILL_AREA(#13409);
#13402=SURFACE_STYLE_FILL_AREA(#13410);
#13403=SURFACE_STYLE_FILL_AREA(#13411);
#13404=SURFACE_STYLE_FILL_AREA(#13412);
#13405=SURFACE_STYLE_FILL_AREA(#13413);
#13406=SURFACE_STYLE_FILL_AREA(#13414);
#13407=SURFACE_STYLE_FILL_AREA(#13415);
#13408=FILL_AREA_STYLE('',(#13416));
#13409=FILL_AREA_STYLE('',(#13417));
#13410=FILL_AREA_STYLE('',(#13418));
#13411=FILL_AREA_STYLE('',(#13419));
#13412=FILL_AREA_STYLE('',(#13420));
#13413=FILL_AREA_STYLE('',(#13421));
#13414=FILL_AREA_STYLE('',(#13422));
#13415=FILL_AREA_STYLE('',(#13423));
#13416=FILL_AREA_STYLE_COLOUR('',#13424);
#13417=FILL_AREA_STYLE_COLOUR('',#13424);
#13418=FILL_AREA_STYLE_COLOUR('',#13425);
#13419=FILL_AREA_STYLE_COLOUR('',#13424);
#13420=FILL_AREA_STYLE_COLOUR('',#13425);
#13421=FILL_AREA_STYLE_COLOUR('',#13424);
#13422=FILL_AREA_STYLE_COLOUR('',#13426);
#13423=FILL_AREA_STYLE_COLOUR('',#13425);
#13424=COLOUR_RGB('',0.,0.699999988079071,0.699999988079071);
#13425=COLOUR_RGB('',0.699999988079071,0.699999988079071,0.699999988079071);
#13426=COLOUR_RGB('',0.87058824300766,0.633254885673523,0.172549024224281);
#13427=MANIFOLD_SOLID_BREP('01 Zif Socket Body_1',#13360);
#13428=MANIFOLD_SOLID_BREP('02 Zif Socket Body_2',#13361);
#13429=MANIFOLD_SOLID_BREP('02 Zif Socket Body_2',#13362);
#13430=MANIFOLD_SOLID_BREP('03 Zif Socket Body_3',#13363);
#13431=MANIFOLD_SOLID_BREP('04 Zif Socket Handle',#13364);
#13432=MANIFOLD_SOLID_BREP('04 Zif Socket Handle',#13365);
#13433=MANIFOLD_SOLID_BREP('05 Zif Socket Pin',#13366);
#13434=MANIFOLD_SOLID_BREP('Screw DIN 965 Ph',#13367);
#13435=SHAPE_DEFINITION_REPRESENTATION(#21677,#13445);
#13436=SHAPE_DEFINITION_REPRESENTATION(#21676,#13446);
#13437=SHAPE_DEFINITION_REPRESENTATION(#21679,#13447);
#13438=SHAPE_DEFINITION_REPRESENTATION(#21681,#13448);
#13439=SHAPE_DEFINITION_REPRESENTATION(#21683,#13449);
#13440=SHAPE_DEFINITION_REPRESENTATION(#21686,#13450);
#13441=SHAPE_DEFINITION_REPRESENTATION(#21685,#13451);
#13442=SHAPE_DEFINITION_REPRESENTATION(#21688,#13452);
#13443=SHAPE_DEFINITION_REPRESENTATION(#21691,#13453);
#13444=SHAPE_DEFINITION_REPRESENTATION(#21706,#13454);
#13445=SHAPE_REPRESENTATION('ZIF_socket16_bottom',(#13455),#21654);
#13446=SHAPE_REPRESENTATION('ZIF_socket16',(#13455,#13708,#13915,#13940,
#14192,#14237,#14336,#14337,#14338,#14339,#14340,#14341,#14342,#14343,#14344,
#14345,#14346,#14347,#14348,#14349,#14388,#14389,#14390,#14391),#21653);
#13447=SHAPE_REPRESENTATION('ZIF_socket16_middle_body',(#13455),#21655);
#13448=SHAPE_REPRESENTATION('ZIF_socket_middle_shield',(#13455),#21656);
#13449=SHAPE_REPRESENTATION('ZIF_socket16_top',(#13455),#21657);
#13450=SHAPE_REPRESENTATION('ZIF_socket_handle',(#13455),#21659);
#13451=SHAPE_REPRESENTATION('ZIF_hamdle',(#13455,#14220,#14236),#21658);
#13452=SHAPE_REPRESENTATION('ZIF_socket_handle_head',(#13455),#21660);
#13453=SHAPE_REPRESENTATION('ZIF_socket_pin',(#13455),#21661);
#13454=SHAPE_REPRESENTATION('M1.6-L8',(#13455),#21662);
#13455=AXIS2_PLACEMENT_3D('',#17859,#14392,#14393);
#13456=AXIS2_PLACEMENT_3D('',#17860,#14394,#14395);
#13457=AXIS2_PLACEMENT_3D('',#17861,#14396,#14397);
#13458=AXIS2_PLACEMENT_3D('',#17863,#14398,#14399);
#13459=AXIS2_PLACEMENT_3D('',#17864,#14400,#14401);
#13460=AXIS2_PLACEMENT_3D('',#17866,#14402,#14403);
#13461=AXIS2_PLACEMENT_3D('',#17875,#14408,#14409);
#13462=AXIS2_PLACEMENT_3D('',#17884,#14414,#14415);
#13463=AXIS2_PLACEMENT_3D('',#17892,#14420,#14421);
#13464=AXIS2_PLACEMENT_3D('',#17898,#14425,#14426);
#13465=AXIS2_PLACEMENT_3D('',#17902,#14429,#14430);
#13466=AXIS2_PLACEMENT_3D('',#17905,#14433,#14434);
#13467=AXIS2_PLACEMENT_3D('',#17914,#14439,#14440);
#13468=AXIS2_PLACEMENT_3D('',#17920,#14444,#14445);
#13469=AXIS2_PLACEMENT_3D('',#17924,#14448,#14449);
#13470=AXIS2_PLACEMENT_3D('',#17928,#14452,#14453);
#13471=AXIS2_PLACEMENT_3D('',#17930,#14455,#14456);
#13472=AXIS2_PLACEMENT_3D('',#17936,#14460,#14461);
#13473=AXIS2_PLACEMENT_3D('',#17941,#14465,#14466);
#13474=AXIS2_PLACEMENT_3D('',#17947,#14470,#14471);
#13475=AXIS2_PLACEMENT_3D('',#17952,#14475,#14476);
#13476=AXIS2_PLACEMENT_3D('',#17955,#14479,#14480);
#13477=AXIS2_PLACEMENT_3D('',#17956,#14481,#14482);
#13478=AXIS2_PLACEMENT_3D('',#17958,#14484,#14485);
#13479=AXIS2_PLACEMENT_3D('',#18004,#14508,#14509);
#13480=AXIS2_PLACEMENT_3D('',#18008,#14511,#14512);
#13481=AXIS2_PLACEMENT_3D('',#18023,#14520,#14521);
#13482=AXIS2_PLACEMENT_3D('',#18029,#14525,#14526);
#13483=AXIS2_PLACEMENT_3D('',#18033,#14529,#14530);
#13484=AXIS2_PLACEMENT_3D('',#18037,#14533,#14534);
#13485=AXIS2_PLACEMENT_3D('',#18039,#14536,#14537);
#13486=AXIS2_PLACEMENT_3D('',#18040,#14538,#14539);
#13487=AXIS2_PLACEMENT_3D('',#18041,#14540,#14541);
#13488=AXIS2_PLACEMENT_3D('',#18043,#14542,#14543);
#13489=AXIS2_PLACEMENT_3D('',#18044,#14544,#14545);
#13490=AXIS2_PLACEMENT_3D('',#18046,#14546,#14547);
#13491=AXIS2_PLACEMENT_3D('',#18047,#14548,#14549);
#13492=AXIS2_PLACEMENT_3D('',#18049,#14550,#14551);
#13493=AXIS2_PLACEMENT_3D('',#18050,#14552,#14553);
#13494=AXIS2_PLACEMENT_3D('',#18052,#14554,#14555);
#13495=AXIS2_PLACEMENT_3D('',#18056,#14557,#14558);
#13496=AXIS2_PLACEMENT_3D('',#18060,#14560,#14561);
#13497=AXIS2_PLACEMENT_3D('',#18061,#14562,#14563);
#13498=AXIS2_PLACEMENT_3D('',#18067,#14567,#14568);
#13499=AXIS2_PLACEMENT_3D('',#18068,#14569,#14570);
#13500=AXIS2_PLACEMENT_3D('',#18072,#14572,#14573);
#13501=AXIS2_PLACEMENT_3D('',#18073,#14574,#14575);
#13502=AXIS2_PLACEMENT_3D('',#18080,#14580,#14581);
#13503=AXIS2_PLACEMENT_3D('',#18084,#14584,#14585);
#13504=AXIS2_PLACEMENT_3D('',#18088,#14588,#14589);
#13505=AXIS2_PLACEMENT_3D('',#18092,#14592,#14593);
#13506=AXIS2_PLACEMENT_3D('',#18093,#14594,#14595);
#13507=AXIS2_PLACEMENT_3D('',#18095,#14596,#14597);
#13508=AXIS2_PLACEMENT_3D('',#18096,#14598,#14599);
#13509=AXIS2_PLACEMENT_3D('',#18098,#14600,#14601);
#13510=AXIS2_PLACEMENT_3D('',#18099,#14602,#14603);
#13511=AXIS2_PLACEMENT_3D('',#18101,#14604,#14605);
#13512=AXIS2_PLACEMENT_3D('',#18102,#14606,#14607);
#13513=AXIS2_PLACEMENT_3D('',#18104,#14608,#14609);
#13514=AXIS2_PLACEMENT_3D('',#18105,#14610,#14611);
#13515=AXIS2_PLACEMENT_3D('',#18108,#14613,#14614);
#13516=AXIS2_PLACEMENT_3D('',#18116,#14619,#14620);
#13517=AXIS2_PLACEMENT_3D('',#18117,#14621,#14622);
#13518=AXIS2_PLACEMENT_3D('',#18119,#14623,#14624);
#13519=AXIS2_PLACEMENT_3D('',#18121,#14625,#14626);
#13520=AXIS2_PLACEMENT_3D('',#18127,#14629,#14630);
#13521=AXIS2_PLACEMENT_3D('',#18131,#14632,#14633);
#13522=AXIS2_PLACEMENT_3D('',#18136,#14636,#14637);
#13523=AXIS2_PLACEMENT_3D('',#18137,#14638,#14639);
#13524=AXIS2_PLACEMENT_3D('',#18139,#14640,#14641);
#13525=AXIS2_PLACEMENT_3D('',#18140,#14642,#14643);
#13526=AXIS2_PLACEMENT_3D('',#18142,#14644,#14645);
#13527=AXIS2_PLACEMENT_3D('',#18143,#14646,#14647);
#13528=AXIS2_PLACEMENT_3D('',#18144,#14648,#14649);
#13529=AXIS2_PLACEMENT_3D('',#18153,#14654,#14655);
#13530=AXIS2_PLACEMENT_3D('',#18162,#14660,#14661);
#13531=AXIS2_PLACEMENT_3D('',#18170,#14666,#14667);
#13532=AXIS2_PLACEMENT_3D('',#18176,#14671,#14672);
#13533=AXIS2_PLACEMENT_3D('',#18180,#14675,#14676);
#13534=AXIS2_PLACEMENT_3D('',#18183,#14679,#14680);
#13535=AXIS2_PLACEMENT_3D('',#18192,#14685,#14686);
#13536=AXIS2_PLACEMENT_3D('',#18198,#14690,#14691);
#13537=AXIS2_PLACEMENT_3D('',#18202,#14694,#14695);
#13538=AXIS2_PLACEMENT_3D('',#18206,#14698,#14699);
#13539=AXIS2_PLACEMENT_3D('',#18208,#14701,#14702);
#13540=AXIS2_PLACEMENT_3D('',#18214,#14706,#14707);
#13541=AXIS2_PLACEMENT_3D('',#18219,#14711,#14712);
#13542=AXIS2_PLACEMENT_3D('',#18225,#14716,#14717);
#13543=AXIS2_PLACEMENT_3D('',#18230,#14721,#14722);
#13544=AXIS2_PLACEMENT_3D('',#18233,#14725,#14726);
#13545=AXIS2_PLACEMENT_3D('',#18234,#14727,#14728);
#13546=AXIS2_PLACEMENT_3D('',#18236,#14730,#14731);
#13547=AXIS2_PLACEMENT_3D('',#18242,#14735,#14736);
#13548=AXIS2_PLACEMENT_3D('',#18251,#14741,#14742);
#13549=AXIS2_PLACEMENT_3D('',#18259,#14747,#14748);
#13550=AXIS2_PLACEMENT_3D('',#18265,#14752,#14753);
#13551=AXIS2_PLACEMENT_3D('',#18269,#14756,#14757);
#13552=AXIS2_PLACEMENT_3D('',#18272,#14760,#14761);
#13553=AXIS2_PLACEMENT_3D('',#18281,#14766,#14767);
#13554=AXIS2_PLACEMENT_3D('',#18287,#14771,#14772);
#13555=AXIS2_PLACEMENT_3D('',#18291,#14775,#14776);
#13556=AXIS2_PLACEMENT_3D('',#18295,#14779,#14780);
#13557=AXIS2_PLACEMENT_3D('',#18297,#14782,#14783);
#13558=AXIS2_PLACEMENT_3D('',#18300,#14786,#14787);
#13559=AXIS2_PLACEMENT_3D('',#18305,#14791,#14792);
#13560=AXIS2_PLACEMENT_3D('',#18311,#14796,#14797);
#13561=AXIS2_PLACEMENT_3D('',#18316,#14801,#14802);
#13562=AXIS2_PLACEMENT_3D('',#18319,#14805,#14806);
#13563=AXIS2_PLACEMENT_3D('',#18320,#14807,#14808);
#13564=AXIS2_PLACEMENT_3D('',#18322,#14810,#14811);
#13565=AXIS2_PLACEMENT_3D('',#18328,#14815,#14816);
#13566=AXIS2_PLACEMENT_3D('',#18337,#14821,#14822);
#13567=AXIS2_PLACEMENT_3D('',#18345,#14827,#14828);
#13568=AXIS2_PLACEMENT_3D('',#18351,#14832,#14833);
#13569=AXIS2_PLACEMENT_3D('',#18355,#14836,#14837);
#13570=AXIS2_PLACEMENT_3D('',#18358,#14840,#14841);
#13571=AXIS2_PLACEMENT_3D('',#18367,#14846,#14847);
#13572=AXIS2_PLACEMENT_3D('',#18373,#14851,#14852);
#13573=AXIS2_PLACEMENT_3D('',#18377,#14855,#14856);
#13574=AXIS2_PLACEMENT_3D('',#18381,#14859,#14860);
#13575=AXIS2_PLACEMENT_3D('',#18383,#14862,#14863);
#13576=AXIS2_PLACEMENT_3D('',#18386,#14866,#14867);
#13577=AXIS2_PLACEMENT_3D('',#18391,#14871,#14872);
#13578=AXIS2_PLACEMENT_3D('',#18397,#14876,#14877);
#13579=AXIS2_PLACEMENT_3D('',#18402,#14881,#14882);
#13580=AXIS2_PLACEMENT_3D('',#18405,#14885,#14886);
#13581=AXIS2_PLACEMENT_3D('',#18406,#14887,#14888);
#13582=AXIS2_PLACEMENT_3D('',#18408,#14890,#14891);
#13583=AXIS2_PLACEMENT_3D('',#18414,#14895,#14896);
#13584=AXIS2_PLACEMENT_3D('',#18423,#14901,#14902);
#13585=AXIS2_PLACEMENT_3D('',#18431,#14907,#14908);
#13586=AXIS2_PLACEMENT_3D('',#18437,#14912,#14913);
#13587=AXIS2_PLACEMENT_3D('',#18441,#14916,#14917);
#13588=AXIS2_PLACEMENT_3D('',#18444,#14920,#14921);
#13589=AXIS2_PLACEMENT_3D('',#18453,#14926,#14927);
#13590=AXIS2_PLACEMENT_3D('',#18459,#14931,#14932);
#13591=AXIS2_PLACEMENT_3D('',#18463,#14935,#14936);
#13592=AXIS2_PLACEMENT_3D('',#18467,#14939,#14940);
#13593=AXIS2_PLACEMENT_3D('',#18469,#14942,#14943);
#13594=AXIS2_PLACEMENT_3D('',#18472,#14946,#14947);
#13595=AXIS2_PLACEMENT_3D('',#18477,#14951,#14952);
#13596=AXIS2_PLACEMENT_3D('',#18483,#14956,#14957);
#13597=AXIS2_PLACEMENT_3D('',#18488,#14961,#14962);
#13598=AXIS2_PLACEMENT_3D('',#18491,#14965,#14966);
#13599=AXIS2_PLACEMENT_3D('',#18492,#14967,#14968);
#13600=AXIS2_PLACEMENT_3D('',#18494,#14970,#14971);
#13601=AXIS2_PLACEMENT_3D('',#18500,#14975,#14976);
#13602=AXIS2_PLACEMENT_3D('',#18509,#14981,#14982);
#13603=AXIS2_PLACEMENT_3D('',#18517,#14987,#14988);
#13604=AXIS2_PLACEMENT_3D('',#18523,#14992,#14993);
#13605=AXIS2_PLACEMENT_3D('',#18527,#14996,#14997);
#13606=AXIS2_PLACEMENT_3D('',#18530,#15000,#15001);
#13607=AXIS2_PLACEMENT_3D('',#18539,#15006,#15007);
#13608=AXIS2_PLACEMENT_3D('',#18545,#15011,#15012);
#13609=AXIS2_PLACEMENT_3D('',#18549,#15015,#15016);
#13610=AXIS2_PLACEMENT_3D('',#18553,#15019,#15020);
#13611=AXIS2_PLACEMENT_3D('',#18555,#15022,#15023);
#13612=AXIS2_PLACEMENT_3D('',#18558,#15026,#15027);
#13613=AXIS2_PLACEMENT_3D('',#18563,#15031,#15032);
#13614=AXIS2_PLACEMENT_3D('',#18569,#15036,#15037);
#13615=AXIS2_PLACEMENT_3D('',#18574,#15041,#15042);
#13616=AXIS2_PLACEMENT_3D('',#18577,#15045,#15046);
#13617=AXIS2_PLACEMENT_3D('',#18578,#15047,#15048);
#13618=AXIS2_PLACEMENT_3D('',#18580,#15050,#15051);
#13619=AXIS2_PLACEMENT_3D('',#18586,#15055,#15056);
#13620=AXIS2_PLACEMENT_3D('',#18592,#15060,#15061);
#13621=AXIS2_PLACEMENT_3D('',#18599,#15066,#15067);
#13622=AXIS2_PLACEMENT_3D('',#18603,#15070,#15071);
#13623=AXIS2_PLACEMENT_3D('',#18607,#15074,#15075);
#13624=AXIS2_PLACEMENT_3D('',#18610,#15078,#15079);
#13625=AXIS2_PLACEMENT_3D('',#18619,#15084,#15085);
#13626=AXIS2_PLACEMENT_3D('',#18625,#15089,#15090);
#13627=AXIS2_PLACEMENT_3D('',#18629,#15093,#15094);
#13628=AXIS2_PLACEMENT_3D('',#18633,#15097,#15098);
#13629=AXIS2_PLACEMENT_3D('',#18635,#15100,#15101);
#13630=AXIS2_PLACEMENT_3D('',#18638,#15104,#15105);
#13631=AXIS2_PLACEMENT_3D('',#18643,#15109,#15110);
#13632=AXIS2_PLACEMENT_3D('',#18649,#15114,#15115);
#13633=AXIS2_PLACEMENT_3D('',#18654,#15119,#15120);
#13634=AXIS2_PLACEMENT_3D('',#18657,#15123,#15124);
#13635=AXIS2_PLACEMENT_3D('',#18658,#15125,#15126);
#13636=AXIS2_PLACEMENT_3D('',#18660,#15128,#15129);
#13637=AXIS2_PLACEMENT_3D('',#18666,#15133,#15134);
#13638=AXIS2_PLACEMENT_3D('',#18672,#15138,#15139);
#13639=AXIS2_PLACEMENT_3D('',#18681,#15144,#15145);
#13640=AXIS2_PLACEMENT_3D('',#18689,#15151,#15152);
#13641=AXIS2_PLACEMENT_3D('',#18692,#15154,#15155);
#13642=AXIS2_PLACEMENT_3D('',#18693,#15156,#15157);
#13643=AXIS2_PLACEMENT_3D('',#18694,#15158,#15159);
#13644=AXIS2_PLACEMENT_3D('',#18697,#15161,#15162);
#13645=AXIS2_PLACEMENT_3D('',#18699,#15163,#15164);
#13646=AXIS2_PLACEMENT_3D('',#18701,#15165,#15166);
#13647=AXIS2_PLACEMENT_3D('',#18703,#15167,#15168);
#13648=AXIS2_PLACEMENT_3D('',#18721,#15177,#15178);
#13649=AXIS2_PLACEMENT_3D('',#18723,#15180,#15181);
#13650=AXIS2_PLACEMENT_3D('',#18725,#15183,#15184);
#13651=AXIS2_PLACEMENT_3D('',#18728,#15187,#15188);
#13652=AXIS2_PLACEMENT_3D('',#18729,#15189,#15190);
#13653=AXIS2_PLACEMENT_3D('',#18730,#15191,#15192);
#13654=AXIS2_PLACEMENT_3D('',#18731,#15193,#15194);
#13655=AXIS2_PLACEMENT_3D('',#18737,#15198,#15199);
#13656=AXIS2_PLACEMENT_3D('',#18741,#15202,#15203);
#13657=AXIS2_PLACEMENT_3D('',#18745,#15206,#15207);
#13658=AXIS2_PLACEMENT_3D('',#18747,#15209,#15210);
#13659=AXIS2_PLACEMENT_3D('',#18753,#15214,#15215);
#13660=AXIS2_PLACEMENT_3D('',#18757,#15218,#15219);
#13661=AXIS2_PLACEMENT_3D('',#18761,#15222,#15223);
#13662=AXIS2_PLACEMENT_3D('',#18763,#15225,#15226);
#13663=AXIS2_PLACEMENT_3D('',#18772,#15231,#15232);
#13664=AXIS2_PLACEMENT_3D('',#18775,#15235,#15236);
#13665=AXIS2_PLACEMENT_3D('',#18778,#15239,#15240);
#13666=AXIS2_PLACEMENT_3D('',#18780,#15242,#15243);
#13667=AXIS2_PLACEMENT_3D('',#18782,#15245,#15246);
#13668=AXIS2_PLACEMENT_3D('',#18791,#15251,#15252);
#13669=AXIS2_PLACEMENT_3D('',#18795,#15256,#15257);
#13670=AXIS2_PLACEMENT_3D('',#18797,#15259,#15260);
#13671=AXIS2_PLACEMENT_3D('',#18800,#15263,#15264);
#13672=AXIS2_PLACEMENT_3D('',#18801,#15265,#15266);
#13673=AXIS2_PLACEMENT_3D('',#18807,#15270,#15271);
#13674=AXIS2_PLACEMENT_3D('',#18811,#15274,#15275);
#13675=AXIS2_PLACEMENT_3D('',#18815,#15278,#15279);
#13676=AXIS2_PLACEMENT_3D('',#18817,#15281,#15282);
#13677=AXIS2_PLACEMENT_3D('',#18818,#15283,#15284);
#13678=AXIS2_PLACEMENT_3D('',#18821,#15287,#15288);
#13679=AXIS2_PLACEMENT_3D('',#18824,#15290,#15291);
#13680=AXIS2_PLACEMENT_3D('',#18825,#15292,#15293);
#13681=AXIS2_PLACEMENT_3D('',#18826,#15294,#15295);
#13682=AXIS2_PLACEMENT_3D('',#18829,#15297,#15298);
#13683=AXIS2_PLACEMENT_3D('',#18831,#15300,#15301);
#13684=AXIS2_PLACEMENT_3D('',#18832,#15302,#15303);
#13685=AXIS2_PLACEMENT_3D('',#18833,#15304,#15305);
#13686=AXIS2_PLACEMENT_3D('',#18835,#15306,#15307);
#13687=AXIS2_PLACEMENT_3D('',#18836,#15308,#15309);
#13688=AXIS2_PLACEMENT_3D('',#18838,#15310,#15311);
#13689=AXIS2_PLACEMENT_3D('',#18839,#15312,#15313);
#13690=AXIS2_PLACEMENT_3D('',#18841,#15314,#15315);
#13691=AXIS2_PLACEMENT_3D('',#18842,#15316,#15317);
#13692=AXIS2_PLACEMENT_3D('',#18843,#15318,#15319);
#13693=AXIS2_PLACEMENT_3D('',#18845,#15320,#15321);
#13694=AXIS2_PLACEMENT_3D('',#18846,#15322,#15323);
#13695=AXIS2_PLACEMENT_3D('',#18848,#15324,#15325);
#13696=AXIS2_PLACEMENT_3D('',#18849,#15326,#15327);
#13697=AXIS2_PLACEMENT_3D('',#18851,#15328,#15329);
#13698=AXIS2_PLACEMENT_3D('',#18852,#15330,#15331);
#13699=AXIS2_PLACEMENT_3D('',#18855,#15334,#15335);
#13700=AXIS2_PLACEMENT_3D('',#18857,#15337,#15338);
#13701=AXIS2_PLACEMENT_3D('',#18859,#15340,#15341);
#13702=AXIS2_PLACEMENT_3D('',#18860,#15342,#15343);
#13703=AXIS2_PLACEMENT_3D('',#18863,#15346,#15347);
#13704=AXIS2_PLACEMENT_3D('',#18865,#15349,#15350);
#13705=AXIS2_PLACEMENT_3D('',#18867,#15352,#15353);
#13706=AXIS2_PLACEMENT_3D('',#18868,#15354,#15355);
#13707=AXIS2_PLACEMENT_3D('',#18869,#15356,#15357);
#13708=AXIS2_PLACEMENT_3D('',#18870,#15358,#15359);
#13709=AXIS2_PLACEMENT_3D('',#18871,#15360,#15361);
#13710=AXIS2_PLACEMENT_3D('',#18872,#15362,#15363);
#13711=AXIS2_PLACEMENT_3D('',#18877,#15365,#15366);
#13712=AXIS2_PLACEMENT_3D('',#18880,#15368,#15369);
#13713=AXIS2_PLACEMENT_3D('',#18886,#15373,#15374);
#13714=AXIS2_PLACEMENT_3D('',#18887,#15375,#15376);
#13715=AXIS2_PLACEMENT_3D('',#18891,#15378,#15379);
#13716=AXIS2_PLACEMENT_3D('',#18892,#15380,#15381);
#13717=AXIS2_PLACEMENT_3D('',#18893,#15382,#15383);
#13718=AXIS2_PLACEMENT_3D('',#18898,#15385,#15386);
#13719=AXIS2_PLACEMENT_3D('',#18901,#15388,#15389);
#13720=AXIS2_PLACEMENT_3D('',#18904,#15392,#15393);
#13721=AXIS2_PLACEMENT_3D('',#18910,#15397,#15398);
#13722=AXIS2_PLACEMENT_3D('',#18916,#15402,#15403);
#13723=AXIS2_PLACEMENT_3D('',#18917,#15404,#15405);
#13724=AXIS2_PLACEMENT_3D('',#18918,#15406,#15407);
#13725=AXIS2_PLACEMENT_3D('',#18919,#15408,#15409);
#13726=AXIS2_PLACEMENT_3D('',#18920,#15410,#15411);
#13727=AXIS2_PLACEMENT_3D('',#19036,#15469,#15470);
#13728=AXIS2_PLACEMENT_3D('',#19040,#15472,#15473);
#13729=AXIS2_PLACEMENT_3D('',#19044,#15475,#15476);
#13730=AXIS2_PLACEMENT_3D('',#19048,#15478,#15479);
#13731=AXIS2_PLACEMENT_3D('',#19068,#15489,#15490);
#13732=AXIS2_PLACEMENT_3D('',#19072,#15492,#15493);
#13733=AXIS2_PLACEMENT_3D('',#19076,#15495,#15496);
#13734=AXIS2_PLACEMENT_3D('',#19080,#15498,#15499);
#13735=AXIS2_PLACEMENT_3D('',#19081,#15500,#15501);
#13736=AXIS2_PLACEMENT_3D('',#19090,#15506,#15507);
#13737=AXIS2_PLACEMENT_3D('',#19101,#15514,#15515);
#13738=AXIS2_PLACEMENT_3D('',#19105,#15518,#15519);
#13739=AXIS2_PLACEMENT_3D('',#19114,#15525,#15526);
#13740=AXIS2_PLACEMENT_3D('',#19128,#15534,#15535);
#13741=AXIS2_PLACEMENT_3D('',#19132,#15538,#15539);
#13742=AXIS2_PLACEMENT_3D('',#19144,#15546,#15547);
#13743=AXIS2_PLACEMENT_3D('',#19146,#15549,#15550);
#13744=AXIS2_PLACEMENT_3D('',#19149,#15553,#15554);
#13745=AXIS2_PLACEMENT_3D('',#19151,#15556,#15557);
#13746=AXIS2_PLACEMENT_3D('',#19152,#15558,#15559);
#13747=AXIS2_PLACEMENT_3D('',#19154,#15561,#15562);
#13748=AXIS2_PLACEMENT_3D('',#19155,#15563,#15564);
#13749=AXIS2_PLACEMENT_3D('',#19157,#15566,#15567);
#13750=AXIS2_PLACEMENT_3D('',#19159,#15569,#15570);
#13751=AXIS2_PLACEMENT_3D('',#19161,#15572,#15573);
#13752=AXIS2_PLACEMENT_3D('',#19170,#15578,#15579);
#13753=AXIS2_PLACEMENT_3D('',#19181,#15586,#15587);
#13754=AXIS2_PLACEMENT_3D('',#19185,#15590,#15591);
#13755=AXIS2_PLACEMENT_3D('',#19194,#15597,#15598);
#13756=AXIS2_PLACEMENT_3D('',#19208,#15606,#15607);
#13757=AXIS2_PLACEMENT_3D('',#19212,#15610,#15611);
#13758=AXIS2_PLACEMENT_3D('',#19224,#15618,#15619);
#13759=AXIS2_PLACEMENT_3D('',#19226,#15621,#15622);
#13760=AXIS2_PLACEMENT_3D('',#19229,#15625,#15626);
#13761=AXIS2_PLACEMENT_3D('',#19231,#15628,#15629);
#13762=AXIS2_PLACEMENT_3D('',#19232,#15630,#15631);
#13763=AXIS2_PLACEMENT_3D('',#19234,#15633,#15634);
#13764=AXIS2_PLACEMENT_3D('',#19235,#15635,#15636);
#13765=AXIS2_PLACEMENT_3D('',#19237,#15638,#15639);
#13766=AXIS2_PLACEMENT_3D('',#19239,#15641,#15642);
#13767=AXIS2_PLACEMENT_3D('',#19241,#15644,#15645);
#13768=AXIS2_PLACEMENT_3D('',#19250,#15650,#15651);
#13769=AXIS2_PLACEMENT_3D('',#19261,#15658,#15659);
#13770=AXIS2_PLACEMENT_3D('',#19265,#15662,#15663);
#13771=AXIS2_PLACEMENT_3D('',#19274,#15669,#15670);
#13772=AXIS2_PLACEMENT_3D('',#19288,#15678,#15679);
#13773=AXIS2_PLACEMENT_3D('',#19292,#15682,#15683);
#13774=AXIS2_PLACEMENT_3D('',#19304,#15690,#15691);
#13775=AXIS2_PLACEMENT_3D('',#19306,#15693,#15694);
#13776=AXIS2_PLACEMENT_3D('',#19309,#15697,#15698);
#13777=AXIS2_PLACEMENT_3D('',#19311,#15700,#15701);
#13778=AXIS2_PLACEMENT_3D('',#19312,#15702,#15703);
#13779=AXIS2_PLACEMENT_3D('',#19314,#15705,#15706);
#13780=AXIS2_PLACEMENT_3D('',#19315,#15707,#15708);
#13781=AXIS2_PLACEMENT_3D('',#19317,#15710,#15711);
#13782=AXIS2_PLACEMENT_3D('',#19319,#15713,#15714);
#13783=AXIS2_PLACEMENT_3D('',#19321,#15716,#15717);
#13784=AXIS2_PLACEMENT_3D('',#19330,#15722,#15723);
#13785=AXIS2_PLACEMENT_3D('',#19341,#15730,#15731);
#13786=AXIS2_PLACEMENT_3D('',#19345,#15734,#15735);
#13787=AXIS2_PLACEMENT_3D('',#19354,#15741,#15742);
#13788=AXIS2_PLACEMENT_3D('',#19368,#15750,#15751);
#13789=AXIS2_PLACEMENT_3D('',#19372,#15754,#15755);
#13790=AXIS2_PLACEMENT_3D('',#19384,#15762,#15763);
#13791=AXIS2_PLACEMENT_3D('',#19386,#15765,#15766);
#13792=AXIS2_PLACEMENT_3D('',#19389,#15769,#15770);
#13793=AXIS2_PLACEMENT_3D('',#19391,#15772,#15773);
#13794=AXIS2_PLACEMENT_3D('',#19392,#15774,#15775);
#13795=AXIS2_PLACEMENT_3D('',#19394,#15777,#15778);
#13796=AXIS2_PLACEMENT_3D('',#19395,#15779,#15780);
#13797=AXIS2_PLACEMENT_3D('',#19397,#15782,#15783);
#13798=AXIS2_PLACEMENT_3D('',#19399,#15785,#15786);
#13799=AXIS2_PLACEMENT_3D('',#19401,#15788,#15789);
#13800=AXIS2_PLACEMENT_3D('',#19410,#15794,#15795);
#13801=AXIS2_PLACEMENT_3D('',#19421,#15802,#15803);
#13802=AXIS2_PLACEMENT_3D('',#19425,#15806,#15807);
#13803=AXIS2_PLACEMENT_3D('',#19434,#15813,#15814);
#13804=AXIS2_PLACEMENT_3D('',#19448,#15822,#15823);
#13805=AXIS2_PLACEMENT_3D('',#19452,#15826,#15827);
#13806=AXIS2_PLACEMENT_3D('',#19464,#15834,#15835);
#13807=AXIS2_PLACEMENT_3D('',#19466,#15837,#15838);
#13808=AXIS2_PLACEMENT_3D('',#19469,#15841,#15842);
#13809=AXIS2_PLACEMENT_3D('',#19471,#15844,#15845);
#13810=AXIS2_PLACEMENT_3D('',#19472,#15846,#15847);
#13811=AXIS2_PLACEMENT_3D('',#19474,#15849,#15850);
#13812=AXIS2_PLACEMENT_3D('',#19475,#15851,#15852);
#13813=AXIS2_PLACEMENT_3D('',#19477,#15854,#15855);
#13814=AXIS2_PLACEMENT_3D('',#19479,#15857,#15858);
#13815=AXIS2_PLACEMENT_3D('',#19481,#15860,#15861);
#13816=AXIS2_PLACEMENT_3D('',#19490,#15866,#15867);
#13817=AXIS2_PLACEMENT_3D('',#19501,#15874,#15875);
#13818=AXIS2_PLACEMENT_3D('',#19505,#15878,#15879);
#13819=AXIS2_PLACEMENT_3D('',#19514,#15885,#15886);
#13820=AXIS2_PLACEMENT_3D('',#19528,#15894,#15895);
#13821=AXIS2_PLACEMENT_3D('',#19532,#15898,#15899);
#13822=AXIS2_PLACEMENT_3D('',#19544,#15906,#15907);
#13823=AXIS2_PLACEMENT_3D('',#19546,#15909,#15910);
#13824=AXIS2_PLACEMENT_3D('',#19549,#15913,#15914);
#13825=AXIS2_PLACEMENT_3D('',#19551,#15916,#15917);
#13826=AXIS2_PLACEMENT_3D('',#19552,#15918,#15919);
#13827=AXIS2_PLACEMENT_3D('',#19554,#15921,#15922);
#13828=AXIS2_PLACEMENT_3D('',#19555,#15923,#15924);
#13829=AXIS2_PLACEMENT_3D('',#19557,#15926,#15927);
#13830=AXIS2_PLACEMENT_3D('',#19559,#15929,#15930);
#13831=AXIS2_PLACEMENT_3D('',#19561,#15932,#15933);
#13832=AXIS2_PLACEMENT_3D('',#19570,#15938,#15939);
#13833=AXIS2_PLACEMENT_3D('',#19581,#15946,#15947);
#13834=AXIS2_PLACEMENT_3D('',#19585,#15950,#15951);
#13835=AXIS2_PLACEMENT_3D('',#19594,#15957,#15958);
#13836=AXIS2_PLACEMENT_3D('',#19608,#15966,#15967);
#13837=AXIS2_PLACEMENT_3D('',#19612,#15970,#15971);
#13838=AXIS2_PLACEMENT_3D('',#19624,#15978,#15979);
#13839=AXIS2_PLACEMENT_3D('',#19626,#15981,#15982);
#13840=AXIS2_PLACEMENT_3D('',#19629,#15985,#15986);
#13841=AXIS2_PLACEMENT_3D('',#19631,#15988,#15989);
#13842=AXIS2_PLACEMENT_3D('',#19632,#15990,#15991);
#13843=AXIS2_PLACEMENT_3D('',#19634,#15993,#15994);
#13844=AXIS2_PLACEMENT_3D('',#19635,#15995,#15996);
#13845=AXIS2_PLACEMENT_3D('',#19637,#15998,#15999);
#13846=AXIS2_PLACEMENT_3D('',#19639,#16001,#16002);
#13847=AXIS2_PLACEMENT_3D('',#19641,#16004,#16005);
#13848=AXIS2_PLACEMENT_3D('',#19655,#16013,#16014);
#13849=AXIS2_PLACEMENT_3D('',#19661,#16018,#16019);
#13850=AXIS2_PLACEMENT_3D('',#19675,#16027,#16028);
#13851=AXIS2_PLACEMENT_3D('',#19681,#16032,#16033);
#13852=AXIS2_PLACEMENT_3D('',#19682,#16034,#16035);
#13853=AXIS2_PLACEMENT_3D('',#19683,#16036,#16037);
#13854=AXIS2_PLACEMENT_3D('',#19687,#16039,#16040);
#13855=AXIS2_PLACEMENT_3D('',#19695,#16044,#16045);
#13856=AXIS2_PLACEMENT_3D('',#19699,#16047,#16048);
#13857=AXIS2_PLACEMENT_3D('',#19700,#16049,#16050);
#13858=AXIS2_PLACEMENT_3D('',#19717,#16059,#16060);
#13859=AXIS2_PLACEMENT_3D('',#19718,#16061,#16062);
#13860=AXIS2_PLACEMENT_3D('',#19722,#16064,#16065);
#13861=AXIS2_PLACEMENT_3D('',#19723,#16066,#16067);
#13862=AXIS2_PLACEMENT_3D('',#19727,#16069,#16070);
#13863=AXIS2_PLACEMENT_3D('',#19735,#16074,#16075);
#13864=AXIS2_PLACEMENT_3D('',#19739,#16077,#16078);
#13865=AXIS2_PLACEMENT_3D('',#19740,#16079,#16080);
#13866=AXIS2_PLACEMENT_3D('',#19749,#16085,#16086);
#13867=AXIS2_PLACEMENT_3D('',#19758,#16091,#16092);
#13868=AXIS2_PLACEMENT_3D('',#19767,#16097,#16098);
#13869=AXIS2_PLACEMENT_3D('',#19770,#16101,#16102);
#13870=AXIS2_PLACEMENT_3D('',#19771,#16103,#16104);
#13871=AXIS2_PLACEMENT_3D('',#19772,#16105,#16106);
#13872=AXIS2_PLACEMENT_3D('',#19776,#16108,#16109);
#13873=AXIS2_PLACEMENT_3D('',#19777,#16110,#16111);
#13874=AXIS2_PLACEMENT_3D('',#19778,#16112,#16113);
#13875=AXIS2_PLACEMENT_3D('',#19781,#16116,#16117);
#13876=AXIS2_PLACEMENT_3D('',#19784,#16120,#16121);
#13877=AXIS2_PLACEMENT_3D('',#19787,#16124,#16125);
#13878=AXIS2_PLACEMENT_3D('',#19789,#16127,#16128);
#13879=AXIS2_PLACEMENT_3D('',#19791,#16130,#16131);
#13880=AXIS2_PLACEMENT_3D('',#19797,#16135,#16136);
#13881=AXIS2_PLACEMENT_3D('',#19803,#16140,#16141);
#13882=AXIS2_PLACEMENT_3D('',#19809,#16145,#16146);
#13883=AXIS2_PLACEMENT_3D('',#19815,#16150,#16151);
#13884=AXIS2_PLACEMENT_3D('',#19816,#16152,#16153);
#13885=AXIS2_PLACEMENT_3D('',#19817,#16154,#16155);
#13886=AXIS2_PLACEMENT_3D('',#19818,#16156,#16157);
#13887=AXIS2_PLACEMENT_3D('',#19819,#16158,#16159);
#13888=AXIS2_PLACEMENT_3D('',#19820,#16160,#16161);
#13889=AXIS2_PLACEMENT_3D('',#19825,#16166,#16167);
#13890=AXIS2_PLACEMENT_3D('',#19827,#16169,#16170);
#13891=AXIS2_PLACEMENT_3D('',#19831,#16174,#16175);
#13892=AXIS2_PLACEMENT_3D('',#19832,#16176,#16177);
#13893=AXIS2_PLACEMENT_3D('',#19840,#16183,#16184);
#13894=AXIS2_PLACEMENT_3D('',#19842,#16186,#16187);
#13895=AXIS2_PLACEMENT_3D('',#19849,#16192,#16193);
#13896=AXIS2_PLACEMENT_3D('',#19851,#16195,#16196);
#13897=AXIS2_PLACEMENT_3D('',#19853,#16198,#16199);
#13898=AXIS2_PLACEMENT_3D('',#19854,#16200,#16201);
#13899=AXIS2_PLACEMENT_3D('',#19855,#16202,#16203);
#13900=AXIS2_PLACEMENT_3D('',#19856,#16204,#16205);
#13901=AXIS2_PLACEMENT_3D('',#19857,#16206,#16207);
#13902=AXIS2_PLACEMENT_3D('',#19858,#16208,#16209);
#13903=AXIS2_PLACEMENT_3D('',#19859,#16210,#16211);
#13904=AXIS2_PLACEMENT_3D('',#19860,#16212,#16213);
#13905=AXIS2_PLACEMENT_3D('',#19861,#16214,#16215);
#13906=AXIS2_PLACEMENT_3D('',#19862,#16216,#16217);
#13907=AXIS2_PLACEMENT_3D('',#19863,#16218,#16219);
#13908=AXIS2_PLACEMENT_3D('',#19864,#16220,#16221);
#13909=AXIS2_PLACEMENT_3D('',#19865,#16222,#16223);
#13910=AXIS2_PLACEMENT_3D('',#19866,#16224,#16225);
#13911=AXIS2_PLACEMENT_3D('',#19867,#16226,#16227);
#13912=AXIS2_PLACEMENT_3D('',#19868,#16228,#16229);
#13913=AXIS2_PLACEMENT_3D('',#19869,#16230,#16231);
#13914=AXIS2_PLACEMENT_3D('',#19870,#16232,#16233);
#13915=AXIS2_PLACEMENT_3D('',#19871,#16234,#16235);
#13916=AXIS2_PLACEMENT_3D('',#19872,#16236,#16237);
#13917=AXIS2_PLACEMENT_3D('',#19881,#16242,#16243);
#13918=AXIS2_PLACEMENT_3D('',#19903,#16255,#16256);
#13919=AXIS2_PLACEMENT_3D('',#19909,#16260,#16261);
#13920=AXIS2_PLACEMENT_3D('',#19928,#16272,#16273);
#13921=AXIS2_PLACEMENT_3D('',#19929,#16274,#16275);
#13922=AXIS2_PLACEMENT_3D('',#19933,#16277,#16278);
#13923=AXIS2_PLACEMENT_3D('',#19934,#16279,#16280);
#13924=AXIS2_PLACEMENT_3D('',#19944,#16286,#16287);
#13925=AXIS2_PLACEMENT_3D('',#19950,#16291,#16292);
#13926=AXIS2_PLACEMENT_3D('',#19960,#16298,#16299);
#13927=AXIS2_PLACEMENT_3D('',#19961,#16300,#16301);
#13928=AXIS2_PLACEMENT_3D('',#19962,#16302,#16303);
#13929=AXIS2_PLACEMENT_3D('',#19963,#16304,#16305);
#13930=AXIS2_PLACEMENT_3D('',#19966,#16308,#16309);
#13931=AXIS2_PLACEMENT_3D('',#19969,#16312,#16313);
#13932=AXIS2_PLACEMENT_3D('',#19971,#16315,#16316);
#13933=AXIS2_PLACEMENT_3D('',#19973,#16318,#16319);
#13934=AXIS2_PLACEMENT_3D('',#19976,#16322,#16323);
#13935=AXIS2_PLACEMENT_3D('',#19977,#16324,#16325);
#13936=AXIS2_PLACEMENT_3D('',#19978,#16326,#16327);
#13937=AXIS2_PLACEMENT_3D('',#19979,#16328,#16329);
#13938=AXIS2_PLACEMENT_3D('',#19980,#16330,#16331);
#13939=AXIS2_PLACEMENT_3D('',#19981,#16332,#16333);
#13940=AXIS2_PLACEMENT_3D('',#19982,#16334,#16335);
#13941=AXIS2_PLACEMENT_3D('',#19983,#16336,#16337);
#13942=AXIS2_PLACEMENT_3D('',#20024,#16358,#16359);
#13943=AXIS2_PLACEMENT_3D('',#20065,#16380,#16381);
#13944=AXIS2_PLACEMENT_3D('',#20074,#16386,#16387);
#13945=AXIS2_PLACEMENT_3D('',#20080,#16391,#16392);
#13946=AXIS2_PLACEMENT_3D('',#20089,#16397,#16398);
#13947=AXIS2_PLACEMENT_3D('',#20095,#16402,#16403);
#13948=AXIS2_PLACEMENT_3D('',#20102,#16408,#16409);
#13949=AXIS2_PLACEMENT_3D('',#20106,#16412,#16413);
#13950=AXIS2_PLACEMENT_3D('',#20108,#16415,#16416);
#13951=AXIS2_PLACEMENT_3D('',#20112,#16419,#16420);
#13952=AXIS2_PLACEMENT_3D('',#20114,#16422,#16423);
#13953=AXIS2_PLACEMENT_3D('',#20123,#16428,#16429);
#13954=AXIS2_PLACEMENT_3D('',#20164,#16450,#16451);
#13955=AXIS2_PLACEMENT_3D('',#20170,#16455,#16456);
#13956=AXIS2_PLACEMENT_3D('',#20174,#16459,#16460);
#13957=AXIS2_PLACEMENT_3D('',#20178,#16463,#16464);
#13958=AXIS2_PLACEMENT_3D('',#20180,#16466,#16467);
#13959=AXIS2_PLACEMENT_3D('',#20191,#16474,#16475);
#13960=AXIS2_PLACEMENT_3D('',#20195,#16478,#16479);
#13961=AXIS2_PLACEMENT_3D('',#20204,#16485,#16486);
#13962=AXIS2_PLACEMENT_3D('',#20206,#16488,#16489);
#13963=AXIS2_PLACEMENT_3D('',#20212,#16493,#16494);
#13964=AXIS2_PLACEMENT_3D('',#20216,#16497,#16498);
#13965=AXIS2_PLACEMENT_3D('',#20220,#16501,#16502);
#13966=AXIS2_PLACEMENT_3D('',#20222,#16504,#16505);
#13967=AXIS2_PLACEMENT_3D('',#20228,#16509,#16510);
#13968=AXIS2_PLACEMENT_3D('',#20232,#16513,#16514);
#13969=AXIS2_PLACEMENT_3D('',#20236,#16517,#16518);
#13970=AXIS2_PLACEMENT_3D('',#20238,#16520,#16521);
#13971=AXIS2_PLACEMENT_3D('',#20244,#16525,#16526);
#13972=AXIS2_PLACEMENT_3D('',#20248,#16529,#16530);
#13973=AXIS2_PLACEMENT_3D('',#20252,#16533,#16534);
#13974=AXIS2_PLACEMENT_3D('',#20254,#16536,#16537);
#13975=AXIS2_PLACEMENT_3D('',#20260,#16541,#16542);
#13976=AXIS2_PLACEMENT_3D('',#20264,#16545,#16546);
#13977=AXIS2_PLACEMENT_3D('',#20268,#16549,#16550);
#13978=AXIS2_PLACEMENT_3D('',#20270,#16552,#16553);
#13979=AXIS2_PLACEMENT_3D('',#20276,#16557,#16558);
#13980=AXIS2_PLACEMENT_3D('',#20280,#16561,#16562);
#13981=AXIS2_PLACEMENT_3D('',#20284,#16565,#16566);
#13982=AXIS2_PLACEMENT_3D('',#20286,#16568,#16569);
#13983=AXIS2_PLACEMENT_3D('',#20292,#16573,#16574);
#13984=AXIS2_PLACEMENT_3D('',#20296,#16577,#16578);
#13985=AXIS2_PLACEMENT_3D('',#20300,#16581,#16582);
#13986=AXIS2_PLACEMENT_3D('',#20302,#16584,#16585);
#13987=AXIS2_PLACEMENT_3D('',#20303,#16586,#16587);
#13988=AXIS2_PLACEMENT_3D('',#20305,#16588,#16589);
#13989=AXIS2_PLACEMENT_3D('',#20306,#16590,#16591);
#13990=AXIS2_PLACEMENT_3D('',#20308,#16592,#16593);
#13991=AXIS2_PLACEMENT_3D('',#20314,#16597,#16598);
#13992=AXIS2_PLACEMENT_3D('',#20318,#16601,#16602);
#13993=AXIS2_PLACEMENT_3D('',#20322,#16605,#16606);
#13994=AXIS2_PLACEMENT_3D('',#20324,#16608,#16609);
#13995=AXIS2_PLACEMENT_3D('',#20325,#16610,#16611);
#13996=AXIS2_PLACEMENT_3D('',#20327,#16612,#16613);
#13997=AXIS2_PLACEMENT_3D('',#20328,#16614,#16615);
#13998=AXIS2_PLACEMENT_3D('',#20330,#16616,#16617);
#13999=AXIS2_PLACEMENT_3D('',#20336,#16621,#16622);
#14000=AXIS2_PLACEMENT_3D('',#20340,#16625,#16626);
#14001=AXIS2_PLACEMENT_3D('',#20344,#16629,#16630);
#14002=AXIS2_PLACEMENT_3D('',#20346,#16632,#16633);
#14003=AXIS2_PLACEMENT_3D('',#20347,#16634,#16635);
#14004=AXIS2_PLACEMENT_3D('',#20349,#16636,#16637);
#14005=AXIS2_PLACEMENT_3D('',#20354,#16639,#16640);
#14006=AXIS2_PLACEMENT_3D('',#20358,#16642,#16643);
#14007=AXIS2_PLACEMENT_3D('',#20364,#16646,#16647);
#14008=AXIS2_PLACEMENT_3D('',#20368,#16649,#16650);
#14009=AXIS2_PLACEMENT_3D('',#20372,#16652,#16653);
#14010=AXIS2_PLACEMENT_3D('',#20381,#16658,#16659);
#14011=AXIS2_PLACEMENT_3D('',#20382,#16660,#16661);
#14012=AXIS2_PLACEMENT_3D('',#20384,#16662,#16663);
#14013=AXIS2_PLACEMENT_3D('',#20386,#16664,#16665);
#14014=AXIS2_PLACEMENT_3D('',#20387,#16666,#16667);
#14015=AXIS2_PLACEMENT_3D('',#20390,#16669,#16670);
#14016=AXIS2_PLACEMENT_3D('',#20391,#16671,#16672);
#14017=AXIS2_PLACEMENT_3D('',#20394,#16674,#16675);
#14018=AXIS2_PLACEMENT_3D('',#20395,#16676,#16677);
#14019=AXIS2_PLACEMENT_3D('',#20396,#16678,#16679);
#14020=AXIS2_PLACEMENT_3D('',#20398,#16680,#16681);
#14021=AXIS2_PLACEMENT_3D('',#20399,#16682,#16683);
#14022=AXIS2_PLACEMENT_3D('',#20402,#16685,#16686);
#14023=AXIS2_PLACEMENT_3D('',#20403,#16687,#16688);
#14024=AXIS2_PLACEMENT_3D('',#20404,#16689,#16690);
#14025=AXIS2_PLACEMENT_3D('',#20406,#16691,#16692);
#14026=AXIS2_PLACEMENT_3D('',#20407,#16693,#16694);
#14027=AXIS2_PLACEMENT_3D('',#20408,#16695,#16696);
#14028=AXIS2_PLACEMENT_3D('',#20411,#16698,#16699);
#14029=AXIS2_PLACEMENT_3D('',#20412,#16700,#16701);
#14030=AXIS2_PLACEMENT_3D('',#20414,#16702,#16703);
#14031=AXIS2_PLACEMENT_3D('',#20415,#16704,#16705);
#14032=AXIS2_PLACEMENT_3D('',#20418,#16707,#16708);
#14033=AXIS2_PLACEMENT_3D('',#20419,#16709,#16710);
#14034=AXIS2_PLACEMENT_3D('',#20420,#16711,#16712);
#14035=AXIS2_PLACEMENT_3D('',#20422,#16713,#16714);
#14036=AXIS2_PLACEMENT_3D('',#20423,#16715,#16716);
#14037=AXIS2_PLACEMENT_3D('',#20425,#16718,#16719);
#14038=AXIS2_PLACEMENT_3D('',#20442,#16728,#16729);
#14039=AXIS2_PLACEMENT_3D('',#20451,#16734,#16735);
#14040=AXIS2_PLACEMENT_3D('',#20468,#16744,#16745);
#14041=AXIS2_PLACEMENT_3D('',#20477,#16750,#16751);
#14042=AXIS2_PLACEMENT_3D('',#20494,#16760,#16761);
#14043=AXIS2_PLACEMENT_3D('',#20503,#16766,#16767);
#14044=AXIS2_PLACEMENT_3D('',#20520,#16776,#16777);
#14045=AXIS2_PLACEMENT_3D('',#20529,#16782,#16783);
#14046=AXIS2_PLACEMENT_3D('',#20546,#16792,#16793);
#14047=AXIS2_PLACEMENT_3D('',#20555,#16798,#16799);
#14048=AXIS2_PLACEMENT_3D('',#20572,#16808,#16809);
#14049=AXIS2_PLACEMENT_3D('',#20581,#16814,#16815);
#14050=AXIS2_PLACEMENT_3D('',#20582,#16816,#16817);
#14051=AXIS2_PLACEMENT_3D('',#20584,#16818,#16819);
#14052=AXIS2_PLACEMENT_3D('',#20585,#16820,#16821);
#14053=AXIS2_PLACEMENT_3D('',#20587,#16822,#16823);
#14054=AXIS2_PLACEMENT_3D('',#20588,#16824,#16825);
#14055=AXIS2_PLACEMENT_3D('',#20590,#16826,#16827);
#14056=AXIS2_PLACEMENT_3D('',#20591,#16828,#16829);
#14057=AXIS2_PLACEMENT_3D('',#20593,#16830,#16831);
#14058=AXIS2_PLACEMENT_3D('',#20610,#16840,#16841);
#14059=AXIS2_PLACEMENT_3D('',#20619,#16846,#16847);
#14060=AXIS2_PLACEMENT_3D('',#20620,#16848,#16849);
#14061=AXIS2_PLACEMENT_3D('',#20622,#16850,#16851);
#14062=AXIS2_PLACEMENT_3D('',#20623,#16852,#16853);
#14063=AXIS2_PLACEMENT_3D('',#20625,#16854,#16855);
#14064=AXIS2_PLACEMENT_3D('',#20634,#16860,#16861);
#14065=AXIS2_PLACEMENT_3D('',#20639,#16864,#16865);
#14066=AXIS2_PLACEMENT_3D('',#20640,#16866,#16867);
#14067=AXIS2_PLACEMENT_3D('',#20644,#16870,#16871);
#14068=AXIS2_PLACEMENT_3D('',#20648,#16874,#16875);
#14069=AXIS2_PLACEMENT_3D('',#20651,#16877,#16878);
#14070=AXIS2_PLACEMENT_3D('',#20652,#16879,#16880);
#14071=AXIS2_PLACEMENT_3D('',#20656,#16883,#16884);
#14072=AXIS2_PLACEMENT_3D('',#20659,#16886,#16887);
#14073=AXIS2_PLACEMENT_3D('',#20660,#16888,#16889);
#14074=AXIS2_PLACEMENT_3D('',#20664,#16892,#16893);
#14075=AXIS2_PLACEMENT_3D('',#20667,#16895,#16896);
#14076=AXIS2_PLACEMENT_3D('',#20668,#16897,#16898);
#14077=AXIS2_PLACEMENT_3D('',#20672,#16901,#16902);
#14078=AXIS2_PLACEMENT_3D('',#20675,#16904,#16905);
#14079=AXIS2_PLACEMENT_3D('',#20676,#16906,#16907);
#14080=AXIS2_PLACEMENT_3D('',#20678,#16909,#16910);
#14081=AXIS2_PLACEMENT_3D('',#20684,#16914,#16915);
#14082=AXIS2_PLACEMENT_3D('',#20688,#16918,#16919);
#14083=AXIS2_PLACEMENT_3D('',#20692,#16922,#16923);
#14084=AXIS2_PLACEMENT_3D('',#20694,#16925,#16926);
#14085=AXIS2_PLACEMENT_3D('',#20700,#16930,#16931);
#14086=AXIS2_PLACEMENT_3D('',#20704,#16934,#16935);
#14087=AXIS2_PLACEMENT_3D('',#20708,#16938,#16939);
#14088=AXIS2_PLACEMENT_3D('',#20710,#16941,#16942);
#14089=AXIS2_PLACEMENT_3D('',#20716,#16946,#16947);
#14090=AXIS2_PLACEMENT_3D('',#20720,#16950,#16951);
#14091=AXIS2_PLACEMENT_3D('',#20724,#16954,#16955);
#14092=AXIS2_PLACEMENT_3D('',#20726,#16957,#16958);
#14093=AXIS2_PLACEMENT_3D('',#20732,#16962,#16963);
#14094=AXIS2_PLACEMENT_3D('',#20736,#16966,#16967);
#14095=AXIS2_PLACEMENT_3D('',#20740,#16970,#16971);
#14096=AXIS2_PLACEMENT_3D('',#20742,#16973,#16974);
#14097=AXIS2_PLACEMENT_3D('',#20748,#16978,#16979);
#14098=AXIS2_PLACEMENT_3D('',#20752,#16982,#16983);
#14099=AXIS2_PLACEMENT_3D('',#20756,#16986,#16987);
#14100=AXIS2_PLACEMENT_3D('',#20758,#16989,#16990);
#14101=AXIS2_PLACEMENT_3D('',#20764,#16994,#16995);
#14102=AXIS2_PLACEMENT_3D('',#20768,#16998,#16999);
#14103=AXIS2_PLACEMENT_3D('',#20772,#17002,#17003);
#14104=AXIS2_PLACEMENT_3D('',#20774,#17005,#17006);
#14105=AXIS2_PLACEMENT_3D('',#20780,#17010,#17011);
#14106=AXIS2_PLACEMENT_3D('',#20784,#17014,#17015);
#14107=AXIS2_PLACEMENT_3D('',#20788,#17018,#17019);
#14108=AXIS2_PLACEMENT_3D('',#20790,#17021,#17022);
#14109=AXIS2_PLACEMENT_3D('',#20796,#17026,#17027);
#14110=AXIS2_PLACEMENT_3D('',#20800,#17030,#17031);
#14111=AXIS2_PLACEMENT_3D('',#20804,#17034,#17035);
#14112=AXIS2_PLACEMENT_3D('',#20806,#17037,#17038);
#14113=AXIS2_PLACEMENT_3D('',#20812,#17042,#17043);
#14114=AXIS2_PLACEMENT_3D('',#20816,#17046,#17047);
#14115=AXIS2_PLACEMENT_3D('',#20820,#17050,#17051);
#14116=AXIS2_PLACEMENT_3D('',#20822,#17053,#17054);
#14117=AXIS2_PLACEMENT_3D('',#20828,#17058,#17059);
#14118=AXIS2_PLACEMENT_3D('',#20832,#17062,#17063);
#14119=AXIS2_PLACEMENT_3D('',#20836,#17066,#17067);
#14120=AXIS2_PLACEMENT_3D('',#20838,#17069,#17070);
#14121=AXIS2_PLACEMENT_3D('',#20844,#17074,#17075);
#14122=AXIS2_PLACEMENT_3D('',#20848,#17078,#17079);
#14123=AXIS2_PLACEMENT_3D('',#20852,#17082,#17083);
#14124=AXIS2_PLACEMENT_3D('',#20854,#17085,#17086);
#14125=AXIS2_PLACEMENT_3D('',#20860,#17090,#17091);
#14126=AXIS2_PLACEMENT_3D('',#20864,#17094,#17095);
#14127=AXIS2_PLACEMENT_3D('',#20868,#17098,#17099);
#14128=AXIS2_PLACEMENT_3D('',#20870,#17101,#17102);
#14129=AXIS2_PLACEMENT_3D('',#20871,#17103,#17104);
#14130=AXIS2_PLACEMENT_3D('',#20873,#17105,#17106);
#14131=AXIS2_PLACEMENT_3D('',#20874,#17107,#17108);
#14132=AXIS2_PLACEMENT_3D('',#20876,#17109,#17110);
#14133=AXIS2_PLACEMENT_3D('',#20877,#17111,#17112);
#14134=AXIS2_PLACEMENT_3D('',#20879,#17113,#17114);
#14135=AXIS2_PLACEMENT_3D('',#20880,#17115,#17116);
#14136=AXIS2_PLACEMENT_3D('',#20882,#17117,#17118);
#14137=AXIS2_PLACEMENT_3D('',#20888,#17122,#17123);
#14138=AXIS2_PLACEMENT_3D('',#20892,#17126,#17127);
#14139=AXIS2_PLACEMENT_3D('',#20896,#17130,#17131);
#14140=AXIS2_PLACEMENT_3D('',#20898,#17133,#17134);
#14141=AXIS2_PLACEMENT_3D('',#20904,#17138,#17139);
#14142=AXIS2_PLACEMENT_3D('',#20908,#17142,#17143);
#14143=AXIS2_PLACEMENT_3D('',#20912,#17146,#17147);
#14144=AXIS2_PLACEMENT_3D('',#20914,#17149,#17150);
#14145=AXIS2_PLACEMENT_3D('',#20915,#17151,#17152);
#14146=AXIS2_PLACEMENT_3D('',#20917,#17153,#17154);
#14147=AXIS2_PLACEMENT_3D('',#20918,#17155,#17156);
#14148=AXIS2_PLACEMENT_3D('',#20920,#17157,#17158);
#14149=AXIS2_PLACEMENT_3D('',#20926,#17162,#17163);
#14150=AXIS2_PLACEMENT_3D('',#20930,#17166,#17167);
#14151=AXIS2_PLACEMENT_3D('',#20934,#17170,#17171);
#14152=AXIS2_PLACEMENT_3D('',#20936,#17173,#17174);
#14153=AXIS2_PLACEMENT_3D('',#20937,#17175,#17176);
#14154=AXIS2_PLACEMENT_3D('',#20943,#17180,#17181);
#14155=AXIS2_PLACEMENT_3D('',#20947,#17184,#17185);
#14156=AXIS2_PLACEMENT_3D('',#20951,#17188,#17189);
#14157=AXIS2_PLACEMENT_3D('',#20953,#17191,#17192);
#14158=AXIS2_PLACEMENT_3D('',#20956,#17195,#17196);
#14159=AXIS2_PLACEMENT_3D('',#20966,#17202,#17203);
#14160=AXIS2_PLACEMENT_3D('',#20970,#17206,#17207);
#14161=AXIS2_PLACEMENT_3D('',#20978,#17212,#17213);
#14162=AXIS2_PLACEMENT_3D('',#20984,#17217,#17218);
#14163=AXIS2_PLACEMENT_3D('',#20988,#17221,#17222);
#14164=AXIS2_PLACEMENT_3D('',#20992,#17225,#17226);
#14165=AXIS2_PLACEMENT_3D('',#20994,#17228,#17229);
#14166=AXIS2_PLACEMENT_3D('',#21000,#17233,#17234);
#14167=AXIS2_PLACEMENT_3D('',#21004,#17237,#17238);
#14168=AXIS2_PLACEMENT_3D('',#21008,#17241,#17242);
#14169=AXIS2_PLACEMENT_3D('',#21010,#17244,#17245);
#14170=AXIS2_PLACEMENT_3D('',#21013,#17248,#17249);
#14171=AXIS2_PLACEMENT_3D('',#21015,#17251,#17252);
#14172=AXIS2_PLACEMENT_3D('',#21017,#17254,#17255);
#14173=AXIS2_PLACEMENT_3D('',#21018,#17256,#17257);
#14174=AXIS2_PLACEMENT_3D('',#21021,#17260,#17261);
#14175=AXIS2_PLACEMENT_3D('',#21023,#17263,#17264);
#14176=AXIS2_PLACEMENT_3D('',#21025,#17266,#17267);
#14177=AXIS2_PLACEMENT_3D('',#21026,#17268,#17269);
#14178=AXIS2_PLACEMENT_3D('',#21029,#17272,#17273);
#14179=AXIS2_PLACEMENT_3D('',#21031,#17275,#17276);
#14180=AXIS2_PLACEMENT_3D('',#21033,#17278,#17279);
#14181=AXIS2_PLACEMENT_3D('',#21034,#17280,#17281);
#14182=AXIS2_PLACEMENT_3D('',#21037,#17284,#17285);
#14183=AXIS2_PLACEMENT_3D('',#21039,#17287,#17288);
#14184=AXIS2_PLACEMENT_3D('',#21041,#17290,#17291);
#14185=AXIS2_PLACEMENT_3D('',#21042,#17292,#17293);
#14186=AXIS2_PLACEMENT_3D('',#21044,#17295,#17296);
#14187=AXIS2_PLACEMENT_3D('',#21046,#17298,#17299);
#14188=AXIS2_PLACEMENT_3D('',#21048,#17301,#17302);
#14189=AXIS2_PLACEMENT_3D('',#21049,#17303,#17304);
#14190=AXIS2_PLACEMENT_3D('',#21051,#17306,#17307);
#14191=AXIS2_PLACEMENT_3D('',#21053,#17309,#17310);
#14192=AXIS2_PLACEMENT_3D('',#21054,#17311,#17312);
#14193=AXIS2_PLACEMENT_3D('',#21055,#17313,#17314);
#14194=AXIS2_PLACEMENT_3D('',#21056,#17315,#17316);
#14195=AXIS2_PLACEMENT_3D('',#21058,#17317,#17318);
#14196=AXIS2_PLACEMENT_3D('',#21059,#17319,#17320);
#14197=AXIS2_PLACEMENT_3D('',#21061,#17321,#17322);
#14198=AXIS2_PLACEMENT_3D('',#21062,#17323,#17324);
#14199=AXIS2_PLACEMENT_3D('',#21064,#17325,#17326);
#14200=AXIS2_PLACEMENT_3D('',#21066,#17327,#17328);
#14201=AXIS2_PLACEMENT_3D('',#21067,#17329,#17330);
#14202=AXIS2_PLACEMENT_3D('',#21069,#17331,#17332);
#14203=AXIS2_PLACEMENT_3D('',#21070,#17333,#17334);
#14204=AXIS2_PLACEMENT_3D('',#21072,#17335,#17336);
#14205=AXIS2_PLACEMENT_3D('',#21073,#17337,#17338);
#14206=AXIS2_PLACEMENT_3D('',#21075,#17339,#17340);
#14207=AXIS2_PLACEMENT_3D('',#21076,#17341,#17342);
#14208=AXIS2_PLACEMENT_3D('',#21078,#17343,#17344);
#14209=AXIS2_PLACEMENT_3D('',#21079,#17345,#17346);
#14210=AXIS2_PLACEMENT_3D('',#21081,#17347,#17348);
#14211=AXIS2_PLACEMENT_3D('',#21082,#17349,#17350);
#14212=AXIS2_PLACEMENT_3D('',#21084,#17351,#17352);
#14213=AXIS2_PLACEMENT_3D('',#21085,#17353,#17354);
#14214=AXIS2_PLACEMENT_3D('',#21087,#17355,#17356);
#14215=AXIS2_PLACEMENT_3D('',#21088,#17357,#17358);
#14216=AXIS2_PLACEMENT_3D('',#21090,#17359,#17360);
#14217=AXIS2_PLACEMENT_3D('',#21091,#17361,#17362);
#14218=AXIS2_PLACEMENT_3D('',#21092,#17363,#17364);
#14219=AXIS2_PLACEMENT_3D('',#21094,#17365,#17366);
#14220=AXIS2_PLACEMENT_3D('',#21095,#17367,#17368);
#14221=AXIS2_PLACEMENT_3D('',#21096,#17369,#17370);
#14222=AXIS2_PLACEMENT_3D('',#21097,#17371,#17372);
#14223=AXIS2_PLACEMENT_3D('',#21099,#17373,#17374);
#14224=AXIS2_PLACEMENT_3D('',#21101,#17375,#17376);
#14225=AXIS2_PLACEMENT_3D('',#21102,#17377,#17378);
#14226=AXIS2_PLACEMENT_3D('',#21104,#17379,#17380);
#14227=AXIS2_PLACEMENT_3D('',#21105,#17381,#17382);
#14228=AXIS2_PLACEMENT_3D('',#21107,#17383,#17384);
#14229=AXIS2_PLACEMENT_3D('',#21108,#17385,#17386);
#14230=AXIS2_PLACEMENT_3D('',#21110,#17387,#17388);
#14231=AXIS2_PLACEMENT_3D('',#21111,#17389,#17390);
#14232=AXIS2_PLACEMENT_3D('',#21113,#17391,#17392);
#14233=AXIS2_PLACEMENT_3D('',#21114,#17393,#17394);
#14234=AXIS2_PLACEMENT_3D('',#21116,#17395,#17396);
#14235=AXIS2_PLACEMENT_3D('',#21117,#17397,#17398);
#14236=AXIS2_PLACEMENT_3D('',#21118,#17399,#17400);
#14237=AXIS2_PLACEMENT_3D('',#21119,#17401,#17402);
#14238=AXIS2_PLACEMENT_3D('',#21120,#17403,#17404);
#14239=AXIS2_PLACEMENT_3D('',#21129,#17409,#17410);
#14240=AXIS2_PLACEMENT_3D('',#21138,#17415,#17416);
#14241=AXIS2_PLACEMENT_3D('',#21153,#17419,#17420);
#14242=AXIS2_PLACEMENT_3D('',#21157,#17422,#17423);
#14243=AXIS2_PLACEMENT_3D('',#21161,#17425,#17426);
#14244=AXIS2_PLACEMENT_3D('',#21162,#17427,#17428);
#14245=AXIS2_PLACEMENT_3D('',#21166,#17430,#17431);
#14246=AXIS2_PLACEMENT_3D('',#21167,#17432,#17433);
#14247=AXIS2_PLACEMENT_3D('',#21168,#17434,#17435);
#14248=AXIS2_PLACEMENT_3D('',#21180,#17436,#17437);
#14249=AXIS2_PLACEMENT_3D('',#21183,#17439,#17440);
#14250=AXIS2_PLACEMENT_3D('',#21191,#17444,#17445);
#14251=AXIS2_PLACEMENT_3D('',#21200,#17450,#17451);
#14252=AXIS2_PLACEMENT_3D('',#21205,#17454,#17455);
#14253=AXIS2_PLACEMENT_3D('',#21211,#17459,#17460);
#14254=AXIS2_PLACEMENT_3D('',#21220,#17465,#17466);
#14255=AXIS2_PLACEMENT_3D('',#21232,#17472,#17473);
#14256=AXIS2_PLACEMENT_3D('',#21233,#17474,#17475);
#14257=AXIS2_PLACEMENT_3D('',#21242,#17477,#17478);
#14258=AXIS2_PLACEMENT_3D('',#21243,#17479,#17480);
#14259=AXIS2_PLACEMENT_3D('',#21249,#17481,#17482);
#14260=AXIS2_PLACEMENT_3D('',#21257,#17486,#17487);
#14261=AXIS2_PLACEMENT_3D('',#21261,#17489,#17490);
#14262=AXIS2_PLACEMENT_3D('',#21262,#17491,#17492);
#14263=AXIS2_PLACEMENT_3D('',#21266,#17494,#17495);
#14264=AXIS2_PLACEMENT_3D('',#21267,#17496,#17497);
#14265=AXIS2_PLACEMENT_3D('',#21275,#17501,#17502);
#14266=AXIS2_PLACEMENT_3D('',#21279,#17504,#17505);
#14267=AXIS2_PLACEMENT_3D('',#21283,#17507,#17508);
#14268=AXIS2_PLACEMENT_3D('',#21287,#17510,#17511);
#14269=AXIS2_PLACEMENT_3D('',#21288,#17512,#17513);
#14270=AXIS2_PLACEMENT_3D('',#21289,#17514,#17515);
#14271=AXIS2_PLACEMENT_3D('',#21301,#17516,#17517);
#14272=AXIS2_PLACEMENT_3D('',#21304,#17519,#17520);
#14273=AXIS2_PLACEMENT_3D('',#21310,#17524,#17525);
#14274=AXIS2_PLACEMENT_3D('',#21319,#17530,#17531);
#14275=AXIS2_PLACEMENT_3D('',#21320,#17532,#17533);
#14276=AXIS2_PLACEMENT_3D('',#21326,#17537,#17538);
#14277=AXIS2_PLACEMENT_3D('',#21328,#17540,#17541);
#14278=AXIS2_PLACEMENT_3D('',#21340,#17547,#17548);
#14279=AXIS2_PLACEMENT_3D('',#21342,#17550,#17551);
#14280=AXIS2_PLACEMENT_3D('',#21351,#17553,#17554);
#14281=AXIS2_PLACEMENT_3D('',#21352,#17555,#17556);
#14282=AXIS2_PLACEMENT_3D('',#21358,#17557,#17558);
#14283=AXIS2_PLACEMENT_3D('',#21362,#17560,#17561);
#14284=AXIS2_PLACEMENT_3D('',#21363,#17562,#17563);
#14285=AXIS2_PLACEMENT_3D('',#21367,#17565,#17566);
#14286=AXIS2_PLACEMENT_3D('',#21371,#17568,#17569);
#14287=AXIS2_PLACEMENT_3D('',#21372,#17570,#17571);
#14288=AXIS2_PLACEMENT_3D('',#21384,#17573,#17574);
#14289=AXIS2_PLACEMENT_3D('',#21392,#17578,#17579);
#14290=AXIS2_PLACEMENT_3D('',#21393,#17580,#17581);
#14291=AXIS2_PLACEMENT_3D('',#21394,#17582,#17583);
#14292=AXIS2_PLACEMENT_3D('',#21403,#17588,#17589);
#14293=AXIS2_PLACEMENT_3D('',#21411,#17593,#17594);
#14294=AXIS2_PLACEMENT_3D('',#21412,#17595,#17596);
#14295=AXIS2_PLACEMENT_3D('',#21413,#17597,#17598);
#14296=AXIS2_PLACEMENT_3D('',#21416,#17601,#17602);
#14297=AXIS2_PLACEMENT_3D('',#21419,#17605,#17606);
#14298=AXIS2_PLACEMENT_3D('',#21420,#17607,#17608);
#14299=AXIS2_PLACEMENT_3D('',#21428,#17614,#17615);
#14300=AXIS2_PLACEMENT_3D('',#21429,#17616,#17617);
#14301=AXIS2_PLACEMENT_3D('',#21430,#17618,#17619);
#14302=AXIS2_PLACEMENT_3D('',#21431,#17620,#17621);
#14303=AXIS2_PLACEMENT_3D('',#21439,#17627,#17628);
#14304=AXIS2_PLACEMENT_3D('',#21442,#17631,#17632);
#14305=AXIS2_PLACEMENT_3D('',#21445,#17635,#17636);
#14306=AXIS2_PLACEMENT_3D('',#21447,#17638,#17639);
#14307=AXIS2_PLACEMENT_3D('',#21450,#17642,#17643);
#14308=AXIS2_PLACEMENT_3D('',#21453,#17646,#17647);
#14309=AXIS2_PLACEMENT_3D('',#21455,#17649,#17650);
#14310=AXIS2_PLACEMENT_3D('',#21458,#17653,#17654);
#14311=AXIS2_PLACEMENT_3D('',#21460,#17656,#17657);
#14312=AXIS2_PLACEMENT_3D('',#21463,#17660,#17661);
#14313=AXIS2_PLACEMENT_3D('',#21466,#17664,#17665);
#14314=AXIS2_PLACEMENT_3D('',#21468,#17667,#17668);
#14315=AXIS2_PLACEMENT_3D('',#21471,#17671,#17672);
#14316=AXIS2_PLACEMENT_3D('',#21472,#17673,#17674);
#14317=AXIS2_PLACEMENT_3D('',#21473,#17675,#17676);
#14318=AXIS2_PLACEMENT_3D('',#21474,#17677,#17678);
#14319=AXIS2_PLACEMENT_3D('',#21475,#17679,#17680);
#14320=AXIS2_PLACEMENT_3D('',#21476,#17681,#17682);
#14321=AXIS2_PLACEMENT_3D('',#21477,#17683,#17684);
#14322=AXIS2_PLACEMENT_3D('',#21478,#17685,#17686);
#14323=AXIS2_PLACEMENT_3D('',#21479,#17687,#17688);
#14324=AXIS2_PLACEMENT_3D('',#21480,#17689,#17690);
#14325=AXIS2_PLACEMENT_3D('',#21481,#17691,#17692);
#14326=AXIS2_PLACEMENT_3D('',#21482,#17693,#17694);
#14327=AXIS2_PLACEMENT_3D('',#21483,#17695,#17696);
#14328=AXIS2_PLACEMENT_3D('',#21484,#17697,#17698);
#14329=AXIS2_PLACEMENT_3D('',#21485,#17699,#17700);
#14330=AXIS2_PLACEMENT_3D('',#21486,#17701,#17702);
#14331=AXIS2_PLACEMENT_3D('',#21487,#17703,#17704);
#14332=AXIS2_PLACEMENT_3D('',#21489,#17706,#17707);
#14333=AXIS2_PLACEMENT_3D('',#21491,#17709,#17710);
#14334=AXIS2_PLACEMENT_3D('',#21492,#17711,#17712);
#14335=AXIS2_PLACEMENT_3D('',#21493,#17713,#17714);
#14336=AXIS2_PLACEMENT_3D('',#21494,#17715,#17716);
#14337=AXIS2_PLACEMENT_3D('',#21495,#17717,#17718);
#14338=AXIS2_PLACEMENT_3D('',#21496,#17719,#17720);
#14339=AXIS2_PLACEMENT_3D('',#21497,#17721,#17722);
#14340=AXIS2_PLACEMENT_3D('',#21498,#17723,#17724);
#14341=AXIS2_PLACEMENT_3D('',#21499,#17725,#17726);
#14342=AXIS2_PLACEMENT_3D('',#21500,#17727,#17728);
#14343=AXIS2_PLACEMENT_3D('',#21501,#17729,#17730);
#14344=AXIS2_PLACEMENT_3D('',#21502,#17731,#17732);
#14345=AXIS2_PLACEMENT_3D('',#21503,#17733,#17734);
#14346=AXIS2_PLACEMENT_3D('',#21504,#17735,#17736);
#14347=AXIS2_PLACEMENT_3D('',#21505,#17737,#17738);
#14348=AXIS2_PLACEMENT_3D('',#21506,#17739,#17740);
#14349=AXIS2_PLACEMENT_3D('',#21507,#17741,#17742);
#14350=AXIS2_PLACEMENT_3D('',#21508,#17743,#17744);
#14351=AXIS2_PLACEMENT_3D('',#21509,#17745,#17746);
#14352=AXIS2_PLACEMENT_3D('',#21511,#17747,#17748);
#14353=AXIS2_PLACEMENT_3D('',#21512,#17749,#17750);
#14354=AXIS2_PLACEMENT_3D('',#21520,#17751,#17752);
#14355=AXIS2_PLACEMENT_3D('',#21526,#17753,#17754);
#14356=AXIS2_PLACEMENT_3D('',#21527,#17755,#17756);
#14357=AXIS2_PLACEMENT_3D('',#21535,#17757,#17758);
#14358=AXIS2_PLACEMENT_3D('',#21541,#17759,#17760);
#14359=AXIS2_PLACEMENT_3D('',#21548,#17761,#17762);
#14360=AXIS2_PLACEMENT_3D('',#21555,#17763,#17764);
#14361=AXIS2_PLACEMENT_3D('',#21556,#17765,#17766);
#14362=AXIS2_PLACEMENT_3D('',#21573,#17776,#17777);
#14363=AXIS2_PLACEMENT_3D('',#21580,#17781,#17782);
#14364=AXIS2_PLACEMENT_3D('',#21582,#17783,#17784);
#14365=AXIS2_PLACEMENT_3D('',#21583,#17785,#17786);
#14366=AXIS2_PLACEMENT_3D('',#21606,#17799,#17800);
#14367=AXIS2_PLACEMENT_3D('',#21615,#17801,#17802);
#14368=AXIS2_PLACEMENT_3D('',#21616,#17803,#17804);
#14369=AXIS2_PLACEMENT_3D('',#21618,#17805,#17806);
#14370=AXIS2_PLACEMENT_3D('',#21619,#17807,#17808);
#14371=AXIS2_PLACEMENT_3D('',#21621,#17809,#17810);
#14372=AXIS2_PLACEMENT_3D('',#21622,#17811,#17812);
#14373=AXIS2_PLACEMENT_3D('',#21624,#17813,#17814);
#14374=AXIS2_PLACEMENT_3D('',#21625,#17815,#17816);
#14375=AXIS2_PLACEMENT_3D('',#21627,#17817,#17818);
#14376=AXIS2_PLACEMENT_3D('',#21629,#17820,#17821);
#14377=AXIS2_PLACEMENT_3D('',#21631,#17823,#17824);
#14378=AXIS2_PLACEMENT_3D('',#21632,#17825,#17826);
#14379=AXIS2_PLACEMENT_3D('',#21634,#17828,#17829);
#14380=AXIS2_PLACEMENT_3D('',#21636,#17831,#17832);
#14381=AXIS2_PLACEMENT_3D('',#21637,#17833,#17834);
#14382=AXIS2_PLACEMENT_3D('',#21639,#17836,#17837);
#14383=AXIS2_PLACEMENT_3D('',#21641,#17839,#17840);
#14384=AXIS2_PLACEMENT_3D('',#21642,#17841,#17842);
#14385=AXIS2_PLACEMENT_3D('',#21644,#17844,#17845);
#14386=AXIS2_PLACEMENT_3D('',#21646,#17847,#17848);
#14387=AXIS2_PLACEMENT_3D('',#21647,#17849,#17850);
#14388=AXIS2_PLACEMENT_3D('',#21648,#17851,#17852);
#14389=AXIS2_PLACEMENT_3D('',#21649,#17853,#17854);
#14390=AXIS2_PLACEMENT_3D('',#21650,#17855,#17856);
#14391=AXIS2_PLACEMENT_3D('',#21651,#17857,#17858);
#14392=DIRECTION('',(0.,0.,1.));
#14393=DIRECTION('',(1.,0.,0.));
#14394=DIRECTION('',(0.,0.,-1.));
#14395=DIRECTION('',(0.,-1.,0.));
#14396=DIRECTION('',(0.,0.,-1.));
#14397=DIRECTION('',(0.,-1.,0.));
#14398=DIRECTION('',(0.,0.,1.));
#14399=DIRECTION('',(0.,-1.,0.));
#14400=DIRECTION('',(0.,0.,1.));
#14401=DIRECTION('',(1.,0.,0.));
#14402=DIRECTION('',(0.,0.,-1.));
#14403=DIRECTION('',(0.,-1.,0.));
#14404=DIRECTION('',(1.,0.,0.));
#14405=DIRECTION('',(0.,1.,0.));
#14406=DIRECTION('',(-1.,0.,0.));
#14407=DIRECTION('',(0.,-1.,0.));
#14408=DIRECTION('',(0.,0.,-1.));
#14409=DIRECTION('',(0.,-1.,0.));
#14410=DIRECTION('',(-1.,0.,0.));
#14411=DIRECTION('',(0.,-1.,0.));
#14412=DIRECTION('',(1.,0.,0.));
#14413=DIRECTION('',(0.,1.,0.));
#14414=DIRECTION('',(0.,0.90630778703665,-0.422618261740699));
#14415=DIRECTION('',(-1.,0.,0.));
#14416=DIRECTION('',(0.389281620635025,0.389281620635025,0.834817129478988));
#14417=DIRECTION('',(-1.,0.,0.));
#14418=DIRECTION('',(-0.389281620635025,0.389281620635025,0.834817129478988));
#14419=DIRECTION('',(-1.,0.,0.));
#14420=DIRECTION('',(-0.90630778703665,0.,-0.422618261740699));
#14421=DIRECTION('',(0.,-1.,0.));
#14422=DIRECTION('',(0.,1.,0.));
#14423=DIRECTION('',(0.389281620635024,0.389281620635031,-0.834817129478985));
#14424=DIRECTION('',(0.,-1.,0.));
#14425=DIRECTION('',(0.90630778703665,0.,-0.422618261740699));
#14426=DIRECTION('',(0.,1.,0.));
#14427=DIRECTION('',(0.,1.,0.));
#14428=DIRECTION('',(0.389281620635026,-0.389281620635018,0.83481712947899));
#14429=DIRECTION('',(1.79055358833211E-14,-0.90630778703665,-0.422618261740699));
#14430=DIRECTION('',(1.,1.9756572920847E-14,0.));
#14431=DIRECTION('',(1.,0.,0.));
#14432=DIRECTION('',(1.,1.9756572920847E-14,0.));
#14433=DIRECTION('',(1.,0.,0.));
#14434=DIRECTION('',(0.,1.,0.));
#14435=DIRECTION('',(0.,0.,1.));
#14436=DIRECTION('',(0.,1.,0.));
#14437=DIRECTION('',(0.,0.,1.));
#14438=DIRECTION('',(0.,-1.,0.));
#14439=DIRECTION('',(1.9756572920847E-14,-1.,0.));
#14440=DIRECTION('',(1.,1.9756572920847E-14,0.));
#14441=DIRECTION('',(0.,0.,1.));
#14442=DIRECTION('',(0.,0.,1.));
#14443=DIRECTION('',(-1.,-1.9756572920847E-14,0.));
#14444=DIRECTION('',(-1.,0.,0.));
#14445=DIRECTION('',(0.,-1.,0.));
#14446=DIRECTION('',(0.,0.,1.));
#14447=DIRECTION('',(0.,1.,0.));
#14448=DIRECTION('',(0.,1.,0.));
#14449=DIRECTION('',(-1.,0.,0.));
#14450=DIRECTION('',(0.,0.,1.));
#14451=DIRECTION('',(1.,0.,0.));
#14452=DIRECTION('',(1.,0.,0.));
#14453=DIRECTION('',(0.,1.,0.));
#14454=DIRECTION('',(0.,-1.,0.));
#14455=DIRECTION('',(0.906307787036649,0.,-0.422618261740701));
#14456=DIRECTION('',(0.,1.,0.));
#14457=DIRECTION('',(-0.389281620635026,0.389281620635026,-0.834817129478986));
#14458=DIRECTION('',(0.,-1.,0.));
#14459=DIRECTION('',(0.389281620635028,0.389281620635019,0.834817129478989));
#14460=DIRECTION('',(0.,-0.906307787036649,-0.422618261740701));
#14461=DIRECTION('',(1.,0.,0.));
#14462=DIRECTION('',(-0.389281620635026,-0.389281620635026,0.834817129478986));
#14463=DIRECTION('',(1.,0.,0.));
#14464=DIRECTION('',(1.,0.,0.));
#14465=DIRECTION('',(1.9756572920847E-14,1.,0.));
#14466=DIRECTION('',(-1.,1.9756572920847E-14,0.));
#14467=DIRECTION('',(-1.,1.9756572920847E-14,0.));
#14468=DIRECTION('',(0.,0.,1.));
#14469=DIRECTION('',(1.,-1.9756572920847E-14,0.));
#14470=DIRECTION('',(-1.,0.,0.));
#14471=DIRECTION('',(0.,-1.,0.));
#14472=DIRECTION('',(0.,-1.,0.));
#14473=DIRECTION('',(0.,0.,1.));
#14474=DIRECTION('',(0.,1.,0.));
#14475=DIRECTION('',(1.7905535883321E-14,0.906307787036649,-0.422618261740701));
#14476=DIRECTION('',(-1.,1.9756572920847E-14,0.));
#14477=DIRECTION('',(-0.389281620635025,0.389281620635033,0.834817129478984));
#14478=DIRECTION('',(-1.,0.,0.));
#14479=DIRECTION('',(-0.906307787036649,0.,-0.422618261740701));
#14480=DIRECTION('',(0.,-1.,0.));
#14481=DIRECTION('',(0.,-1.,0.));
#14482=DIRECTION('',(1.,0.,0.));
#14483=DIRECTION('',(-1.,0.,0.));
#14484=DIRECTION('',(0.,0.,1.));
#14485=DIRECTION('',(0.,1.,0.));
#14486=DIRECTION('',(0.,1.,0.));
#14487=DIRECTION('',(1.,0.,0.));
#14488=DIRECTION('',(0.,-1.,0.));
#14489=DIRECTION('',(-1.,0.,0.));
#14490=DIRECTION('',(0.,1.,0.));
#14491=DIRECTION('',(1.,0.,0.));
#14492=DIRECTION('',(0.,-1.,0.));
#14493=DIRECTION('',(-1.,0.,0.));
#14494=DIRECTION('',(0.,-1.,0.));
#14495=DIRECTION('',(1.,0.,0.));
#14496=DIRECTION('',(0.,-1.,0.));
#14497=DIRECTION('',(-1.,0.,0.));
#14498=DIRECTION('',(-0.707106781186545,-0.707106781186551,0.));
#14499=DIRECTION('',(-1.,0.,0.));
#14500=DIRECTION('',(-0.707106781186551,0.707106781186545,0.));
#14501=DIRECTION('',(0.,-1.,0.));
#14502=DIRECTION('',(-1.,0.,0.));
#14503=DIRECTION('',(0.,1.,0.));
#14504=DIRECTION('',(1.,0.,0.));
#14505=DIRECTION('',(0.,-1.,0.));
#14506=DIRECTION('',(0.707106781186545,0.707106781186551,0.));
#14507=DIRECTION('',(-1.,2.040851148208E-16,0.));
#14508=DIRECTION('',(0.,0.,1.));
#14509=DIRECTION('',(0.,1.,0.));
#14510=DIRECTION('',(0.,-1.,0.));
#14511=DIRECTION('',(0.,0.,1.));
#14512=DIRECTION('',(-1.,0.,0.));
#14513=DIRECTION('',(-1.,0.,0.));
#14514=DIRECTION('',(0.707106781186551,-0.707106781186545,0.));
#14515=DIRECTION('',(0.,1.,0.));
#14516=DIRECTION('',(0.,-1.,0.));
#14517=DIRECTION('',(1.,0.,0.));
#14518=DIRECTION('',(0.,-1.,0.));
#14519=DIRECTION('',(-1.,0.,0.));
#14520=DIRECTION('',(1.,0.,0.));
#14521=DIRECTION('',(0.,1.,0.));
#14522=DIRECTION('',(0.,0.,1.));
#14523=DIRECTION('',(0.,1.,0.));
#14524=DIRECTION('',(0.,0.,1.));
#14525=DIRECTION('',(0.,-1.,0.));
#14526=DIRECTION('',(1.,0.,0.));
#14527=DIRECTION('',(1.,0.,0.));
#14528=DIRECTION('',(0.,0.,1.));
#14529=DIRECTION('',(-1.,0.,0.));
#14530=DIRECTION('',(0.,-1.,0.));
#14531=DIRECTION('',(0.,-1.,0.));
#14532=DIRECTION('',(0.,0.,1.));
#14533=DIRECTION('',(0.,1.,0.));
#14534=DIRECTION('',(-1.,0.,0.));
#14535=DIRECTION('',(-1.,0.,0.));
#14536=DIRECTION('',(0.,0.,1.));
#14537=DIRECTION('',(0.,1.,0.));
#14538=DIRECTION('',(0.,0.,-1.));
#14539=DIRECTION('',(0.,-1.,0.));
#14540=DIRECTION('',(0.,0.,-1.));
#14541=DIRECTION('',(0.,-1.,0.));
#14542=DIRECTION('',(0.,0.,1.));
#14543=DIRECTION('',(0.,-1.,0.));
#14544=DIRECTION('',(0.,0.,1.));
#14545=DIRECTION('',(1.,0.,0.));
#14546=DIRECTION('',(0.,0.,-1.));
#14547=DIRECTION('',(0.,-1.,0.));
#14548=DIRECTION('',(0.,0.,-1.));
#14549=DIRECTION('',(0.,-1.,0.));
#14550=DIRECTION('',(0.,0.,1.));
#14551=DIRECTION('',(0.,-1.,0.));
#14552=DIRECTION('',(0.,0.,1.));
#14553=DIRECTION('',(1.,0.,0.));
#14554=DIRECTION('',(0.,0.,-1.));
#14555=DIRECTION('',(0.,-1.,0.));
#14556=DIRECTION('',(0.,0.,-1.));
#14557=DIRECTION('',(0.,0.,1.));
#14558=DIRECTION('',(-1.,0.,0.));
#14559=DIRECTION('',(0.,0.,-1.));
#14560=DIRECTION('',(0.,0.,1.));
#14561=DIRECTION('',(-1.,0.,0.));
#14562=DIRECTION('',(-1.,0.,0.));
#14563=DIRECTION('',(0.,-1.,0.));
#14564=DIRECTION('',(0.,-1.,0.));
#14565=DIRECTION('',(0.,0.,-1.));
#14566=DIRECTION('',(0.,1.,0.));
#14567=DIRECTION('',(0.,0.,-1.));
#14568=DIRECTION('',(0.,-1.,0.));
#14569=DIRECTION('',(0.,0.,1.));
#14570=DIRECTION('',(-1.,0.,0.));
#14571=DIRECTION('',(0.,0.,-1.));
#14572=DIRECTION('',(0.,0.,1.));
#14573=DIRECTION('',(-1.,0.,0.));
#14574=DIRECTION('',(0.,1.,0.));
#14575=DIRECTION('',(-1.,0.,0.));
#14576=DIRECTION('',(-1.,0.,0.));
#14577=DIRECTION('',(0.,0.,-1.));
#14578=DIRECTION('',(0.,0.,-1.));
#14579=DIRECTION('',(1.,0.,0.));
#14580=DIRECTION('',(0.707106781186544,0.707106781186551,0.));
#14581=DIRECTION('',(0.,0.,1.));
#14582=DIRECTION('',(-0.707106781186551,0.707106781186544,0.));
#14583=DIRECTION('',(0.,0.,1.));
#14584=DIRECTION('',(1.,0.,0.));
#14585=DIRECTION('',(0.,1.,0.));
#14586=DIRECTION('',(0.,1.,0.));
#14587=DIRECTION('',(0.,0.,-1.));
#14588=DIRECTION('',(0.707106781186551,-0.707106781186544,0.));
#14589=DIRECTION('',(0.,0.,1.));
#14590=DIRECTION('',(0.707106781186544,0.707106781186551,0.));
#14591=DIRECTION('',(0.,0.,1.));
#14592=DIRECTION('',(0.,0.,1.));
#14593=DIRECTION('',(0.,1.,0.));
#14594=DIRECTION('',(0.,0.,1.));
#14595=DIRECTION('',(0.,1.,0.));
#14596=DIRECTION('',(0.,0.,1.));
#14597=DIRECTION('',(0.,1.,0.));
#14598=DIRECTION('',(0.,0.,1.));
#14599=DIRECTION('',(0.,1.,0.));
#14600=DIRECTION('',(0.,0.,1.));
#14601=DIRECTION('',(0.,1.,0.));
#14602=DIRECTION('',(0.,0.,1.));
#14603=DIRECTION('',(0.,1.,0.));
#14604=DIRECTION('',(0.,0.,1.));
#14605=DIRECTION('',(0.,1.,0.));
#14606=DIRECTION('',(0.,0.,1.));
#14607=DIRECTION('',(0.,1.,0.));
#14608=DIRECTION('',(0.,0.,1.));
#14609=DIRECTION('',(0.,1.,0.));
#14610=DIRECTION('',(0.,0.,-1.));
#14611=DIRECTION('',(0.,-1.,0.));
#14612=DIRECTION('',(1.,0.,0.));
#14613=DIRECTION('',(0.,-1.,0.));
#14614=DIRECTION('',(1.,0.,0.));
#14615=DIRECTION('',(-1.,0.,0.));
#14616=DIRECTION('',(0.,0.,-1.));
#14617=DIRECTION('',(1.,0.,0.));
#14618=DIRECTION('',(0.,0.,-1.));
#14619=DIRECTION('',(0.,0.,1.));
#14620=DIRECTION('',(0.,1.,0.));
#14621=DIRECTION('',(0.,0.,-1.));
#14622=DIRECTION('',(0.,-1.,0.));
#14623=DIRECTION('',(0.,0.,1.));
#14624=DIRECTION('',(0.,1.,0.));
#14625=DIRECTION('',(0.,0.,1.));
#14626=DIRECTION('',(0.,1.,0.));
#14627=DIRECTION('',(0.,-1.,0.));
#14628=DIRECTION('',(0.707106781186551,-0.707106781186544,0.));
#14629=DIRECTION('',(0.,0.,1.));
#14630=DIRECTION('',(-1.,0.,0.));
#14631=DIRECTION('',(0.,1.,0.));
#14632=DIRECTION('',(0.,0.,1.));
#14633=DIRECTION('',(-1.,0.,0.));
#14634=DIRECTION('',(-1.,2.040851148208E-16,0.));
#14635=DIRECTION('',(-0.707106781186545,-0.707106781186551,0.));
#14636=DIRECTION('',(0.,0.,1.));
#14637=DIRECTION('',(0.,1.,0.));
#14638=DIRECTION('',(0.,0.,1.));
#14639=DIRECTION('',(0.,1.,0.));
#14640=DIRECTION('',(0.,0.,1.));
#14641=DIRECTION('',(0.,1.,0.));
#14642=DIRECTION('',(0.,0.,1.));
#14643=DIRECTION('',(0.,1.,0.));
#14644=DIRECTION('',(0.,0.,1.));
#14645=DIRECTION('',(0.,1.,0.));
#14646=DIRECTION('',(0.,0.,1.));
#14647=DIRECTION('',(0.,1.,0.));
#14648=DIRECTION('',(0.,0.,-1.));
#14649=DIRECTION('',(0.,-1.,0.));
#14650=DIRECTION('',(1.,0.,0.));
#14651=DIRECTION('',(0.,1.,0.));
#14652=DIRECTION('',(-1.,0.,0.));
#14653=DIRECTION('',(0.,-1.,0.));
#14654=DIRECTION('',(0.,0.,-1.));
#14655=DIRECTION('',(0.,-1.,0.));
#14656=DIRECTION('',(-1.,0.,0.));
#14657=DIRECTION('',(0.,-1.,0.));
#14658=DIRECTION('',(1.,0.,0.));
#14659=DIRECTION('',(0.,1.,0.));
#14660=DIRECTION('',(0.,0.90630778703665,-0.422618261740699));
#14661=DIRECTION('',(-1.,0.,0.));
#14662=DIRECTION('',(0.389281620635025,0.389281620635025,0.834817129478988));
#14663=DIRECTION('',(-1.,0.,0.));
#14664=DIRECTION('',(-0.389281620635025,0.389281620635025,0.834817129478988));
#14665=DIRECTION('',(-1.,0.,0.));
#14666=DIRECTION('',(-0.90630778703665,0.,-0.422618261740699));
#14667=DIRECTION('',(0.,-1.,0.));
#14668=DIRECTION('',(0.,1.,0.));
#14669=DIRECTION('',(0.389281620635024,0.389281620635031,-0.834817129478985));
#14670=DIRECTION('',(0.,-1.,0.));
#14671=DIRECTION('',(0.90630778703665,0.,-0.422618261740699));
#14672=DIRECTION('',(0.,1.,0.));
#14673=DIRECTION('',(0.,1.,0.));
#14674=DIRECTION('',(0.389281620635026,-0.389281620635018,0.83481712947899));
#14675=DIRECTION('',(1.79055358833211E-14,-0.90630778703665,-0.422618261740699));
#14676=DIRECTION('',(1.,1.9756572920847E-14,0.));
#14677=DIRECTION('',(1.,0.,0.));
#14678=DIRECTION('',(1.,1.9756572920847E-14,0.));
#14679=DIRECTION('',(1.,0.,0.));
#14680=DIRECTION('',(0.,1.,0.));
#14681=DIRECTION('',(0.,0.,1.));
#14682=DIRECTION('',(0.,1.,0.));
#14683=DIRECTION('',(0.,0.,1.));
#14684=DIRECTION('',(0.,-1.,0.));
#14685=DIRECTION('',(1.9756572920847E-14,-1.,0.));
#14686=DIRECTION('',(1.,1.9756572920847E-14,0.));
#14687=DIRECTION('',(0.,0.,1.));
#14688=DIRECTION('',(0.,0.,1.));
#14689=DIRECTION('',(-1.,-1.9756572920847E-14,0.));
#14690=DIRECTION('',(-1.,0.,0.));
#14691=DIRECTION('',(0.,-1.,0.));
#14692=DIRECTION('',(0.,0.,1.));
#14693=DIRECTION('',(0.,1.,0.));
#14694=DIRECTION('',(0.,1.,0.));
#14695=DIRECTION('',(-1.,0.,0.));
#14696=DIRECTION('',(0.,0.,1.));
#14697=DIRECTION('',(1.,0.,0.));
#14698=DIRECTION('',(1.,0.,0.));
#14699=DIRECTION('',(0.,1.,0.));
#14700=DIRECTION('',(0.,-1.,0.));
#14701=DIRECTION('',(0.906307787036649,0.,-0.422618261740701));
#14702=DIRECTION('',(0.,1.,0.));
#14703=DIRECTION('',(-0.389281620635026,0.389281620635026,-0.834817129478986));
#14704=DIRECTION('',(0.,-1.,0.));
#14705=DIRECTION('',(0.389281620635028,0.389281620635019,0.834817129478989));
#14706=DIRECTION('',(0.,-0.906307787036649,-0.422618261740701));
#14707=DIRECTION('',(1.,0.,0.));
#14708=DIRECTION('',(-0.389281620635026,-0.389281620635026,0.834817129478986));
#14709=DIRECTION('',(1.,0.,0.));
#14710=DIRECTION('',(1.,0.,0.));
#14711=DIRECTION('',(1.9756572920847E-14,1.,0.));
#14712=DIRECTION('',(-1.,1.9756572920847E-14,0.));
#14713=DIRECTION('',(-1.,1.9756572920847E-14,0.));
#14714=DIRECTION('',(0.,0.,1.));
#14715=DIRECTION('',(1.,-1.9756572920847E-14,0.));
#14716=DIRECTION('',(-1.,0.,0.));
#14717=DIRECTION('',(0.,-1.,0.));
#14718=DIRECTION('',(0.,-1.,0.));
#14719=DIRECTION('',(0.,0.,1.));
#14720=DIRECTION('',(0.,1.,0.));
#14721=DIRECTION('',(1.7905535883321E-14,0.906307787036649,-0.422618261740701));
#14722=DIRECTION('',(-1.,1.9756572920847E-14,0.));
#14723=DIRECTION('',(-0.389281620635025,0.389281620635033,0.834817129478984));
#14724=DIRECTION('',(-1.,0.,0.));
#14725=DIRECTION('',(-0.906307787036649,0.,-0.422618261740701));
#14726=DIRECTION('',(0.,-1.,0.));
#14727=DIRECTION('',(0.,-1.,0.));
#14728=DIRECTION('',(1.,0.,0.));
#14729=DIRECTION('',(-1.,0.,0.));
#14730=DIRECTION('',(0.,0.,-1.));
#14731=DIRECTION('',(0.,-1.,0.));
#14732=DIRECTION('',(1.,0.,0.));
#14733=DIRECTION('',(-1.,0.,0.));
#14734=DIRECTION('',(0.,-1.,0.));
#14735=DIRECTION('',(0.,0.,-1.));
#14736=DIRECTION('',(0.,-1.,0.));
#14737=DIRECTION('',(-1.,0.,0.));
#14738=DIRECTION('',(0.,-1.,0.));
#14739=DIRECTION('',(1.,0.,0.));
#14740=DIRECTION('',(0.,1.,0.));
#14741=DIRECTION('',(0.,0.90630778703665,-0.422618261740699));
#14742=DIRECTION('',(-1.,0.,0.));
#14743=DIRECTION('',(0.389281620635025,0.389281620635025,0.834817129478988));
#14744=DIRECTION('',(-1.,0.,0.));
#14745=DIRECTION('',(-0.389281620635025,0.389281620635025,0.834817129478988));
#14746=DIRECTION('',(-1.,0.,0.));
#14747=DIRECTION('',(-0.90630778703665,0.,-0.422618261740699));
#14748=DIRECTION('',(0.,-1.,0.));
#14749=DIRECTION('',(0.,1.,0.));
#14750=DIRECTION('',(0.389281620635024,0.389281620635031,-0.834817129478985));
#14751=DIRECTION('',(0.,-1.,0.));
#14752=DIRECTION('',(0.90630778703665,0.,-0.422618261740699));
#14753=DIRECTION('',(0.,1.,0.));
#14754=DIRECTION('',(0.,1.,0.));
#14755=DIRECTION('',(0.389281620635026,-0.389281620635018,0.83481712947899));
#14756=DIRECTION('',(1.79055358833211E-14,-0.90630778703665,-0.422618261740699));
#14757=DIRECTION('',(1.,1.9756572920847E-14,0.));
#14758=DIRECTION('',(1.,0.,0.));
#14759=DIRECTION('',(1.,1.9756572920847E-14,0.));
#14760=DIRECTION('',(1.,0.,0.));
#14761=DIRECTION('',(0.,1.,0.));
#14762=DIRECTION('',(0.,0.,1.));
#14763=DIRECTION('',(0.,1.,0.));
#14764=DIRECTION('',(0.,0.,1.));
#14765=DIRECTION('',(0.,-1.,0.));
#14766=DIRECTION('',(1.9756572920847E-14,-1.,0.));
#14767=DIRECTION('',(1.,1.9756572920847E-14,0.));
#14768=DIRECTION('',(0.,0.,1.));
#14769=DIRECTION('',(0.,0.,1.));
#14770=DIRECTION('',(-1.,-1.9756572920847E-14,0.));
#14771=DIRECTION('',(-1.,0.,0.));
#14772=DIRECTION('',(0.,-1.,0.));
#14773=DIRECTION('',(0.,0.,1.));
#14774=DIRECTION('',(0.,1.,0.));
#14775=DIRECTION('',(0.,1.,0.));
#14776=DIRECTION('',(-1.,0.,0.));
#14777=DIRECTION('',(0.,0.,1.));
#14778=DIRECTION('',(1.,0.,0.));
#14779=DIRECTION('',(1.,0.,0.));
#14780=DIRECTION('',(0.,1.,0.));
#14781=DIRECTION('',(0.,-1.,0.));
#14782=DIRECTION('',(0.906307787036649,0.,-0.422618261740701));
#14783=DIRECTION('',(0.,1.,0.));
#14784=DIRECTION('',(-0.389281620635026,0.389281620635026,-0.834817129478986));
#14785=DIRECTION('',(0.389281620635028,0.389281620635019,0.834817129478989));
#14786=DIRECTION('',(0.,-0.906307787036649,-0.422618261740701));
#14787=DIRECTION('',(1.,0.,0.));
#14788=DIRECTION('',(-0.389281620635026,-0.389281620635026,0.834817129478986));
#14789=DIRECTION('',(1.,0.,0.));
#14790=DIRECTION('',(1.,0.,0.));
#14791=DIRECTION('',(1.9756572920847E-14,1.,0.));
#14792=DIRECTION('',(-1.,1.9756572920847E-14,0.));
#14793=DIRECTION('',(-1.,1.9756572920847E-14,0.));
#14794=DIRECTION('',(0.,0.,1.));
#14795=DIRECTION('',(1.,-1.9756572920847E-14,0.));
#14796=DIRECTION('',(-1.,0.,0.));
#14797=DIRECTION('',(0.,-1.,0.));
#14798=DIRECTION('',(0.,-1.,0.));
#14799=DIRECTION('',(0.,0.,1.));
#14800=DIRECTION('',(0.,1.,0.));
#14801=DIRECTION('',(1.7905535883321E-14,0.906307787036649,-0.422618261740701));
#14802=DIRECTION('',(-1.,1.9756572920847E-14,0.));
#14803=DIRECTION('',(-0.389281620635025,0.389281620635033,0.834817129478984));
#14804=DIRECTION('',(-1.,0.,0.));
#14805=DIRECTION('',(-0.906307787036649,0.,-0.422618261740701));
#14806=DIRECTION('',(0.,-1.,0.));
#14807=DIRECTION('',(0.,-1.,0.));
#14808=DIRECTION('',(1.,0.,0.));
#14809=DIRECTION('',(-1.,0.,0.));
#14810=DIRECTION('',(0.,0.,-1.));
#14811=DIRECTION('',(0.,-1.,0.));
#14812=DIRECTION('',(1.,0.,0.));
#14813=DIRECTION('',(-1.,0.,0.));
#14814=DIRECTION('',(0.,-1.,0.));
#14815=DIRECTION('',(0.,0.,-1.));
#14816=DIRECTION('',(0.,-1.,0.));
#14817=DIRECTION('',(-1.,0.,0.));
#14818=DIRECTION('',(0.,-1.,0.));
#14819=DIRECTION('',(1.,0.,0.));
#14820=DIRECTION('',(0.,1.,0.));
#14821=DIRECTION('',(0.,0.90630778703665,-0.422618261740699));
#14822=DIRECTION('',(-1.,0.,0.));
#14823=DIRECTION('',(0.389281620635025,0.389281620635025,0.834817129478988));
#14824=DIRECTION('',(-1.,0.,0.));
#14825=DIRECTION('',(-0.389281620635025,0.389281620635025,0.834817129478988));
#14826=DIRECTION('',(-1.,0.,0.));
#14827=DIRECTION('',(-0.90630778703665,0.,-0.422618261740699));
#14828=DIRECTION('',(0.,-1.,0.));
#14829=DIRECTION('',(0.,1.,0.));
#14830=DIRECTION('',(0.389281620635024,0.389281620635031,-0.834817129478985));
#14831=DIRECTION('',(0.,-1.,0.));
#14832=DIRECTION('',(0.90630778703665,0.,-0.422618261740699));
#14833=DIRECTION('',(0.,1.,0.));
#14834=DIRECTION('',(0.,1.,0.));
#14835=DIRECTION('',(0.389281620635026,-0.389281620635018,0.83481712947899));
#14836=DIRECTION('',(1.79055358833211E-14,-0.90630778703665,-0.422618261740699));
#14837=DIRECTION('',(1.,1.9756572920847E-14,0.));
#14838=DIRECTION('',(1.,0.,0.));
#14839=DIRECTION('',(1.,1.9756572920847E-14,0.));
#14840=DIRECTION('',(1.,0.,0.));
#14841=DIRECTION('',(0.,1.,0.));
#14842=DIRECTION('',(0.,0.,1.));
#14843=DIRECTION('',(0.,1.,0.));
#14844=DIRECTION('',(0.,0.,1.));
#14845=DIRECTION('',(0.,-1.,0.));
#14846=DIRECTION('',(1.9756572920847E-14,-1.,0.));
#14847=DIRECTION('',(1.,1.9756572920847E-14,0.));
#14848=DIRECTION('',(0.,0.,1.));
#14849=DIRECTION('',(0.,0.,1.));
#14850=DIRECTION('',(-1.,-1.9756572920847E-14,0.));
#14851=DIRECTION('',(-1.,0.,0.));
#14852=DIRECTION('',(0.,-1.,0.));
#14853=DIRECTION('',(0.,0.,1.));
#14854=DIRECTION('',(0.,1.,0.));
#14855=DIRECTION('',(0.,1.,0.));
#14856=DIRECTION('',(-1.,0.,0.));
#14857=DIRECTION('',(0.,0.,1.));
#14858=DIRECTION('',(1.,0.,0.));
#14859=DIRECTION('',(1.,0.,0.));
#14860=DIRECTION('',(0.,1.,0.));
#14861=DIRECTION('',(0.,-1.,0.));
#14862=DIRECTION('',(0.906307787036649,0.,-0.422618261740701));
#14863=DIRECTION('',(0.,1.,0.));
#14864=DIRECTION('',(-0.389281620635026,0.389281620635026,-0.834817129478986));
#14865=DIRECTION('',(0.389281620635028,0.389281620635019,0.834817129478989));
#14866=DIRECTION('',(0.,-0.906307787036649,-0.422618261740701));
#14867=DIRECTION('',(1.,0.,0.));
#14868=DIRECTION('',(-0.389281620635026,-0.389281620635026,0.834817129478986));
#14869=DIRECTION('',(1.,0.,0.));
#14870=DIRECTION('',(1.,0.,0.));
#14871=DIRECTION('',(1.9756572920847E-14,1.,0.));
#14872=DIRECTION('',(-1.,1.9756572920847E-14,0.));
#14873=DIRECTION('',(-1.,1.9756572920847E-14,0.));
#14874=DIRECTION('',(0.,0.,1.));
#14875=DIRECTION('',(1.,-1.9756572920847E-14,0.));
#14876=DIRECTION('',(-1.,0.,0.));
#14877=DIRECTION('',(0.,-1.,0.));
#14878=DIRECTION('',(0.,-1.,0.));
#14879=DIRECTION('',(0.,0.,1.));
#14880=DIRECTION('',(0.,1.,0.));
#14881=DIRECTION('',(1.7905535883321E-14,0.906307787036649,-0.422618261740701));
#14882=DIRECTION('',(-1.,1.9756572920847E-14,0.));
#14883=DIRECTION('',(-0.389281620635025,0.389281620635033,0.834817129478984));
#14884=DIRECTION('',(-1.,0.,0.));
#14885=DIRECTION('',(-0.906307787036649,0.,-0.422618261740701));
#14886=DIRECTION('',(0.,-1.,0.));
#14887=DIRECTION('',(0.,-1.,0.));
#14888=DIRECTION('',(1.,0.,0.));
#14889=DIRECTION('',(-1.,0.,0.));
#14890=DIRECTION('',(0.,0.,-1.));
#14891=DIRECTION('',(0.,-1.,0.));
#14892=DIRECTION('',(1.,0.,0.));
#14893=DIRECTION('',(-1.,0.,0.));
#14894=DIRECTION('',(0.,-1.,0.));
#14895=DIRECTION('',(0.,0.,-1.));
#14896=DIRECTION('',(0.,-1.,0.));
#14897=DIRECTION('',(-1.,0.,0.));
#14898=DIRECTION('',(0.,-1.,0.));
#14899=DIRECTION('',(1.,0.,0.));
#14900=DIRECTION('',(0.,1.,0.));
#14901=DIRECTION('',(0.,0.90630778703665,-0.422618261740699));
#14902=DIRECTION('',(-1.,0.,0.));
#14903=DIRECTION('',(0.389281620635025,0.389281620635025,0.834817129478988));
#14904=DIRECTION('',(-1.,0.,0.));
#14905=DIRECTION('',(-0.389281620635025,0.389281620635025,0.834817129478988));
#14906=DIRECTION('',(-1.,0.,0.));
#14907=DIRECTION('',(-0.90630778703665,0.,-0.422618261740699));
#14908=DIRECTION('',(0.,-1.,0.));
#14909=DIRECTION('',(0.,1.,0.));
#14910=DIRECTION('',(0.389281620635024,0.389281620635031,-0.834817129478985));
#14911=DIRECTION('',(0.,-1.,0.));
#14912=DIRECTION('',(0.90630778703665,0.,-0.422618261740699));
#14913=DIRECTION('',(0.,1.,0.));
#14914=DIRECTION('',(0.,1.,0.));
#14915=DIRECTION('',(0.389281620635026,-0.389281620635018,0.83481712947899));
#14916=DIRECTION('',(1.79055358833211E-14,-0.90630778703665,-0.422618261740699));
#14917=DIRECTION('',(1.,1.9756572920847E-14,0.));
#14918=DIRECTION('',(1.,0.,0.));
#14919=DIRECTION('',(1.,1.9756572920847E-14,0.));
#14920=DIRECTION('',(1.,0.,0.));
#14921=DIRECTION('',(0.,1.,0.));
#14922=DIRECTION('',(0.,0.,1.));
#14923=DIRECTION('',(0.,1.,0.));
#14924=DIRECTION('',(0.,0.,1.));
#14925=DIRECTION('',(0.,-1.,0.));
#14926=DIRECTION('',(1.9756572920847E-14,-1.,0.));
#14927=DIRECTION('',(1.,1.9756572920847E-14,0.));
#14928=DIRECTION('',(0.,0.,1.));
#14929=DIRECTION('',(0.,0.,1.));
#14930=DIRECTION('',(-1.,-1.9756572920847E-14,0.));
#14931=DIRECTION('',(-1.,0.,0.));
#14932=DIRECTION('',(0.,-1.,0.));
#14933=DIRECTION('',(0.,0.,1.));
#14934=DIRECTION('',(0.,1.,0.));
#14935=DIRECTION('',(0.,1.,0.));
#14936=DIRECTION('',(-1.,0.,0.));
#14937=DIRECTION('',(0.,0.,1.));
#14938=DIRECTION('',(1.,0.,0.));
#14939=DIRECTION('',(1.,0.,0.));
#14940=DIRECTION('',(0.,1.,0.));
#14941=DIRECTION('',(0.,-1.,0.));
#14942=DIRECTION('',(0.906307787036649,0.,-0.422618261740701));
#14943=DIRECTION('',(0.,1.,0.));
#14944=DIRECTION('',(-0.389281620635026,0.389281620635026,-0.834817129478986));
#14945=DIRECTION('',(0.389281620635028,0.389281620635019,0.834817129478989));
#14946=DIRECTION('',(0.,-0.906307787036649,-0.422618261740701));
#14947=DIRECTION('',(1.,0.,0.));
#14948=DIRECTION('',(-0.389281620635026,-0.389281620635026,0.834817129478986));
#14949=DIRECTION('',(1.,0.,0.));
#14950=DIRECTION('',(1.,0.,0.));
#14951=DIRECTION('',(1.9756572920847E-14,1.,0.));
#14952=DIRECTION('',(-1.,1.9756572920847E-14,0.));
#14953=DIRECTION('',(-1.,1.9756572920847E-14,0.));
#14954=DIRECTION('',(0.,0.,1.));
#14955=DIRECTION('',(1.,-1.9756572920847E-14,0.));
#14956=DIRECTION('',(-1.,0.,0.));
#14957=DIRECTION('',(0.,-1.,0.));
#14958=DIRECTION('',(0.,-1.,0.));
#14959=DIRECTION('',(0.,0.,1.));
#14960=DIRECTION('',(0.,1.,0.));
#14961=DIRECTION('',(1.7905535883321E-14,0.906307787036649,-0.422618261740701));
#14962=DIRECTION('',(-1.,1.9756572920847E-14,0.));
#14963=DIRECTION('',(-0.389281620635025,0.389281620635033,0.834817129478984));
#14964=DIRECTION('',(-1.,0.,0.));
#14965=DIRECTION('',(-0.906307787036649,0.,-0.422618261740701));
#14966=DIRECTION('',(0.,-1.,0.));
#14967=DIRECTION('',(0.,-1.,0.));
#14968=DIRECTION('',(1.,0.,0.));
#14969=DIRECTION('',(-1.,0.,0.));
#14970=DIRECTION('',(0.,0.,-1.));
#14971=DIRECTION('',(0.,-1.,0.));
#14972=DIRECTION('',(1.,0.,0.));
#14973=DIRECTION('',(-1.,0.,0.));
#14974=DIRECTION('',(0.,-1.,0.));
#14975=DIRECTION('',(0.,0.,-1.));
#14976=DIRECTION('',(0.,-1.,0.));
#14977=DIRECTION('',(-1.,0.,0.));
#14978=DIRECTION('',(0.,-1.,0.));
#14979=DIRECTION('',(1.,0.,0.));
#14980=DIRECTION('',(0.,1.,0.));
#14981=DIRECTION('',(0.,0.90630778703665,-0.422618261740699));
#14982=DIRECTION('',(-1.,0.,0.));
#14983=DIRECTION('',(0.389281620635025,0.389281620635025,0.834817129478988));
#14984=DIRECTION('',(-1.,0.,0.));
#14985=DIRECTION('',(-0.389281620635025,0.389281620635025,0.834817129478988));
#14986=DIRECTION('',(-1.,0.,0.));
#14987=DIRECTION('',(-0.90630778703665,0.,-0.422618261740699));
#14988=DIRECTION('',(0.,-1.,0.));
#14989=DIRECTION('',(0.,1.,0.));
#14990=DIRECTION('',(0.389281620635024,0.389281620635031,-0.834817129478985));
#14991=DIRECTION('',(0.,-1.,0.));
#14992=DIRECTION('',(0.90630778703665,0.,-0.422618261740699));
#14993=DIRECTION('',(0.,1.,0.));
#14994=DIRECTION('',(0.,1.,0.));
#14995=DIRECTION('',(0.389281620635026,-0.389281620635018,0.83481712947899));
#14996=DIRECTION('',(1.79055358833211E-14,-0.90630778703665,-0.422618261740699));
#14997=DIRECTION('',(1.,1.9756572920847E-14,0.));
#14998=DIRECTION('',(1.,0.,0.));
#14999=DIRECTION('',(1.,1.9756572920847E-14,0.));
#15000=DIRECTION('',(1.,0.,0.));
#15001=DIRECTION('',(0.,1.,0.));
#15002=DIRECTION('',(0.,0.,1.));
#15003=DIRECTION('',(0.,1.,0.));
#15004=DIRECTION('',(0.,0.,1.));
#15005=DIRECTION('',(0.,-1.,0.));
#15006=DIRECTION('',(1.9756572920847E-14,-1.,0.));
#15007=DIRECTION('',(1.,1.9756572920847E-14,0.));
#15008=DIRECTION('',(0.,0.,1.));
#15009=DIRECTION('',(0.,0.,1.));
#15010=DIRECTION('',(-1.,-1.9756572920847E-14,0.));
#15011=DIRECTION('',(-1.,0.,0.));
#15012=DIRECTION('',(0.,-1.,0.));
#15013=DIRECTION('',(0.,0.,1.));
#15014=DIRECTION('',(0.,1.,0.));
#15015=DIRECTION('',(0.,1.,0.));
#15016=DIRECTION('',(-1.,0.,0.));
#15017=DIRECTION('',(0.,0.,1.));
#15018=DIRECTION('',(1.,0.,0.));
#15019=DIRECTION('',(1.,0.,0.));
#15020=DIRECTION('',(0.,1.,0.));
#15021=DIRECTION('',(0.,-1.,0.));
#15022=DIRECTION('',(0.906307787036649,0.,-0.422618261740701));
#15023=DIRECTION('',(0.,1.,0.));
#15024=DIRECTION('',(-0.389281620635026,0.389281620635026,-0.834817129478986));
#15025=DIRECTION('',(0.389281620635028,0.389281620635019,0.834817129478989));
#15026=DIRECTION('',(0.,-0.906307787036649,-0.422618261740701));
#15027=DIRECTION('',(1.,0.,0.));
#15028=DIRECTION('',(-0.389281620635026,-0.389281620635026,0.834817129478986));
#15029=DIRECTION('',(1.,0.,0.));
#15030=DIRECTION('',(1.,0.,0.));
#15031=DIRECTION('',(1.9756572920847E-14,1.,0.));
#15032=DIRECTION('',(-1.,1.9756572920847E-14,0.));
#15033=DIRECTION('',(-1.,1.9756572920847E-14,0.));
#15034=DIRECTION('',(0.,0.,1.));
#15035=DIRECTION('',(1.,-1.9756572920847E-14,0.));
#15036=DIRECTION('',(-1.,0.,0.));
#15037=DIRECTION('',(0.,-1.,0.));
#15038=DIRECTION('',(0.,-1.,0.));
#15039=DIRECTION('',(0.,0.,1.));
#15040=DIRECTION('',(0.,1.,0.));
#15041=DIRECTION('',(1.7905535883321E-14,0.906307787036649,-0.422618261740701));
#15042=DIRECTION('',(-1.,1.9756572920847E-14,0.));
#15043=DIRECTION('',(-0.389281620635025,0.389281620635033,0.834817129478984));
#15044=DIRECTION('',(-1.,0.,0.));
#15045=DIRECTION('',(-0.906307787036649,0.,-0.422618261740701));
#15046=DIRECTION('',(0.,-1.,0.));
#15047=DIRECTION('',(0.,-1.,0.));
#15048=DIRECTION('',(1.,0.,0.));
#15049=DIRECTION('',(-1.,0.,0.));
#15050=DIRECTION('',(0.,0.,-1.));
#15051=DIRECTION('',(0.,-1.,0.));
#15052=DIRECTION('',(1.,0.,0.));
#15053=DIRECTION('',(-1.,0.,0.));
#15054=DIRECTION('',(0.,-1.,0.));
#15055=DIRECTION('',(0.,0.,-1.));
#15056=DIRECTION('',(0.,-1.,0.));
#15057=DIRECTION('',(-1.,0.,0.));
#15058=DIRECTION('',(1.,0.,0.));
#15059=DIRECTION('',(0.,1.,0.));
#15060=DIRECTION('',(0.,0.90630778703665,-0.422618261740699));
#15061=DIRECTION('',(-1.,0.,0.));
#15062=DIRECTION('',(0.389281620635025,0.389281620635025,0.834817129478988));
#15063=DIRECTION('',(-1.,0.,0.));
#15064=DIRECTION('',(-0.389281620635025,0.389281620635025,0.834817129478988));
#15065=DIRECTION('',(-1.,0.,0.));
#15066=DIRECTION('',(-0.90630778703665,0.,-0.422618261740699));
#15067=DIRECTION('',(0.,-1.,0.));
#15068=DIRECTION('',(0.389281620635024,0.389281620635031,-0.834817129478985));
#15069=DIRECTION('',(0.,-1.,0.));
#15070=DIRECTION('',(0.90630778703665,0.,-0.422618261740699));
#15071=DIRECTION('',(0.,1.,0.));
#15072=DIRECTION('',(0.,1.,0.));
#15073=DIRECTION('',(0.389281620635026,-0.389281620635018,0.83481712947899));
#15074=DIRECTION('',(1.79055358833211E-14,-0.90630778703665,-0.422618261740699));
#15075=DIRECTION('',(1.,1.9756572920847E-14,0.));
#15076=DIRECTION('',(1.,0.,0.));
#15077=DIRECTION('',(1.,1.9756572920847E-14,0.));
#15078=DIRECTION('',(1.,0.,0.));
#15079=DIRECTION('',(0.,1.,0.));
#15080=DIRECTION('',(0.,0.,1.));
#15081=DIRECTION('',(0.,1.,0.));
#15082=DIRECTION('',(0.,0.,1.));
#15083=DIRECTION('',(0.,-1.,0.));
#15084=DIRECTION('',(1.9756572920847E-14,-1.,0.));
#15085=DIRECTION('',(1.,1.9756572920847E-14,0.));
#15086=DIRECTION('',(0.,0.,1.));
#15087=DIRECTION('',(0.,0.,1.));
#15088=DIRECTION('',(-1.,-1.9756572920847E-14,0.));
#15089=DIRECTION('',(-1.,0.,0.));
#15090=DIRECTION('',(0.,-1.,0.));
#15091=DIRECTION('',(0.,0.,1.));
#15092=DIRECTION('',(0.,1.,0.));
#15093=DIRECTION('',(0.,1.,0.));
#15094=DIRECTION('',(-1.,0.,0.));
#15095=DIRECTION('',(0.,0.,1.));
#15096=DIRECTION('',(1.,0.,0.));
#15097=DIRECTION('',(1.,0.,0.));
#15098=DIRECTION('',(0.,1.,0.));
#15099=DIRECTION('',(0.,-1.,0.));
#15100=DIRECTION('',(0.906307787036649,0.,-0.422618261740701));
#15101=DIRECTION('',(0.,1.,0.));
#15102=DIRECTION('',(-0.389281620635026,0.389281620635026,-0.834817129478986));
#15103=DIRECTION('',(0.389281620635028,0.389281620635019,0.834817129478989));
#15104=DIRECTION('',(0.,-0.906307787036649,-0.422618261740701));
#15105=DIRECTION('',(1.,0.,0.));
#15106=DIRECTION('',(-0.389281620635026,-0.389281620635026,0.834817129478986));
#15107=DIRECTION('',(1.,0.,0.));
#15108=DIRECTION('',(1.,0.,0.));
#15109=DIRECTION('',(1.9756572920847E-14,1.,0.));
#15110=DIRECTION('',(-1.,1.9756572920847E-14,0.));
#15111=DIRECTION('',(-1.,1.9756572920847E-14,0.));
#15112=DIRECTION('',(0.,0.,1.));
#15113=DIRECTION('',(1.,-1.9756572920847E-14,0.));
#15114=DIRECTION('',(-1.,0.,0.));
#15115=DIRECTION('',(0.,-1.,0.));
#15116=DIRECTION('',(0.,-1.,0.));
#15117=DIRECTION('',(0.,0.,1.));
#15118=DIRECTION('',(0.,1.,0.));
#15119=DIRECTION('',(1.7905535883321E-14,0.906307787036649,-0.422618261740701));
#15120=DIRECTION('',(-1.,1.9756572920847E-14,0.));
#15121=DIRECTION('',(-0.389281620635025,0.389281620635033,0.834817129478984));
#15122=DIRECTION('',(-1.,0.,0.));
#15123=DIRECTION('',(-0.906307787036649,0.,-0.422618261740701));
#15124=DIRECTION('',(0.,-1.,0.));
#15125=DIRECTION('',(0.,-1.,0.));
#15126=DIRECTION('',(1.,0.,0.));
#15127=DIRECTION('',(-1.,0.,0.));
#15128=DIRECTION('',(0.,0.,-1.));
#15129=DIRECTION('',(0.,-1.,0.));
#15130=DIRECTION('',(-1.,0.,0.));
#15131=DIRECTION('',(1.,0.,0.));
#15132=DIRECTION('',(0.,1.,0.));
#15133=DIRECTION('',(0.,0.,-1.));
#15134=DIRECTION('',(0.,-1.,0.));
#15135=DIRECTION('',(1.,0.,0.));
#15136=DIRECTION('',(-1.,0.,0.));
#15137=DIRECTION('',(0.,-1.,0.));
#15138=DIRECTION('',(0.,0.,1.));
#15139=DIRECTION('',(0.,1.,0.));
#15140=DIRECTION('',(0.,1.,0.));
#15141=DIRECTION('',(1.,0.,0.));
#15142=DIRECTION('',(0.,1.,0.));
#15143=DIRECTION('',(-1.,0.,0.));
#15144=DIRECTION('',(-1.,0.,0.));
#15145=DIRECTION('',(0.,-1.,0.));
#15146=DIRECTION('',(0.,0.,1.));
#15147=DIRECTION('',(0.,0.,-1.));
#15148=DIRECTION('',(0.,0.,-1.));
#15149=DIRECTION('',(0.,-1.,0.));
#15150=DIRECTION('',(0.,0.,-1.));
#15151=DIRECTION('',(0.,0.,-1.));
#15152=DIRECTION('',(0.,-1.,0.));
#15153=DIRECTION('',(0.,0.,-1.));
#15154=DIRECTION('',(0.,0.,1.));
#15155=DIRECTION('',(-1.,0.,0.));
#15156=DIRECTION('',(0.,0.,1.));
#15157=DIRECTION('',(0.,1.,0.));
#15158=DIRECTION('',(0.,0.,1.));
#15159=DIRECTION('',(-1.,0.,0.));
#15160=DIRECTION('',(0.,1.,0.));
#15161=DIRECTION('',(0.,0.,-1.));
#15162=DIRECTION('',(0.,1.,0.));
#15163=DIRECTION('',(0.,0.,-1.));
#15164=DIRECTION('',(0.,1.,0.));
#15165=DIRECTION('',(0.,0.,-1.));
#15166=DIRECTION('',(0.,1.,0.));
#15167=DIRECTION('',(0.,0.,-1.));
#15168=DIRECTION('',(0.,-1.,0.));
#15169=DIRECTION('',(1.,-1.9756572920847E-14,0.));
#15170=DIRECTION('',(0.,1.,0.));
#15171=DIRECTION('',(-1.,0.,0.));
#15172=DIRECTION('',(0.,-1.,0.));
#15173=DIRECTION('',(0.,1.,0.));
#15174=DIRECTION('',(-1.,-1.9756572920847E-14,0.));
#15175=DIRECTION('',(0.,-1.,0.));
#15176=DIRECTION('',(1.,0.,0.));
#15177=DIRECTION('',(0.,0.,-1.));
#15178=DIRECTION('',(0.,-1.,0.));
#15179=DIRECTION('',(0.,0.,-1.));
#15180=DIRECTION('',(1.,0.,0.));
#15181=DIRECTION('',(0.,1.,0.));
#15182=DIRECTION('',(0.,0.,1.));
#15183=DIRECTION('',(2.040851148208E-16,1.,0.));
#15184=DIRECTION('',(-1.,2.040851148208E-16,0.));
#15185=DIRECTION('',(0.,0.,1.));
#15186=DIRECTION('',(0.,0.,1.));
#15187=DIRECTION('',(-0.707106781186551,0.707106781186545,0.));
#15188=DIRECTION('',(0.,0.,1.));
#15189=DIRECTION('',(-0.707106781186544,-0.707106781186551,0.));
#15190=DIRECTION('',(0.,0.,1.));
#15191=DIRECTION('',(0.,0.,1.));
#15192=DIRECTION('',(0.,1.,0.));
#15193=DIRECTION('',(1.9756572920847E-14,-1.,0.));
#15194=DIRECTION('',(1.,1.9756572920847E-14,0.));
#15195=DIRECTION('',(0.,0.,1.));
#15196=DIRECTION('',(1.,1.9756572920847E-14,0.));
#15197=DIRECTION('',(0.,0.,1.));
#15198=DIRECTION('',(-1.,0.,0.));
#15199=DIRECTION('',(0.,-1.,0.));
#15200=DIRECTION('',(0.,0.,1.));
#15201=DIRECTION('',(0.,-1.,0.));
#15202=DIRECTION('',(0.,1.,0.));
#15203=DIRECTION('',(-1.,0.,0.));
#15204=DIRECTION('',(0.,0.,1.));
#15205=DIRECTION('',(-1.,0.,0.));
#15206=DIRECTION('',(1.,0.,0.));
#15207=DIRECTION('',(0.,1.,0.));
#15208=DIRECTION('',(0.,1.,0.));
#15209=DIRECTION('',(-1.,0.,0.));
#15210=DIRECTION('',(0.,-1.,0.));
#15211=DIRECTION('',(0.,0.,1.));
#15212=DIRECTION('',(0.,-1.,0.));
#15213=DIRECTION('',(0.,0.,1.));
#15214=DIRECTION('',(1.9756572920847E-14,1.,0.));
#15215=DIRECTION('',(-1.,1.9756572920847E-14,0.));
#15216=DIRECTION('',(0.,0.,1.));
#15217=DIRECTION('',(-1.,1.9756572920847E-14,0.));
#15218=DIRECTION('',(1.,0.,0.));
#15219=DIRECTION('',(0.,1.,0.));
#15220=DIRECTION('',(0.,0.,1.));
#15221=DIRECTION('',(0.,1.,0.));
#15222=DIRECTION('',(0.,-1.,0.));
#15223=DIRECTION('',(1.,0.,0.));
#15224=DIRECTION('',(1.,0.,0.));
#15225=DIRECTION('',(0.,0.,-1.));
#15226=DIRECTION('',(0.,-1.,0.));
#15227=DIRECTION('',(1.,0.,0.));
#15228=DIRECTION('',(0.,1.,0.));
#15229=DIRECTION('',(-1.,0.,0.));
#15230=DIRECTION('',(0.,-1.,0.));
#15231=DIRECTION('',(-1.,0.,0.));
#15232=DIRECTION('',(0.,-1.,0.));
#15233=DIRECTION('',(0.,0.,1.));
#15234=DIRECTION('',(0.,0.,1.));
#15235=DIRECTION('',(0.,1.,0.));
#15236=DIRECTION('',(-1.,0.,0.));
#15237=DIRECTION('',(0.,0.,1.));
#15238=DIRECTION('',(-1.,0.,0.));
#15239=DIRECTION('',(1.,0.,0.));
#15240=DIRECTION('',(0.,1.,0.));
#15241=DIRECTION('',(0.,0.,1.));
#15242=DIRECTION('',(0.,-1.,0.));
#15243=DIRECTION('',(1.,0.,0.));
#15244=DIRECTION('',(1.,0.,0.));
#15245=DIRECTION('',(0.,0.,-1.));
#15246=DIRECTION('',(0.,-1.,0.));
#15247=DIRECTION('',(1.,0.,0.));
#15248=DIRECTION('',(0.,1.,0.));
#15249=DIRECTION('',(-1.,0.,0.));
#15250=DIRECTION('',(0.,-1.,0.));
#15251=DIRECTION('',(0.,-1.,0.));
#15252=DIRECTION('',(1.,0.,0.));
#15253=DIRECTION('',(1.,0.,0.));
#15254=DIRECTION('',(0.,0.,1.));
#15255=DIRECTION('',(0.,0.,1.));
#15256=DIRECTION('',(-1.,0.,0.));
#15257=DIRECTION('',(0.,-1.,0.));
#15258=DIRECTION('',(0.,0.,1.));
#15259=DIRECTION('',(0.,1.,0.));
#15260=DIRECTION('',(-1.,0.,0.));
#15261=DIRECTION('',(0.,0.,1.));
#15262=DIRECTION('',(-1.,0.,0.));
#15263=DIRECTION('',(1.,0.,0.));
#15264=DIRECTION('',(0.,1.,0.));
#15265=DIRECTION('',(1.,0.,0.));
#15266=DIRECTION('',(0.,1.,0.));
#15267=DIRECTION('',(0.,0.,1.));
#15268=DIRECTION('',(0.,1.,0.));
#15269=DIRECTION('',(0.,0.,1.));
#15270=DIRECTION('',(0.,-1.,0.));
#15271=DIRECTION('',(1.,0.,0.));
#15272=DIRECTION('',(1.,0.,0.));
#15273=DIRECTION('',(0.,0.,1.));
#15274=DIRECTION('',(-1.,0.,0.));
#15275=DIRECTION('',(0.,-1.,0.));
#15276=DIRECTION('',(0.,-1.,0.));
#15277=DIRECTION('',(0.,0.,1.));
#15278=DIRECTION('',(0.,1.,0.));
#15279=DIRECTION('',(-1.,0.,0.));
#15280=DIRECTION('',(-1.,0.,0.));
#15281=DIRECTION('',(0.,0.,-1.));
#15282=DIRECTION('',(0.,-1.,0.));
#15283=DIRECTION('',(-1.,0.,0.));
#15284=DIRECTION('',(0.,-1.,0.));
#15285=DIRECTION('',(0.,0.,-1.));
#15286=DIRECTION('',(0.,0.,-1.));
#15287=DIRECTION('',(0.,-1.,0.));
#15288=DIRECTION('',(1.,0.,0.));
#15289=DIRECTION('',(-1.,0.,0.));
#15290=DIRECTION('',(0.,-1.,0.));
#15291=DIRECTION('',(1.,0.,0.));
#15292=DIRECTION('',(0.,1.,0.));
#15293=DIRECTION('',(-1.,0.,0.));
#15294=DIRECTION('',(0.,1.,0.));
#15295=DIRECTION('',(-1.,0.,0.));
#15296=DIRECTION('',(1.,0.,0.));
#15297=DIRECTION('',(0.,0.,1.));
#15298=DIRECTION('',(0.,1.,0.));
#15299=DIRECTION('',(0.,1.,0.));
#15300=DIRECTION('',(0.,1.,0.));
#15301=DIRECTION('',(-1.,0.,0.));
#15302=DIRECTION('',(0.,0.,1.));
#15303=DIRECTION('',(0.,-1.,0.));
#15304=DIRECTION('',(0.,0.,-1.));
#15305=DIRECTION('',(0.,-1.,0.));
#15306=DIRECTION('',(0.,0.,-1.));
#15307=DIRECTION('',(0.,-1.,0.));
#15308=DIRECTION('',(0.,0.,-1.));
#15309=DIRECTION('',(1.,0.,0.));
#15310=DIRECTION('',(0.,0.,1.));
#15311=DIRECTION('',(0.,1.,0.));
#15312=DIRECTION('',(0.,0.,1.));
#15313=DIRECTION('',(0.,1.,0.));
#15314=DIRECTION('',(0.,0.,1.));
#15315=DIRECTION('',(0.,1.,0.));
#15316=DIRECTION('',(0.,0.,1.));
#15317=DIRECTION('',(0.,1.,0.));
#15318=DIRECTION('',(0.,0.,1.));
#15319=DIRECTION('',(0.,1.,0.));
#15320=DIRECTION('',(0.,0.,1.));
#15321=DIRECTION('',(0.,1.,0.));
#15322=DIRECTION('',(0.,0.,1.));
#15323=DIRECTION('',(-1.,0.,0.));
#15324=DIRECTION('',(0.,0.,1.));
#15325=DIRECTION('',(0.,1.,0.));
#15326=DIRECTION('',(0.,0.,1.));
#15327=DIRECTION('',(0.,1.,0.));
#15328=DIRECTION('',(0.,0.,1.));
#15329=DIRECTION('',(0.,1.,0.));
#15330=DIRECTION('',(0.,0.90630778703665,-0.422618261740699));
#15331=DIRECTION('',(-1.,0.,0.));
#15332=DIRECTION('',(0.389281620635025,0.389281620635025,0.834817129478988));
#15333=DIRECTION('',(-0.389281620635025,0.389281620635025,0.834817129478988));
#15334=DIRECTION('',(-0.90630778703665,0.,-0.422618261740699));
#15335=DIRECTION('',(0.,-1.,0.));
#15336=DIRECTION('',(0.389281620635024,0.389281620635031,-0.834817129478985));
#15337=DIRECTION('',(0.90630778703665,0.,-0.422618261740699));
#15338=DIRECTION('',(0.,1.,0.));
#15339=DIRECTION('',(0.389281620635026,-0.389281620635018,0.83481712947899));
#15340=DIRECTION('',(1.79055358833211E-14,-0.90630778703665,-0.422618261740699));
#15341=DIRECTION('',(1.,1.9756572920847E-14,0.));
#15342=DIRECTION('',(-0.906307787036649,0.,-0.422618261740701));
#15343=DIRECTION('',(0.,-1.,0.));
#15344=DIRECTION('',(-0.389281620635025,0.389281620635033,0.834817129478984));
#15345=DIRECTION('',(-0.389281620635026,-0.389281620635026,0.834817129478986));
#15346=DIRECTION('',(0.,-0.906307787036649,-0.422618261740701));
#15347=DIRECTION('',(1.,0.,0.));
#15348=DIRECTION('',(-0.389281620635026,0.389281620635026,-0.834817129478986));
#15349=DIRECTION('',(1.7905535883321E-14,0.906307787036649,-0.422618261740701));
#15350=DIRECTION('',(-1.,1.9756572920847E-14,0.));
#15351=DIRECTION('',(0.389281620635028,0.389281620635019,0.834817129478989));
#15352=DIRECTION('',(0.906307787036649,0.,-0.422618261740701));
#15353=DIRECTION('',(0.,1.,0.));
#15354=DIRECTION('',(0.,0.,1.));
#15355=DIRECTION('',(-1.,0.,0.));
#15356=DIRECTION('',(0.,0.,1.));
#15357=DIRECTION('',(-1.,0.,0.));
#15358=DIRECTION('',(0.,0.,1.));
#15359=DIRECTION('',(1.,0.,0.));
#15360=DIRECTION('',(0.,0.,1.));
#15361=DIRECTION('',(0.,1.,0.));
#15362=DIRECTION('',(0.,0.,-1.));
#15363=DIRECTION('',(0.,-1.,0.));
#15364=DIRECTION('',(0.,0.,1.));
#15365=DIRECTION('',(0.,0.,-1.));
#15366=DIRECTION('',(-1.,0.,0.));
#15367=DIRECTION('',(0.,0.,1.));
#15368=DIRECTION('',(3.18882991907501E-17,-1.,0.));
#15369=DIRECTION('',(1.,3.18882991907501E-17,0.));
#15370=DIRECTION('',(-1.,-3.18882991907501E-17,0.));
#15371=DIRECTION('',(1.,3.18882991907501E-17,0.));
#15372=DIRECTION('',(0.,0.,1.));
#15373=DIRECTION('',(0.,0.,1.));
#15374=DIRECTION('',(0.,1.,0.));
#15375=DIRECTION('',(0.,0.,-1.));
#15376=DIRECTION('',(0.,-1.,0.));
#15377=DIRECTION('',(0.,0.,1.));
#15378=DIRECTION('',(0.,0.,-1.));
#15379=DIRECTION('',(-1.,0.,0.));
#15380=DIRECTION('',(0.,0.,1.));
#15381=DIRECTION('',(0.,1.,0.));
#15382=DIRECTION('',(0.,0.,-1.));
#15383=DIRECTION('',(0.,-1.,0.));
#15384=DIRECTION('',(0.,0.,1.));
#15385=DIRECTION('',(0.,0.,-1.));
#15386=DIRECTION('',(-1.,0.,0.));
#15387=DIRECTION('',(0.,0.,1.));
#15388=DIRECTION('',(-1.,0.,0.));
#15389=DIRECTION('',(0.,-1.,0.));
#15390=DIRECTION('',(0.,-1.,0.));
#15391=DIRECTION('',(0.,-1.,0.));
#15392=DIRECTION('',(1.,0.,0.));
#15393=DIRECTION('',(0.,1.,0.));
#15394=DIRECTION('',(0.,-1.,0.));
#15395=DIRECTION('',(0.,1.,0.));
#15396=DIRECTION('',(0.,0.,1.));
#15397=DIRECTION('',(0.,1.,0.));
#15398=DIRECTION('',(-1.,0.,0.));
#15399=DIRECTION('',(-1.,0.,0.));
#15400=DIRECTION('',(1.,0.,0.));
#15401=DIRECTION('',(0.,0.,1.));
#15402=DIRECTION('',(0.,0.,-1.));
#15403=DIRECTION('',(0.,-1.,0.));
#15404=DIRECTION('',(0.,0.,-1.));
#15405=DIRECTION('',(0.,-1.,0.));
#15406=DIRECTION('',(0.,0.,1.));
#15407=DIRECTION('',(0.,1.,0.));
#15408=DIRECTION('',(0.,0.,-1.));
#15409=DIRECTION('',(-1.,0.,0.));
#15410=DIRECTION('',(0.,0.,-1.));
#15411=DIRECTION('',(0.,-1.,0.));
#15412=DIRECTION('',(0.,-1.,0.));
#15413=DIRECTION('',(1.,1.020425574104E-15,0.));
#15414=DIRECTION('',(0.,1.,0.));
#15415=DIRECTION('',(-1.,0.,0.));
#15416=DIRECTION('',(-1.,0.,0.));
#15417=DIRECTION('',(0.,-1.,0.));
#15418=DIRECTION('',(1.,0.,0.));
#15419=DIRECTION('',(0.,1.,0.));
#15420=DIRECTION('',(0.,-1.,0.));
#15421=DIRECTION('',(1.,1.020425574104E-15,0.));
#15422=DIRECTION('',(0.,1.,0.));
#15423=DIRECTION('',(-1.,0.,0.));
#15424=DIRECTION('',(-1.,0.,0.));
#15425=DIRECTION('',(0.,-1.,0.));
#15426=DIRECTION('',(1.,0.,0.));
#15427=DIRECTION('',(0.,1.,0.));
#15428=DIRECTION('',(0.,-1.,0.));
#15429=DIRECTION('',(1.,1.020425574104E-15,0.));
#15430=DIRECTION('',(0.,1.,0.));
#15431=DIRECTION('',(-1.,0.,0.));
#15432=DIRECTION('',(-1.,0.,0.));
#15433=DIRECTION('',(0.,-1.,0.));
#15434=DIRECTION('',(1.,0.,0.));
#15435=DIRECTION('',(0.,1.,0.));
#15436=DIRECTION('',(0.,-1.,0.));
#15437=DIRECTION('',(1.,1.020425574104E-15,0.));
#15438=DIRECTION('',(0.,1.,0.));
#15439=DIRECTION('',(-1.,0.,0.));
#15440=DIRECTION('',(-1.,0.,0.));
#15441=DIRECTION('',(0.,-1.,0.));
#15442=DIRECTION('',(1.,0.,0.));
#15443=DIRECTION('',(0.,1.,0.));
#15444=DIRECTION('',(0.,-1.,0.));
#15445=DIRECTION('',(1.,1.020425574104E-15,0.));
#15446=DIRECTION('',(0.,1.,0.));
#15447=DIRECTION('',(-1.,0.,0.));
#15448=DIRECTION('',(-1.,0.,0.));
#15449=DIRECTION('',(0.,-1.,0.));
#15450=DIRECTION('',(1.,0.,0.));
#15451=DIRECTION('',(0.,1.,0.));
#15452=DIRECTION('',(0.,-1.,0.));
#15453=DIRECTION('',(1.,1.020425574104E-15,0.));
#15454=DIRECTION('',(0.,1.,0.));
#15455=DIRECTION('',(-1.,0.,0.));
#15456=DIRECTION('',(-1.,0.,0.));
#15457=DIRECTION('',(0.,-1.,0.));
#15458=DIRECTION('',(1.,0.,0.));
#15459=DIRECTION('',(0.,1.,0.));
#15460=DIRECTION('',(0.,-1.,0.));
#15461=DIRECTION('',(1.,1.020425574104E-15,0.));
#15462=DIRECTION('',(0.,1.,0.));
#15463=DIRECTION('',(-1.,0.,0.));
#15464=DIRECTION('',(-1.,0.,0.));
#15465=DIRECTION('',(0.,-1.,0.));
#15466=DIRECTION('',(1.,0.,0.));
#15467=DIRECTION('',(0.,1.,0.));
#15468=DIRECTION('',(-1.,-7.88510670898549E-17,0.));
#15469=DIRECTION('',(0.,0.,-1.));
#15470=DIRECTION('',(0.,-1.,0.));
#15471=DIRECTION('',(0.,1.,0.));
#15472=DIRECTION('',(0.,0.,-1.));
#15473=DIRECTION('',(0.,-1.,0.));
#15474=DIRECTION('',(1.,7.88510670898549E-17,0.));
#15475=DIRECTION('',(0.,0.,-1.));
#15476=DIRECTION('',(-1.,0.,0.));
#15477=DIRECTION('',(0.,-1.,0.));
#15478=DIRECTION('',(0.,0.,-1.));
#15479=DIRECTION('',(0.,-1.,0.));
#15480=DIRECTION('',(-1.,0.,0.));
#15481=DIRECTION('',(0.,-1.,0.));
#15482=DIRECTION('',(1.,0.,0.));
#15483=DIRECTION('',(0.,1.,0.));
#15484=DIRECTION('',(0.,-1.,0.));
#15485=DIRECTION('',(1.,1.020425574104E-15,0.));
#15486=DIRECTION('',(0.,1.,0.));
#15487=DIRECTION('',(-1.,0.,0.));
#15488=DIRECTION('',(0.,-1.,0.));
#15489=DIRECTION('',(0.,0.,-1.));
#15490=DIRECTION('',(0.,-1.,0.));
#15491=DIRECTION('',(1.,3.18882991907501E-17,0.));
#15492=DIRECTION('',(0.,0.,-1.));
#15493=DIRECTION('',(0.,-1.,0.));
#15494=DIRECTION('',(0.,1.,0.));
#15495=DIRECTION('',(0.,0.,-1.));
#15496=DIRECTION('',(0.,-1.,0.));
#15497=DIRECTION('',(1.,-3.18882991907501E-17,0.));
#15498=DIRECTION('',(0.,0.,-1.));
#15499=DIRECTION('',(0.,-1.,0.));
#15500=DIRECTION('',(0.,1.,0.));
#15501=DIRECTION('',(-1.,0.,0.));
#15502=DIRECTION('',(0.,0.,1.));
#15503=DIRECTION('',(1.,0.,0.));
#15504=DIRECTION('',(0.,0.,1.));
#15505=DIRECTION('',(-1.,0.,0.));
#15506=DIRECTION('',(-1.,0.,0.));
#15507=DIRECTION('',(0.,-1.,0.));
#15508=DIRECTION('',(0.,0.,1.));
#15509=DIRECTION('',(0.,0.,1.));
#15510=DIRECTION('',(0.,-1.,0.));
#15511=DIRECTION('',(0.,1.,0.));
#15512=DIRECTION('',(0.,0.,1.));
#15513=DIRECTION('',(0.,-1.,0.));
#15514=DIRECTION('',(0.,1.,0.));
#15515=DIRECTION('',(-1.,0.,0.));
#15516=DIRECTION('',(0.,0.,1.));
#15517=DIRECTION('',(-1.,0.,0.));
#15518=DIRECTION('',(1.,0.,0.));
#15519=DIRECTION('',(0.,1.,0.));
#15520=DIRECTION('',(0.,0.,1.));
#15521=DIRECTION('',(0.,1.,0.));
#15522=DIRECTION('',(0.,0.,1.));
#15523=DIRECTION('',(0.,-1.,0.));
#15524=DIRECTION('',(0.,1.,0.));
#15525=DIRECTION('',(1.,0.,0.));
#15526=DIRECTION('',(0.,1.,0.));
#15527=DIRECTION('',(0.,0.,1.));
#15528=DIRECTION('',(0.,0.,1.));
#15529=DIRECTION('',(0.,1.,0.));
#15530=DIRECTION('',(0.,0.,1.));
#15531=DIRECTION('',(0.,-1.,0.));
#15532=DIRECTION('',(0.,0.,1.));
#15533=DIRECTION('',(0.,1.,0.));
#15534=DIRECTION('',(0.,-1.,0.));
#15535=DIRECTION('',(1.,0.,0.));
#15536=DIRECTION('',(0.,0.,1.));
#15537=DIRECTION('',(1.,0.,0.));
#15538=DIRECTION('',(-1.,0.,0.));
#15539=DIRECTION('',(0.,-1.,0.));
#15540=DIRECTION('',(0.,0.,1.));
#15541=DIRECTION('',(0.,-1.,0.));
#15542=DIRECTION('',(0.,0.,1.));
#15543=DIRECTION('',(0.,1.,0.));
#15544=DIRECTION('',(0.,0.,1.));
#15545=DIRECTION('',(0.,-1.,0.));
#15546=DIRECTION('',(-1.020425574104E-15,1.,0.));
#15547=DIRECTION('',(-1.,-1.020425574104E-15,0.));
#15548=DIRECTION('',(-1.,-1.020425574104E-15,0.));
#15549=DIRECTION('',(0.,-1.,0.));
#15550=DIRECTION('',(1.,0.,0.));
#15551=DIRECTION('',(-1.,0.,0.));
#15552=DIRECTION('',(1.,0.,0.));
#15553=DIRECTION('',(0.,0.,1.));
#15554=DIRECTION('',(0.,1.,0.));
#15555=DIRECTION('',(1.,0.,0.));
#15556=DIRECTION('',(0.,0.,-1.));
#15557=DIRECTION('',(0.,-1.,0.));
#15558=DIRECTION('',(0.,0.,-1.));
#15559=DIRECTION('',(0.,-1.,0.));
#15560=DIRECTION('',(1.,0.,0.));
#15561=DIRECTION('',(0.,-1.,0.));
#15562=DIRECTION('',(1.,0.,0.));
#15563=DIRECTION('',(0.,0.,1.));
#15564=DIRECTION('',(0.,1.,0.));
#15565=DIRECTION('',(-1.,0.,0.));
#15566=DIRECTION('',(0.,1.,0.));
#15567=DIRECTION('',(-1.,0.,0.));
#15568=DIRECTION('',(1.,0.,0.));
#15569=DIRECTION('',(0.,-1.,0.));
#15570=DIRECTION('',(1.,0.,0.));
#15571=DIRECTION('',(-1.,0.,0.));
#15572=DIRECTION('',(0.,1.,0.));
#15573=DIRECTION('',(-1.,0.,0.));
#15574=DIRECTION('',(0.,0.,1.));
#15575=DIRECTION('',(1.,0.,0.));
#15576=DIRECTION('',(0.,0.,1.));
#15577=DIRECTION('',(-1.,0.,0.));
#15578=DIRECTION('',(-1.,0.,0.));
#15579=DIRECTION('',(0.,-1.,0.));
#15580=DIRECTION('',(0.,0.,1.));
#15581=DIRECTION('',(0.,0.,1.));
#15582=DIRECTION('',(0.,-1.,0.));
#15583=DIRECTION('',(0.,1.,0.));
#15584=DIRECTION('',(0.,0.,1.));
#15585=DIRECTION('',(0.,-1.,0.));
#15586=DIRECTION('',(0.,1.,0.));
#15587=DIRECTION('',(-1.,0.,0.));
#15588=DIRECTION('',(0.,0.,1.));
#15589=DIRECTION('',(-1.,0.,0.));
#15590=DIRECTION('',(1.,0.,0.));
#15591=DIRECTION('',(0.,1.,0.));
#15592=DIRECTION('',(0.,0.,1.));
#15593=DIRECTION('',(0.,1.,0.));
#15594=DIRECTION('',(0.,0.,1.));
#15595=DIRECTION('',(0.,-1.,0.));
#15596=DIRECTION('',(0.,1.,0.));
#15597=DIRECTION('',(1.,0.,0.));
#15598=DIRECTION('',(0.,1.,0.));
#15599=DIRECTION('',(0.,0.,1.));
#15600=DIRECTION('',(0.,0.,1.));
#15601=DIRECTION('',(0.,1.,0.));
#15602=DIRECTION('',(0.,0.,1.));
#15603=DIRECTION('',(0.,-1.,0.));
#15604=DIRECTION('',(0.,0.,1.));
#15605=DIRECTION('',(0.,1.,0.));
#15606=DIRECTION('',(0.,-1.,0.));
#15607=DIRECTION('',(1.,0.,0.));
#15608=DIRECTION('',(0.,0.,1.));
#15609=DIRECTION('',(1.,0.,0.));
#15610=DIRECTION('',(-1.,0.,0.));
#15611=DIRECTION('',(0.,-1.,0.));
#15612=DIRECTION('',(0.,0.,1.));
#15613=DIRECTION('',(0.,-1.,0.));
#15614=DIRECTION('',(0.,0.,1.));
#15615=DIRECTION('',(0.,1.,0.));
#15616=DIRECTION('',(0.,0.,1.));
#15617=DIRECTION('',(0.,-1.,0.));
#15618=DIRECTION('',(-1.020425574104E-15,1.,0.));
#15619=DIRECTION('',(-1.,-1.020425574104E-15,0.));
#15620=DIRECTION('',(-1.,-1.020425574104E-15,0.));
#15621=DIRECTION('',(0.,-1.,0.));
#15622=DIRECTION('',(1.,0.,0.));
#15623=DIRECTION('',(-1.,0.,0.));
#15624=DIRECTION('',(1.,0.,0.));
#15625=DIRECTION('',(0.,0.,1.));
#15626=DIRECTION('',(0.,1.,0.));
#15627=DIRECTION('',(1.,0.,0.));
#15628=DIRECTION('',(0.,0.,-1.));
#15629=DIRECTION('',(0.,-1.,0.));
#15630=DIRECTION('',(0.,0.,-1.));
#15631=DIRECTION('',(0.,-1.,0.));
#15632=DIRECTION('',(1.,0.,0.));
#15633=DIRECTION('',(0.,-1.,0.));
#15634=DIRECTION('',(1.,0.,0.));
#15635=DIRECTION('',(0.,0.,1.));
#15636=DIRECTION('',(0.,1.,0.));
#15637=DIRECTION('',(-1.,0.,0.));
#15638=DIRECTION('',(0.,1.,0.));
#15639=DIRECTION('',(-1.,0.,0.));
#15640=DIRECTION('',(1.,0.,0.));
#15641=DIRECTION('',(0.,-1.,0.));
#15642=DIRECTION('',(1.,0.,0.));
#15643=DIRECTION('',(-1.,0.,0.));
#15644=DIRECTION('',(0.,1.,0.));
#15645=DIRECTION('',(-1.,0.,0.));
#15646=DIRECTION('',(0.,0.,1.));
#15647=DIRECTION('',(1.,0.,0.));
#15648=DIRECTION('',(0.,0.,1.));
#15649=DIRECTION('',(-1.,0.,0.));
#15650=DIRECTION('',(-1.,0.,0.));
#15651=DIRECTION('',(0.,-1.,0.));
#15652=DIRECTION('',(0.,0.,1.));
#15653=DIRECTION('',(0.,0.,1.));
#15654=DIRECTION('',(0.,-1.,0.));
#15655=DIRECTION('',(0.,1.,0.));
#15656=DIRECTION('',(0.,0.,1.));
#15657=DIRECTION('',(0.,-1.,0.));
#15658=DIRECTION('',(0.,1.,0.));
#15659=DIRECTION('',(-1.,0.,0.));
#15660=DIRECTION('',(0.,0.,1.));
#15661=DIRECTION('',(-1.,0.,0.));
#15662=DIRECTION('',(1.,0.,0.));
#15663=DIRECTION('',(0.,1.,0.));
#15664=DIRECTION('',(0.,0.,1.));
#15665=DIRECTION('',(0.,1.,0.));
#15666=DIRECTION('',(0.,0.,1.));
#15667=DIRECTION('',(0.,-1.,0.));
#15668=DIRECTION('',(0.,1.,0.));
#15669=DIRECTION('',(1.,0.,0.));
#15670=DIRECTION('',(0.,1.,0.));
#15671=DIRECTION('',(0.,0.,1.));
#15672=DIRECTION('',(0.,0.,1.));
#15673=DIRECTION('',(0.,1.,0.));
#15674=DIRECTION('',(0.,0.,1.));
#15675=DIRECTION('',(0.,-1.,0.));
#15676=DIRECTION('',(0.,0.,1.));
#15677=DIRECTION('',(0.,1.,0.));
#15678=DIRECTION('',(0.,-1.,0.));
#15679=DIRECTION('',(1.,0.,0.));
#15680=DIRECTION('',(0.,0.,1.));
#15681=DIRECTION('',(1.,0.,0.));
#15682=DIRECTION('',(-1.,0.,0.));
#15683=DIRECTION('',(0.,-1.,0.));
#15684=DIRECTION('',(0.,0.,1.));
#15685=DIRECTION('',(0.,-1.,0.));
#15686=DIRECTION('',(0.,0.,1.));
#15687=DIRECTION('',(0.,1.,0.));
#15688=DIRECTION('',(0.,0.,1.));
#15689=DIRECTION('',(0.,-1.,0.));
#15690=DIRECTION('',(-1.020425574104E-15,1.,0.));
#15691=DIRECTION('',(-1.,-1.020425574104E-15,0.));
#15692=DIRECTION('',(-1.,-1.020425574104E-15,0.));
#15693=DIRECTION('',(0.,-1.,0.));
#15694=DIRECTION('',(1.,0.,0.));
#15695=DIRECTION('',(-1.,0.,0.));
#15696=DIRECTION('',(1.,0.,0.));
#15697=DIRECTION('',(0.,0.,1.));
#15698=DIRECTION('',(0.,1.,0.));
#15699=DIRECTION('',(1.,0.,0.));
#15700=DIRECTION('',(0.,0.,-1.));
#15701=DIRECTION('',(0.,-1.,0.));
#15702=DIRECTION('',(0.,0.,-1.));
#15703=DIRECTION('',(0.,-1.,0.));
#15704=DIRECTION('',(1.,0.,0.));
#15705=DIRECTION('',(0.,-1.,0.));
#15706=DIRECTION('',(1.,0.,0.));
#15707=DIRECTION('',(0.,0.,1.));
#15708=DIRECTION('',(0.,1.,0.));
#15709=DIRECTION('',(-1.,0.,0.));
#15710=DIRECTION('',(0.,1.,0.));
#15711=DIRECTION('',(-1.,0.,0.));
#15712=DIRECTION('',(1.,0.,0.));
#15713=DIRECTION('',(0.,-1.,0.));
#15714=DIRECTION('',(1.,0.,0.));
#15715=DIRECTION('',(-1.,0.,0.));
#15716=DIRECTION('',(0.,1.,0.));
#15717=DIRECTION('',(-1.,0.,0.));
#15718=DIRECTION('',(0.,0.,1.));
#15719=DIRECTION('',(1.,0.,0.));
#15720=DIRECTION('',(0.,0.,1.));
#15721=DIRECTION('',(-1.,0.,0.));
#15722=DIRECTION('',(-1.,0.,0.));
#15723=DIRECTION('',(0.,-1.,0.));
#15724=DIRECTION('',(0.,0.,1.));
#15725=DIRECTION('',(0.,0.,1.));
#15726=DIRECTION('',(0.,-1.,0.));
#15727=DIRECTION('',(0.,1.,0.));
#15728=DIRECTION('',(0.,0.,1.));
#15729=DIRECTION('',(0.,-1.,0.));
#15730=DIRECTION('',(0.,1.,0.));
#15731=DIRECTION('',(-1.,0.,0.));
#15732=DIRECTION('',(0.,0.,1.));
#15733=DIRECTION('',(-1.,0.,0.));
#15734=DIRECTION('',(1.,0.,0.));
#15735=DIRECTION('',(0.,1.,0.));
#15736=DIRECTION('',(0.,0.,1.));
#15737=DIRECTION('',(0.,1.,0.));
#15738=DIRECTION('',(0.,0.,1.));
#15739=DIRECTION('',(0.,-1.,0.));
#15740=DIRECTION('',(0.,1.,0.));
#15741=DIRECTION('',(1.,0.,0.));
#15742=DIRECTION('',(0.,1.,0.));
#15743=DIRECTION('',(0.,0.,1.));
#15744=DIRECTION('',(0.,0.,1.));
#15745=DIRECTION('',(0.,1.,0.));
#15746=DIRECTION('',(0.,0.,1.));
#15747=DIRECTION('',(0.,-1.,0.));
#15748=DIRECTION('',(0.,0.,1.));
#15749=DIRECTION('',(0.,1.,0.));
#15750=DIRECTION('',(0.,-1.,0.));
#15751=DIRECTION('',(1.,0.,0.));
#15752=DIRECTION('',(0.,0.,1.));
#15753=DIRECTION('',(1.,0.,0.));
#15754=DIRECTION('',(-1.,0.,0.));
#15755=DIRECTION('',(0.,-1.,0.));
#15756=DIRECTION('',(0.,0.,1.));
#15757=DIRECTION('',(0.,-1.,0.));
#15758=DIRECTION('',(0.,0.,1.));
#15759=DIRECTION('',(0.,1.,0.));
#15760=DIRECTION('',(0.,0.,1.));
#15761=DIRECTION('',(0.,-1.,0.));
#15762=DIRECTION('',(-1.020425574104E-15,1.,0.));
#15763=DIRECTION('',(-1.,-1.020425574104E-15,0.));
#15764=DIRECTION('',(-1.,-1.020425574104E-15,0.));
#15765=DIRECTION('',(0.,-1.,0.));
#15766=DIRECTION('',(1.,0.,0.));
#15767=DIRECTION('',(-1.,0.,0.));
#15768=DIRECTION('',(1.,0.,0.));
#15769=DIRECTION('',(0.,0.,1.));
#15770=DIRECTION('',(0.,1.,0.));
#15771=DIRECTION('',(1.,0.,0.));
#15772=DIRECTION('',(0.,0.,-1.));
#15773=DIRECTION('',(0.,-1.,0.));
#15774=DIRECTION('',(0.,0.,-1.));
#15775=DIRECTION('',(0.,-1.,0.));
#15776=DIRECTION('',(1.,0.,0.));
#15777=DIRECTION('',(0.,-1.,0.));
#15778=DIRECTION('',(1.,0.,0.));
#15779=DIRECTION('',(0.,0.,1.));
#15780=DIRECTION('',(0.,1.,0.));
#15781=DIRECTION('',(-1.,0.,0.));
#15782=DIRECTION('',(0.,1.,0.));
#15783=DIRECTION('',(-1.,0.,0.));
#15784=DIRECTION('',(1.,0.,0.));
#15785=DIRECTION('',(0.,-1.,0.));
#15786=DIRECTION('',(1.,0.,0.));
#15787=DIRECTION('',(-1.,0.,0.));
#15788=DIRECTION('',(0.,1.,0.));
#15789=DIRECTION('',(-1.,0.,0.));
#15790=DIRECTION('',(0.,0.,1.));
#15791=DIRECTION('',(1.,0.,0.));
#15792=DIRECTION('',(0.,0.,1.));
#15793=DIRECTION('',(-1.,0.,0.));
#15794=DIRECTION('',(-1.,0.,0.));
#15795=DIRECTION('',(0.,-1.,0.));
#15796=DIRECTION('',(0.,0.,1.));
#15797=DIRECTION('',(0.,0.,1.));
#15798=DIRECTION('',(0.,-1.,0.));
#15799=DIRECTION('',(0.,1.,0.));
#15800=DIRECTION('',(0.,0.,1.));
#15801=DIRECTION('',(0.,-1.,0.));
#15802=DIRECTION('',(0.,1.,0.));
#15803=DIRECTION('',(-1.,0.,0.));
#15804=DIRECTION('',(0.,0.,1.));
#15805=DIRECTION('',(-1.,0.,0.));
#15806=DIRECTION('',(1.,0.,0.));
#15807=DIRECTION('',(0.,1.,0.));
#15808=DIRECTION('',(0.,0.,1.));
#15809=DIRECTION('',(0.,1.,0.));
#15810=DIRECTION('',(0.,0.,1.));
#15811=DIRECTION('',(0.,-1.,0.));
#15812=DIRECTION('',(0.,1.,0.));
#15813=DIRECTION('',(1.,0.,0.));
#15814=DIRECTION('',(0.,1.,0.));
#15815=DIRECTION('',(0.,0.,1.));
#15816=DIRECTION('',(0.,0.,1.));
#15817=DIRECTION('',(0.,1.,0.));
#15818=DIRECTION('',(0.,0.,1.));
#15819=DIRECTION('',(0.,-1.,0.));
#15820=DIRECTION('',(0.,0.,1.));
#15821=DIRECTION('',(0.,1.,0.));
#15822=DIRECTION('',(0.,-1.,0.));
#15823=DIRECTION('',(1.,0.,0.));
#15824=DIRECTION('',(0.,0.,1.));
#15825=DIRECTION('',(1.,0.,0.));
#15826=DIRECTION('',(-1.,0.,0.));
#15827=DIRECTION('',(0.,-1.,0.));
#15828=DIRECTION('',(0.,0.,1.));
#15829=DIRECTION('',(0.,-1.,0.));
#15830=DIRECTION('',(0.,0.,1.));
#15831=DIRECTION('',(0.,1.,0.));
#15832=DIRECTION('',(0.,0.,1.));
#15833=DIRECTION('',(0.,-1.,0.));
#15834=DIRECTION('',(-1.020425574104E-15,1.,0.));
#15835=DIRECTION('',(-1.,-1.020425574104E-15,0.));
#15836=DIRECTION('',(-1.,-1.020425574104E-15,0.));
#15837=DIRECTION('',(0.,-1.,0.));
#15838=DIRECTION('',(1.,0.,0.));
#15839=DIRECTION('',(-1.,0.,0.));
#15840=DIRECTION('',(1.,0.,0.));
#15841=DIRECTION('',(0.,0.,1.));
#15842=DIRECTION('',(0.,1.,0.));
#15843=DIRECTION('',(1.,0.,0.));
#15844=DIRECTION('',(0.,0.,-1.));
#15845=DIRECTION('',(0.,-1.,0.));
#15846=DIRECTION('',(0.,0.,-1.));
#15847=DIRECTION('',(0.,-1.,0.));
#15848=DIRECTION('',(1.,0.,0.));
#15849=DIRECTION('',(0.,-1.,0.));
#15850=DIRECTION('',(1.,0.,0.));
#15851=DIRECTION('',(0.,0.,1.));
#15852=DIRECTION('',(0.,1.,0.));
#15853=DIRECTION('',(-1.,0.,0.));
#15854=DIRECTION('',(0.,1.,0.));
#15855=DIRECTION('',(-1.,0.,0.));
#15856=DIRECTION('',(1.,0.,0.));
#15857=DIRECTION('',(0.,-1.,0.));
#15858=DIRECTION('',(1.,0.,0.));
#15859=DIRECTION('',(-1.,0.,0.));
#15860=DIRECTION('',(0.,1.,0.));
#15861=DIRECTION('',(-1.,0.,0.));
#15862=DIRECTION('',(0.,0.,1.));
#15863=DIRECTION('',(1.,0.,0.));
#15864=DIRECTION('',(0.,0.,1.));
#15865=DIRECTION('',(-1.,0.,0.));
#15866=DIRECTION('',(-1.,0.,0.));
#15867=DIRECTION('',(0.,-1.,0.));
#15868=DIRECTION('',(0.,0.,1.));
#15869=DIRECTION('',(0.,0.,1.));
#15870=DIRECTION('',(0.,-1.,0.));
#15871=DIRECTION('',(0.,1.,0.));
#15872=DIRECTION('',(0.,0.,1.));
#15873=DIRECTION('',(0.,-1.,0.));
#15874=DIRECTION('',(0.,1.,0.));
#15875=DIRECTION('',(-1.,0.,0.));
#15876=DIRECTION('',(0.,0.,1.));
#15877=DIRECTION('',(-1.,0.,0.));
#15878=DIRECTION('',(1.,0.,0.));
#15879=DIRECTION('',(0.,1.,0.));
#15880=DIRECTION('',(0.,0.,1.));
#15881=DIRECTION('',(0.,1.,0.));
#15882=DIRECTION('',(0.,0.,1.));
#15883=DIRECTION('',(0.,-1.,0.));
#15884=DIRECTION('',(0.,1.,0.));
#15885=DIRECTION('',(1.,0.,0.));
#15886=DIRECTION('',(0.,1.,0.));
#15887=DIRECTION('',(0.,0.,1.));
#15888=DIRECTION('',(0.,0.,1.));
#15889=DIRECTION('',(0.,1.,0.));
#15890=DIRECTION('',(0.,0.,1.));
#15891=DIRECTION('',(0.,-1.,0.));
#15892=DIRECTION('',(0.,0.,1.));
#15893=DIRECTION('',(0.,1.,0.));
#15894=DIRECTION('',(0.,-1.,0.));
#15895=DIRECTION('',(1.,0.,0.));
#15896=DIRECTION('',(0.,0.,1.));
#15897=DIRECTION('',(1.,0.,0.));
#15898=DIRECTION('',(-1.,0.,0.));
#15899=DIRECTION('',(0.,-1.,0.));
#15900=DIRECTION('',(0.,0.,1.));
#15901=DIRECTION('',(0.,-1.,0.));
#15902=DIRECTION('',(0.,0.,1.));
#15903=DIRECTION('',(0.,1.,0.));
#15904=DIRECTION('',(0.,0.,1.));
#15905=DIRECTION('',(0.,-1.,0.));
#15906=DIRECTION('',(-1.020425574104E-15,1.,0.));
#15907=DIRECTION('',(-1.,-1.020425574104E-15,0.));
#15908=DIRECTION('',(-1.,-1.020425574104E-15,0.));
#15909=DIRECTION('',(0.,-1.,0.));
#15910=DIRECTION('',(1.,0.,0.));
#15911=DIRECTION('',(-1.,0.,0.));
#15912=DIRECTION('',(1.,0.,0.));
#15913=DIRECTION('',(0.,0.,1.));
#15914=DIRECTION('',(0.,1.,0.));
#15915=DIRECTION('',(1.,0.,0.));
#15916=DIRECTION('',(0.,0.,-1.));
#15917=DIRECTION('',(0.,-1.,0.));
#15918=DIRECTION('',(0.,0.,-1.));
#15919=DIRECTION('',(0.,-1.,0.));
#15920=DIRECTION('',(1.,0.,0.));
#15921=DIRECTION('',(0.,-1.,0.));
#15922=DIRECTION('',(1.,0.,0.));
#15923=DIRECTION('',(0.,0.,1.));
#15924=DIRECTION('',(0.,1.,0.));
#15925=DIRECTION('',(-1.,0.,0.));
#15926=DIRECTION('',(0.,1.,0.));
#15927=DIRECTION('',(-1.,0.,0.));
#15928=DIRECTION('',(1.,0.,0.));
#15929=DIRECTION('',(0.,-1.,0.));
#15930=DIRECTION('',(1.,0.,0.));
#15931=DIRECTION('',(-1.,0.,0.));
#15932=DIRECTION('',(0.,1.,0.));
#15933=DIRECTION('',(-1.,0.,0.));
#15934=DIRECTION('',(0.,0.,1.));
#15935=DIRECTION('',(1.,0.,0.));
#15936=DIRECTION('',(0.,0.,1.));
#15937=DIRECTION('',(-1.,0.,0.));
#15938=DIRECTION('',(-1.,0.,0.));
#15939=DIRECTION('',(0.,-1.,0.));
#15940=DIRECTION('',(0.,0.,1.));
#15941=DIRECTION('',(0.,0.,1.));
#15942=DIRECTION('',(0.,-1.,0.));
#15943=DIRECTION('',(0.,1.,0.));
#15944=DIRECTION('',(0.,0.,1.));
#15945=DIRECTION('',(0.,-1.,0.));
#15946=DIRECTION('',(0.,1.,0.));
#15947=DIRECTION('',(-1.,0.,0.));
#15948=DIRECTION('',(0.,0.,1.));
#15949=DIRECTION('',(-1.,0.,0.));
#15950=DIRECTION('',(1.,0.,0.));
#15951=DIRECTION('',(0.,1.,0.));
#15952=DIRECTION('',(0.,0.,1.));
#15953=DIRECTION('',(0.,1.,0.));
#15954=DIRECTION('',(0.,0.,1.));
#15955=DIRECTION('',(0.,-1.,0.));
#15956=DIRECTION('',(0.,1.,0.));
#15957=DIRECTION('',(1.,0.,0.));
#15958=DIRECTION('',(0.,1.,0.));
#15959=DIRECTION('',(0.,0.,1.));
#15960=DIRECTION('',(0.,0.,1.));
#15961=DIRECTION('',(0.,1.,0.));
#15962=DIRECTION('',(0.,0.,1.));
#15963=DIRECTION('',(0.,-1.,0.));
#15964=DIRECTION('',(0.,0.,1.));
#15965=DIRECTION('',(0.,1.,0.));
#15966=DIRECTION('',(0.,-1.,0.));
#15967=DIRECTION('',(1.,0.,0.));
#15968=DIRECTION('',(0.,0.,1.));
#15969=DIRECTION('',(1.,0.,0.));
#15970=DIRECTION('',(-1.,0.,0.));
#15971=DIRECTION('',(0.,-1.,0.));
#15972=DIRECTION('',(0.,0.,1.));
#15973=DIRECTION('',(0.,-1.,0.));
#15974=DIRECTION('',(0.,0.,1.));
#15975=DIRECTION('',(0.,1.,0.));
#15976=DIRECTION('',(0.,0.,1.));
#15977=DIRECTION('',(0.,-1.,0.));
#15978=DIRECTION('',(-1.020425574104E-15,1.,0.));
#15979=DIRECTION('',(-1.,-1.020425574104E-15,0.));
#15980=DIRECTION('',(-1.,-1.020425574104E-15,0.));
#15981=DIRECTION('',(0.,-1.,0.));
#15982=DIRECTION('',(1.,0.,0.));
#15983=DIRECTION('',(-1.,0.,0.));
#15984=DIRECTION('',(1.,0.,0.));
#15985=DIRECTION('',(0.,0.,1.));
#15986=DIRECTION('',(0.,1.,0.));
#15987=DIRECTION('',(1.,0.,0.));
#15988=DIRECTION('',(0.,0.,-1.));
#15989=DIRECTION('',(0.,-1.,0.));
#15990=DIRECTION('',(0.,0.,-1.));
#15991=DIRECTION('',(0.,-1.,0.));
#15992=DIRECTION('',(1.,0.,0.));
#15993=DIRECTION('',(0.,-1.,0.));
#15994=DIRECTION('',(1.,0.,0.));
#15995=DIRECTION('',(0.,0.,1.));
#15996=DIRECTION('',(0.,1.,0.));
#15997=DIRECTION('',(-1.,0.,0.));
#15998=DIRECTION('',(0.,1.,0.));
#15999=DIRECTION('',(-1.,0.,0.));
#16000=DIRECTION('',(1.,0.,0.));
#16001=DIRECTION('',(0.,-1.,0.));
#16002=DIRECTION('',(1.,0.,0.));
#16003=DIRECTION('',(-1.,0.,0.));
#16004=DIRECTION('',(-7.88510670898549E-17,1.,0.));
#16005=DIRECTION('',(-1.,-7.88510670898549E-17,0.));
#16006=DIRECTION('',(1.,7.88510670898549E-17,1.45093336704162E-15));
#16007=DIRECTION('',(0.,0.,-1.));
#16008=DIRECTION('',(0.,0.,-1.));
#16009=DIRECTION('',(-1.,-7.88510670898549E-17,0.));
#16010=DIRECTION('',(0.,0.,1.));
#16011=DIRECTION('',(1.,7.88510670898549E-17,0.));
#16012=DIRECTION('',(0.,0.,1.));
#16013=DIRECTION('',(-1.,0.,0.));
#16014=DIRECTION('',(0.,-1.,0.));
#16015=DIRECTION('',(0.,0.,-1.));
#16016=DIRECTION('',(0.,-1.,0.));
#16017=DIRECTION('',(0.,0.,-1.));
#16018=DIRECTION('',(7.88510670898549E-17,-1.,0.));
#16019=DIRECTION('',(1.,7.88510670898549E-17,0.));
#16020=DIRECTION('',(1.,7.88510670898549E-17,0.));
#16021=DIRECTION('',(0.,0.,-1.));
#16022=DIRECTION('',(0.,0.,-1.));
#16023=DIRECTION('',(1.,7.88510670898549E-17,1.45093336704162E-15));
#16024=DIRECTION('',(0.,0.,1.));
#16025=DIRECTION('',(1.,7.88510670898549E-17,0.));
#16026=DIRECTION('',(0.,0.,1.));
#16027=DIRECTION('',(1.,0.,0.));
#16028=DIRECTION('',(0.,1.,0.));
#16029=DIRECTION('',(0.,0.,-1.));
#16030=DIRECTION('',(0.,-1.,0.));
#16031=DIRECTION('',(0.,0.,-1.));
#16032=DIRECTION('',(0.,0.,-1.));
#16033=DIRECTION('',(0.,-1.,0.));
#16034=DIRECTION('',(0.,0.,-1.));
#16035=DIRECTION('',(-1.,0.,0.));
#16036=DIRECTION('',(0.,0.,-1.));
#16037=DIRECTION('',(0.,-1.,0.));
#16038=DIRECTION('',(0.,1.,0.));
#16039=DIRECTION('',(0.,0.,-1.));
#16040=DIRECTION('',(0.,-1.,0.));
#16041=DIRECTION('',(1.,-2.16840434497101E-16,0.));
#16042=DIRECTION('',(0.,1.,0.));
#16043=DIRECTION('',(1.,2.16840434497101E-16,0.));
#16044=DIRECTION('',(0.,0.,-1.));
#16045=DIRECTION('',(0.,-1.,0.));
#16046=DIRECTION('',(0.,-1.,0.));
#16047=DIRECTION('',(0.,0.,-1.));
#16048=DIRECTION('',(0.,-1.,0.));
#16049=DIRECTION('',(0.,0.,-1.));
#16050=DIRECTION('',(0.,-1.,0.));
#16051=DIRECTION('',(1.,0.,0.));
#16052=DIRECTION('',(0.,-1.,0.));
#16053=DIRECTION('',(-1.,0.,0.));
#16054=DIRECTION('',(0.,1.,0.));
#16055=DIRECTION('',(-1.,0.,0.));
#16056=DIRECTION('',(0.,1.,0.));
#16057=DIRECTION('',(1.,0.,0.));
#16058=DIRECTION('',(0.,-1.,0.));
#16059=DIRECTION('',(0.,0.,-1.));
#16060=DIRECTION('',(0.,-1.,0.));
#16061=DIRECTION('',(0.,0.,-1.));
#16062=DIRECTION('',(0.,-1.,0.));
#16063=DIRECTION('',(0.,-1.,0.));
#16064=DIRECTION('',(0.,0.,-1.));
#16065=DIRECTION('',(0.,-1.,0.));
#16066=DIRECTION('',(0.,0.,-1.));
#16067=DIRECTION('',(0.,-1.,0.));
#16068=DIRECTION('',(0.,1.,0.));
#16069=DIRECTION('',(0.,0.,-1.));
#16070=DIRECTION('',(0.,-1.,0.));
#16071=DIRECTION('',(-1.,-2.16840434497101E-16,0.));
#16072=DIRECTION('',(0.,1.,0.));
#16073=DIRECTION('',(-1.,2.16840434497101E-16,0.));
#16074=DIRECTION('',(0.,0.,-1.));
#16075=DIRECTION('',(0.,-1.,0.));
#16076=DIRECTION('',(0.,1.,0.));
#16077=DIRECTION('',(0.,0.,-1.));
#16078=DIRECTION('',(0.,-1.,0.));
#16079=DIRECTION('',(0.,0.,-1.));
#16080=DIRECTION('',(0.,-1.,0.));
#16081=DIRECTION('',(1.,0.,0.));
#16082=DIRECTION('',(0.,-1.,0.));
#16083=DIRECTION('',(1.,0.,0.));
#16084=DIRECTION('',(0.,1.,0.));
#16085=DIRECTION('',(0.,0.,-1.));
#16086=DIRECTION('',(0.,-1.,0.));
#16087=DIRECTION('',(-1.,0.,0.));
#16088=DIRECTION('',(0.,1.,0.));
#16089=DIRECTION('',(-1.,0.,0.));
#16090=DIRECTION('',(0.,-1.,0.));
#16091=DIRECTION('',(0.,0.,1.));
#16092=DIRECTION('',(0.,1.,0.));
#16093=DIRECTION('',(1.,0.,0.));
#16094=DIRECTION('',(0.,-1.,0.));
#16095=DIRECTION('',(1.,0.,0.));
#16096=DIRECTION('',(0.,1.,0.));
#16097=DIRECTION('',(1.,0.,0.));
#16098=DIRECTION('',(0.,1.,0.));
#16099=DIRECTION('',(0.,0.,1.));
#16100=DIRECTION('',(0.,0.,1.));
#16101=DIRECTION('',(1.45093336704162E-15,0.,-1.));
#16102=DIRECTION('',(-1.,0.,-1.45093336704162E-15));
#16103=DIRECTION('',(1.45093336704162E-15,0.,-1.));
#16104=DIRECTION('',(-1.,0.,-1.45093336704162E-15));
#16105=DIRECTION('',(1.45093336704162E-15,0.,-1.));
#16106=DIRECTION('',(-1.,0.,-1.45093336704162E-15));
#16107=DIRECTION('',(0.,1.,0.));
#16108=DIRECTION('',(1.45093336704162E-15,0.,-1.));
#16109=DIRECTION('',(-1.,0.,-1.45093336704162E-15));
#16110=DIRECTION('',(1.45093336704162E-15,0.,-1.));
#16111=DIRECTION('',(-1.,0.,-1.45093336704162E-15));
#16112=DIRECTION('',(1.,0.,0.));
#16113=DIRECTION('',(0.,1.,0.));
#16114=DIRECTION('',(0.,0.,1.));
#16115=DIRECTION('',(0.,0.,1.));
#16116=DIRECTION('',(1.,0.,0.));
#16117=DIRECTION('',(0.,1.,0.));
#16118=DIRECTION('',(0.,0.,1.));
#16119=DIRECTION('',(0.,0.,1.));
#16120=DIRECTION('',(2.16840434497101E-16,-1.,0.));
#16121=DIRECTION('',(1.,2.16840434497101E-16,0.));
#16122=DIRECTION('',(0.,0.,1.));
#16123=DIRECTION('',(0.,0.,1.));
#16124=DIRECTION('',(1.,0.,0.));
#16125=DIRECTION('',(0.,1.,0.));
#16126=DIRECTION('',(0.,0.,1.));
#16127=DIRECTION('',(2.16840434497101E-16,1.,0.));
#16128=DIRECTION('',(-1.,2.16840434497101E-16,0.));
#16129=DIRECTION('',(0.,0.,1.));
#16130=DIRECTION('',(1.,0.,0.));
#16131=DIRECTION('',(0.,1.,0.));
#16132=DIRECTION('',(0.,0.,1.));
#16133=DIRECTION('',(0.,1.,0.));
#16134=DIRECTION('',(0.,0.,1.));
#16135=DIRECTION('',(3.18882991907501E-17,-1.,0.));
#16136=DIRECTION('',(1.,3.18882991907501E-17,0.));
#16137=DIRECTION('',(1.,3.18882991907501E-17,0.));
#16138=DIRECTION('',(0.,0.,1.));
#16139=DIRECTION('',(0.,0.,1.));
#16140=DIRECTION('',(-1.,0.,0.));
#16141=DIRECTION('',(0.,-1.,0.));
#16142=DIRECTION('',(0.,-1.,0.));
#16143=DIRECTION('',(0.,0.,1.));
#16144=DIRECTION('',(0.,0.,1.));
#16145=DIRECTION('',(3.18882991907501E-17,1.,0.));
#16146=DIRECTION('',(-1.,3.18882991907501E-17,0.));
#16147=DIRECTION('',(-1.,3.18882991907501E-17,0.));
#16148=DIRECTION('',(0.,0.,1.));
#16149=DIRECTION('',(0.,0.,1.));
#16150=DIRECTION('',(0.,0.,-1.));
#16151=DIRECTION('',(0.,-1.,0.));
#16152=DIRECTION('',(0.,0.,-1.));
#16153=DIRECTION('',(0.,-1.,0.));
#16154=DIRECTION('',(0.,0.,-1.));
#16155=DIRECTION('',(0.,-1.,0.));
#16156=DIRECTION('',(0.,0.,-1.));
#16157=DIRECTION('',(0.,-1.,0.));
#16158=DIRECTION('',(0.,0.,-1.));
#16159=DIRECTION('',(0.,-1.,0.));
#16160=DIRECTION('',(-1.,0.,0.));
#16161=DIRECTION('',(0.,-1.,0.));
#16162=DIRECTION('',(0.,0.,1.));
#16163=DIRECTION('',(0.,0.,1.));
#16164=DIRECTION('',(0.,0.,1.));
#16165=DIRECTION('',(0.,0.,1.));
#16166=DIRECTION('',(0.,1.,0.));
#16167=DIRECTION('',(-1.,0.,0.));
#16168=DIRECTION('',(0.,0.,1.));
#16169=DIRECTION('',(1.,0.,0.));
#16170=DIRECTION('',(0.,1.,0.));
#16171=DIRECTION('',(0.,0.,1.));
#16172=DIRECTION('',(0.,0.,1.));
#16173=DIRECTION('',(0.,0.,1.));
#16174=DIRECTION('',(0.,-1.,0.));
#16175=DIRECTION('',(1.,0.,0.));
#16176=DIRECTION('',(1.,0.,0.));
#16177=DIRECTION('',(0.,1.,0.));
#16178=DIRECTION('',(0.,0.,1.));
#16179=DIRECTION('',(0.,0.,1.));
#16180=DIRECTION('',(0.,0.,1.));
#16181=DIRECTION('',(0.,0.,1.));
#16182=DIRECTION('',(0.,1.,0.));
#16183=DIRECTION('',(0.,-1.,0.));
#16184=DIRECTION('',(1.,0.,0.));
#16185=DIRECTION('',(0.,0.,1.));
#16186=DIRECTION('',(-1.,0.,0.));
#16187=DIRECTION('',(0.,-1.,0.));
#16188=DIRECTION('',(0.,0.,1.));
#16189=DIRECTION('',(0.,0.,1.));
#16190=DIRECTION('',(0.,-1.,0.));
#16191=DIRECTION('',(0.,0.,1.));
#16192=DIRECTION('',(0.,1.,0.));
#16193=DIRECTION('',(-1.,0.,0.));
#16194=DIRECTION('',(-1.,0.,0.));
#16195=DIRECTION('',(0.,0.,1.));
#16196=DIRECTION('',(0.,1.,0.));
#16197=DIRECTION('',(-1.,-1.020425574104E-15,0.));
#16198=DIRECTION('',(0.,1.,0.));
#16199=DIRECTION('',(-1.,0.,0.));
#16200=DIRECTION('',(0.,-1.,0.));
#16201=DIRECTION('',(1.,0.,0.));
#16202=DIRECTION('',(0.,-1.,0.));
#16203=DIRECTION('',(1.,0.,0.));
#16204=DIRECTION('',(-1.020425574104E-15,1.,0.));
#16205=DIRECTION('',(-1.,-1.020425574104E-15,0.));
#16206=DIRECTION('',(0.,0.,1.));
#16207=DIRECTION('',(0.,1.,0.));
#16208=DIRECTION('',(0.,0.,1.));
#16209=DIRECTION('',(0.,1.,0.));
#16210=DIRECTION('',(0.,0.,1.));
#16211=DIRECTION('',(0.,1.,0.));
#16212=DIRECTION('',(0.,0.,1.));
#16213=DIRECTION('',(0.,1.,0.));
#16214=DIRECTION('',(0.,0.,1.));
#16215=DIRECTION('',(0.,1.,0.));
#16216=DIRECTION('',(0.,0.,1.));
#16217=DIRECTION('',(0.,1.,0.));
#16218=DIRECTION('',(0.,0.,-1.));
#16219=DIRECTION('',(0.,-1.,0.));
#16220=DIRECTION('',(0.,0.,-1.));
#16221=DIRECTION('',(0.,-1.,0.));
#16222=DIRECTION('',(0.,0.,-1.));
#16223=DIRECTION('',(0.,-1.,0.));
#16224=DIRECTION('',(0.,0.,-1.));
#16225=DIRECTION('',(0.,-1.,0.));
#16226=DIRECTION('',(0.,0.,1.));
#16227=DIRECTION('',(0.,1.,0.));
#16228=DIRECTION('',(0.,0.,1.));
#16229=DIRECTION('',(0.,1.,0.));
#16230=DIRECTION('',(0.,0.,1.));
#16231=DIRECTION('',(0.,1.,0.));
#16232=DIRECTION('',(0.,0.,1.));
#16233=DIRECTION('',(0.,1.,0.));
#16234=DIRECTION('',(0.,0.,1.));
#16235=DIRECTION('',(1.,0.,0.));
#16236=DIRECTION('',(-1.,0.,0.));
#16237=DIRECTION('',(0.,-1.,0.));
#16238=DIRECTION('',(0.,-1.,0.));
#16239=DIRECTION('',(0.,0.,-1.));
#16240=DIRECTION('',(0.,-1.,0.));
#16241=DIRECTION('',(-1.60557004316809E-16,0.,-1.));
#16242=DIRECTION('',(-1.66800334228539E-16,0.,-1.));
#16243=DIRECTION('',(-1.,0.,1.66800334228539E-16));
#16244=DIRECTION('',(1.,0.,-1.66800334228539E-16));
#16245=DIRECTION('',(0.707106781186548,0.707106781186548,-1.17945647437183E-16));
#16246=DIRECTION('',(-1.,0.,1.66800334228539E-16));
#16247=DIRECTION('',(-0.707106781186548,-0.707106781186548,1.17945647437183E-16));
#16248=DIRECTION('',(0.,-1.,0.));
#16249=DIRECTION('',(0.707106781186554,-0.707106781186542,-1.17945647437184E-16));
#16250=DIRECTION('',(1.,2.21265749486837E-16,-1.66800334228539E-16));
#16251=DIRECTION('',(0.,-1.,0.));
#16252=DIRECTION('',(0.707106781186548,-0.707106781186548,-1.17945647437183E-16));
#16253=DIRECTION('',(1.,0.,-1.66800334228539E-16));
#16254=DIRECTION('',(0.,-1.,0.));
#16255=DIRECTION('',(-1.,0.,0.));
#16256=DIRECTION('',(0.,-1.,0.));
#16257=DIRECTION('',(0.,-1.,0.));
#16258=DIRECTION('',(0.,0.,1.));
#16259=DIRECTION('',(-1.60557004316809E-16,0.,-1.));
#16260=DIRECTION('',(0.,0.,1.));
#16261=DIRECTION('',(0.,1.,0.));
#16262=DIRECTION('',(-0.707106781186548,-0.707106781186548,0.));
#16263=DIRECTION('',(-1.,0.,0.));
#16264=DIRECTION('',(0.,-1.,0.));
#16265=DIRECTION('',(-1.,0.,0.));
#16266=DIRECTION('',(-0.707106781186548,0.707106781186548,0.));
#16267=DIRECTION('',(-1.,-2.21265749486837E-16,0.));
#16268=DIRECTION('',(-0.707106781186554,0.707106781186542,0.));
#16269=DIRECTION('',(0.,1.,0.));
#16270=DIRECTION('',(0.707106781186548,0.707106781186548,0.));
#16271=DIRECTION('',(1.,0.,0.));
#16272=DIRECTION('',(0.,-1.,0.));
#16273=DIRECTION('',(1.,0.,0.));
#16274=DIRECTION('',(0.,-1.,0.));
#16275=DIRECTION('',(1.,0.,0.));
#16276=DIRECTION('',(0.,-1.,0.));
#16277=DIRECTION('',(0.,-1.,0.));
#16278=DIRECTION('',(1.,0.,0.));
#16279=DIRECTION('',(-1.,0.,0.));
#16280=DIRECTION('',(0.,-1.,0.));
#16281=DIRECTION('',(0.,0.,-1.));
#16282=DIRECTION('',(0.,0.707106781186554,-0.707106781186542));
#16283=DIRECTION('',(0.,-1.,0.));
#16284=DIRECTION('',(0.,-0.707106781186554,-0.707106781186542));
#16285=DIRECTION('',(0.,0.,-1.));
#16286=DIRECTION('',(0.,0.,1.));
#16287=DIRECTION('',(0.,1.,0.));
#16288=DIRECTION('',(-1.,0.,0.));
#16289=DIRECTION('',(0.,-1.,0.));
#16290=DIRECTION('',(1.,0.,0.));
#16291=DIRECTION('',(1.,0.,-6.19544098563145E-16));
#16292=DIRECTION('',(-6.19544098563145E-16,0.,-1.));
#16293=DIRECTION('',(4.38083833338103E-16,-0.707106781186554,0.707106781186542));
#16294=DIRECTION('',(6.19544098563145E-16,0.,1.));
#16295=DIRECTION('',(0.,-1.,0.));
#16296=DIRECTION('',(6.19544098563145E-16,0.,1.));
#16297=DIRECTION('',(4.38083833338103E-16,0.707106781186554,0.707106781186542));
#16298=DIRECTION('',(0.,-1.,0.));
#16299=DIRECTION('',(1.,0.,0.));
#16300=DIRECTION('',(0.,1.,0.));
#16301=DIRECTION('',(-1.,0.,0.));
#16302=DIRECTION('',(0.,1.,0.));
#16303=DIRECTION('',(-1.,0.,0.));
#16304=DIRECTION('',(0.,-1.,0.));
#16305=DIRECTION('',(1.,0.,0.));
#16306=DIRECTION('',(-1.,0.,0.));
#16307=DIRECTION('',(0.,0.,-1.));
#16308=DIRECTION('',(0.,-1.,0.));
#16309=DIRECTION('',(1.,0.,0.));
#16310=DIRECTION('',(1.,0.,0.));
#16311=DIRECTION('',(0.,0.,1.));
#16312=DIRECTION('',(0.,1.,0.));
#16313=DIRECTION('',(-1.,0.,0.));
#16314=DIRECTION('',(1.60557004316809E-16,0.,1.));
#16315=DIRECTION('',(2.21265749486837E-16,-1.,-3.55257658955202E-32));
#16316=DIRECTION('',(1.,2.21265749486837E-16,0.));
#16317=DIRECTION('',(-1.60557004316809E-16,0.,-1.));
#16318=DIRECTION('',(-1.,0.,1.60557004316809E-16));
#16319=DIRECTION('',(1.60557004316809E-16,0.,1.));
#16320=DIRECTION('',(-1.60557004316809E-16,0.,-1.));
#16321=DIRECTION('',(1.60557004316809E-16,0.,1.));
#16322=DIRECTION('',(0.,-0.707106781186541,-0.707106781186554));
#16323=DIRECTION('',(1.,0.,0.));
#16324=DIRECTION('',(0.707106781186548,-0.707106781186548,0.));
#16325=DIRECTION('',(0.,0.,1.));
#16326=DIRECTION('',(-0.707106781186548,0.707106781186548,1.13530946519414E-16));
#16327=DIRECTION('',(-1.60557004316809E-16,0.,-1.));
#16328=DIRECTION('',(-0.707106781186541,-0.707106781186554,1.13530946519413E-16));
#16329=DIRECTION('',(-1.60557004316809E-16,0.,-1.));
#16330=DIRECTION('',(0.,-0.707106781186541,0.707106781186554));
#16331=DIRECTION('',(-1.,0.,0.));
#16332=DIRECTION('',(-0.707106781186548,-0.707106781186548,0.));
#16333=DIRECTION('',(0.,0.,-1.));
#16334=DIRECTION('',(0.,0.,1.));
#16335=DIRECTION('',(1.,0.,0.));
#16336=DIRECTION('',(0.,0.,-1.));
#16337=DIRECTION('',(0.,1.,0.));
#16338=DIRECTION('',(1.,0.,0.));
#16339=DIRECTION('',(0.,-1.,0.));
#16340=DIRECTION('',(-1.,0.,0.));
#16341=DIRECTION('',(0.,1.,0.));
#16342=DIRECTION('',(1.,0.,0.));
#16343=DIRECTION('',(0.,-1.,0.));
#16344=DIRECTION('',(-1.,0.,0.));
#16345=DIRECTION('',(0.,1.,0.));
#16346=DIRECTION('',(1.,0.,0.));
#16347=DIRECTION('',(0.,-1.,0.));
#16348=DIRECTION('',(-1.,0.,0.));
#16349=DIRECTION('',(0.,1.,0.));
#16350=DIRECTION('',(1.,0.,0.));
#16351=DIRECTION('',(0.,-1.,0.));
#16352=DIRECTION('',(-1.,0.,0.));
#16353=DIRECTION('',(0.,1.,0.));
#16354=DIRECTION('',(-1.,0.,0.));
#16355=DIRECTION('',(-6.2310469683075E-17,-1.,0.));
#16356=DIRECTION('',(1.,0.,0.));
#16357=DIRECTION('',(6.12323399573676E-17,-1.,0.));
#16358=DIRECTION('',(0.,0.,-1.));
#16359=DIRECTION('',(0.,-1.,0.));
#16360=DIRECTION('',(-1.,0.,0.));
#16361=DIRECTION('',(0.,1.,0.));
#16362=DIRECTION('',(1.,0.,0.));
#16363=DIRECTION('',(0.,-1.,0.));
#16364=DIRECTION('',(-1.,0.,0.));
#16365=DIRECTION('',(0.,1.,0.));
#16366=DIRECTION('',(1.,0.,0.));
#16367=DIRECTION('',(0.,-1.,0.));
#16368=DIRECTION('',(-1.,0.,0.));
#16369=DIRECTION('',(0.,1.,0.));
#16370=DIRECTION('',(1.,0.,0.));
#16371=DIRECTION('',(0.,-1.,0.));
#16372=DIRECTION('',(-1.,0.,0.));
#16373=DIRECTION('',(0.,1.,0.));
#16374=DIRECTION('',(1.,0.,0.));
#16375=DIRECTION('',(0.,-1.,0.));
#16376=DIRECTION('',(-1.,0.,0.));
#16377=DIRECTION('',(-6.2310469683075E-17,-1.,0.));
#16378=DIRECTION('',(1.,0.,0.));
#16379=DIRECTION('',(6.12323399573676E-17,-1.,0.));
#16380=DIRECTION('',(0.,1.,0.));
#16381=DIRECTION('',(-1.,0.,0.));
#16382=DIRECTION('',(-1.,0.,0.));
#16383=DIRECTION('',(0.,0.,-1.));
#16384=DIRECTION('',(1.,0.,0.));
#16385=DIRECTION('',(0.,0.,-1.));
#16386=DIRECTION('',(-1.,0.,0.));
#16387=DIRECTION('',(0.,-1.,0.));
#16388=DIRECTION('',(0.,-1.,0.));
#16389=DIRECTION('',(0.,1.,0.));
#16390=DIRECTION('',(0.,0.,-1.));
#16391=DIRECTION('',(-1.,0.,0.));
#16392=DIRECTION('',(0.,-1.,0.));
#16393=DIRECTION('',(0.,0.,1.));
#16394=DIRECTION('',(0.,1.,0.));
#16395=DIRECTION('',(0.,0.,1.));
#16396=DIRECTION('',(0.,1.,0.));
#16397=DIRECTION('',(0.,1.,0.));
#16398=DIRECTION('',(-1.,0.,0.));
#16399=DIRECTION('',(1.,0.,0.));
#16400=DIRECTION('',(0.,0.,1.));
#16401=DIRECTION('',(1.,0.,0.));
#16402=DIRECTION('',(0.,0.,1.));
#16403=DIRECTION('',(0.,1.,0.));
#16404=DIRECTION('',(0.,-1.,0.));
#16405=DIRECTION('',(-1.,0.,0.));
#16406=DIRECTION('',(-1.,0.,0.));
#16407=DIRECTION('',(0.,-1.,0.));
#16408=DIRECTION('',(0.,-1.,0.));
#16409=DIRECTION('',(1.,0.,0.));
#16410=DIRECTION('',(0.,0.,1.));
#16411=DIRECTION('',(-1.,0.,0.));
#16412=DIRECTION('',(1.,0.,0.));
#16413=DIRECTION('',(0.,1.,0.));
#16414=DIRECTION('',(0.,-1.,0.));
#16415=DIRECTION('',(1.,0.,0.));
#16416=DIRECTION('',(0.,1.,0.));
#16417=DIRECTION('',(0.,1.,0.));
#16418=DIRECTION('',(0.,0.,-1.));
#16419=DIRECTION('',(0.,-1.,0.));
#16420=DIRECTION('',(1.,0.,0.));
#16421=DIRECTION('',(1.,0.,0.));
#16422=DIRECTION('',(0.,0.,-1.));
#16423=DIRECTION('',(0.,-1.,0.));
#16424=DIRECTION('',(1.,0.,0.));
#16425=DIRECTION('',(0.,1.,0.));
#16426=DIRECTION('',(-1.,0.,0.));
#16427=DIRECTION('',(0.,-1.,0.));
#16428=DIRECTION('',(0.,0.,-1.));
#16429=DIRECTION('',(0.,1.,0.));
#16430=DIRECTION('',(1.,0.,0.));
#16431=DIRECTION('',(0.,-1.,0.));
#16432=DIRECTION('',(-1.,0.,0.));
#16433=DIRECTION('',(0.,1.,0.));
#16434=DIRECTION('',(1.,0.,0.));
#16435=DIRECTION('',(0.,-1.,0.));
#16436=DIRECTION('',(-1.,0.,0.));
#16437=DIRECTION('',(0.,1.,0.));
#16438=DIRECTION('',(1.,0.,0.));
#16439=DIRECTION('',(0.,-1.,0.));
#16440=DIRECTION('',(-1.,0.,0.));
#16441=DIRECTION('',(0.,1.,0.));
#16442=DIRECTION('',(1.,0.,0.));
#16443=DIRECTION('',(6.2310469683075E-17,1.,0.));
#16444=DIRECTION('',(-1.,0.,0.));
#16445=DIRECTION('',(6.12323399573676E-17,1.,0.));
#16446=DIRECTION('',(0.,-1.,0.));
#16447=DIRECTION('',(-1.,0.,0.));
#16448=DIRECTION('',(0.,1.,0.));
#16449=DIRECTION('',(1.,0.,0.));
#16450=DIRECTION('',(0.,-1.,0.));
#16451=DIRECTION('',(1.,0.,0.));
#16452=DIRECTION('',(0.,0.,1.));
#16453=DIRECTION('',(0.,0.,1.));
#16454=DIRECTION('',(1.,0.,0.));
#16455=DIRECTION('',(1.,0.,0.));
#16456=DIRECTION('',(0.,1.,0.));
#16457=DIRECTION('',(0.,1.,0.));
#16458=DIRECTION('',(0.,0.,1.));
#16459=DIRECTION('',(0.,1.,0.));
#16460=DIRECTION('',(-1.,0.,0.));
#16461=DIRECTION('',(0.,0.,1.));
#16462=DIRECTION('',(-1.,0.,0.));
#16463=DIRECTION('',(-1.,0.,0.));
#16464=DIRECTION('',(0.,-1.,0.));
#16465=DIRECTION('',(0.,-1.,0.));
#16466=DIRECTION('',(0.,0.992546151641322,-0.121869343405148));
#16467=DIRECTION('',(0.,-0.121869343405148,-0.992546151641322));
#16468=DIRECTION('',(-7.59373602754271E-18,-0.121869343405148,-0.992546151641322));
#16469=DIRECTION('',(-0.120974291151355,-0.120974291151355,-0.985256536015293));
#16470=DIRECTION('',(1.,0.,0.));
#16471=DIRECTION('',(0.120974291151355,-0.120974291151355,-0.985256536015293));
#16472=DIRECTION('',(7.59373602754271E-18,0.121869343405148,0.992546151641322));
#16473=DIRECTION('',(1.,0.,0.));
#16474=DIRECTION('',(0.992546151641322,-6.07759233806784E-17,0.121869343405147));
#16475=DIRECTION('',(0.121869343405147,0.,-0.992546151641322));
#16476=DIRECTION('',(6.12323399573676E-17,1.,0.));
#16477=DIRECTION('',(0.120974291151355,0.120974291151355,-0.985256536015293));
#16478=DIRECTION('',(0.,-0.992546151641322,-0.121869343405148));
#16479=DIRECTION('',(0.,-0.121869343405148,0.992546151641322));
#16480=DIRECTION('',(-7.59373602754271E-18,-0.121869343405148,0.992546151641322));
#16481=DIRECTION('',(-1.,0.,0.));
#16482=DIRECTION('',(7.59373602754271E-18,0.121869343405148,-0.992546151641322));
#16483=DIRECTION('',(-1.,0.,0.));
#16484=DIRECTION('',(-0.120974291151355,0.120974291151355,-0.985256536015293));
#16485=DIRECTION('',(-0.992546151641322,-6.07759233806784E-17,0.121869343405147));
#16486=DIRECTION('',(0.121869343405147,0.,0.992546151641322));
#16487=DIRECTION('',(-6.12323399573676E-17,1.,0.));
#16488=DIRECTION('',(-1.,0.,0.));
#16489=DIRECTION('',(0.,-1.,0.));
#16490=DIRECTION('',(0.,-1.,0.));
#16491=DIRECTION('',(0.,0.,1.));
#16492=DIRECTION('',(0.,0.,1.));
#16493=DIRECTION('',(0.,1.,0.));
#16494=DIRECTION('',(-1.,0.,0.));
#16495=DIRECTION('',(-1.,0.,0.));
#16496=DIRECTION('',(0.,0.,1.));
#16497=DIRECTION('',(1.,0.,0.));
#16498=DIRECTION('',(0.,1.,0.));
#16499=DIRECTION('',(0.,1.,0.));
#16500=DIRECTION('',(0.,0.,1.));
#16501=DIRECTION('',(0.,-1.,0.));
#16502=DIRECTION('',(1.,0.,0.));
#16503=DIRECTION('',(1.,0.,0.));
#16504=DIRECTION('',(-1.,0.,0.));
#16505=DIRECTION('',(0.,-1.,0.));
#16506=DIRECTION('',(0.,-1.,0.));
#16507=DIRECTION('',(0.,0.,1.));
#16508=DIRECTION('',(0.,0.,1.));
#16509=DIRECTION('',(0.,1.,0.));
#16510=DIRECTION('',(-1.,0.,0.));
#16511=DIRECTION('',(-1.,0.,0.));
#16512=DIRECTION('',(0.,0.,1.));
#16513=DIRECTION('',(1.,0.,0.));
#16514=DIRECTION('',(0.,1.,0.));
#16515=DIRECTION('',(0.,1.,0.));
#16516=DIRECTION('',(0.,0.,1.));
#16517=DIRECTION('',(0.,-1.,0.));
#16518=DIRECTION('',(1.,0.,0.));
#16519=DIRECTION('',(1.,0.,0.));
#16520=DIRECTION('',(-1.,0.,0.));
#16521=DIRECTION('',(0.,-1.,0.));
#16522=DIRECTION('',(0.,-1.,0.));
#16523=DIRECTION('',(0.,0.,1.));
#16524=DIRECTION('',(0.,0.,1.));
#16525=DIRECTION('',(0.,1.,0.));
#16526=DIRECTION('',(-1.,0.,0.));
#16527=DIRECTION('',(-1.,0.,0.));
#16528=DIRECTION('',(0.,0.,1.));
#16529=DIRECTION('',(1.,0.,0.));
#16530=DIRECTION('',(0.,1.,0.));
#16531=DIRECTION('',(0.,1.,0.));
#16532=DIRECTION('',(0.,0.,1.));
#16533=DIRECTION('',(0.,-1.,0.));
#16534=DIRECTION('',(1.,0.,0.));
#16535=DIRECTION('',(1.,0.,0.));
#16536=DIRECTION('',(-1.,0.,0.));
#16537=DIRECTION('',(0.,-1.,0.));
#16538=DIRECTION('',(0.,-1.,0.));
#16539=DIRECTION('',(0.,0.,1.));
#16540=DIRECTION('',(0.,0.,1.));
#16541=DIRECTION('',(0.,1.,0.));
#16542=DIRECTION('',(-1.,0.,0.));
#16543=DIRECTION('',(-1.,0.,0.));
#16544=DIRECTION('',(0.,0.,1.));
#16545=DIRECTION('',(1.,0.,0.));
#16546=DIRECTION('',(0.,1.,0.));
#16547=DIRECTION('',(0.,1.,0.));
#16548=DIRECTION('',(0.,0.,1.));
#16549=DIRECTION('',(0.,-1.,0.));
#16550=DIRECTION('',(1.,0.,0.));
#16551=DIRECTION('',(1.,0.,0.));
#16552=DIRECTION('',(-1.,0.,0.));
#16553=DIRECTION('',(0.,-1.,0.));
#16554=DIRECTION('',(0.,-1.,0.));
#16555=DIRECTION('',(0.,0.,1.));
#16556=DIRECTION('',(0.,0.,1.));
#16557=DIRECTION('',(0.,1.,0.));
#16558=DIRECTION('',(-1.,0.,0.));
#16559=DIRECTION('',(-1.,0.,0.));
#16560=DIRECTION('',(0.,0.,1.));
#16561=DIRECTION('',(1.,0.,0.));
#16562=DIRECTION('',(0.,1.,0.));
#16563=DIRECTION('',(0.,1.,0.));
#16564=DIRECTION('',(0.,0.,1.));
#16565=DIRECTION('',(0.,-1.,0.));
#16566=DIRECTION('',(1.,0.,0.));
#16567=DIRECTION('',(1.,0.,0.));
#16568=DIRECTION('',(-1.,0.,0.));
#16569=DIRECTION('',(0.,-1.,0.));
#16570=DIRECTION('',(0.,-1.,0.));
#16571=DIRECTION('',(0.,0.,1.));
#16572=DIRECTION('',(0.,0.,1.));
#16573=DIRECTION('',(0.,1.,0.));
#16574=DIRECTION('',(-1.,0.,0.));
#16575=DIRECTION('',(-1.,0.,0.));
#16576=DIRECTION('',(0.,0.,1.));
#16577=DIRECTION('',(1.,0.,0.));
#16578=DIRECTION('',(0.,1.,0.));
#16579=DIRECTION('',(0.,1.,0.));
#16580=DIRECTION('',(0.,0.,1.));
#16581=DIRECTION('',(0.,-1.,0.));
#16582=DIRECTION('',(1.,0.,0.));
#16583=DIRECTION('',(1.,0.,0.));
#16584=DIRECTION('',(0.,0.,-1.));
#16585=DIRECTION('',(0.,-1.,0.));
#16586=DIRECTION('',(0.,0.,-1.));
#16587=DIRECTION('',(0.,-1.,0.));
#16588=DIRECTION('',(0.,0.,-1.));
#16589=DIRECTION('',(0.,-1.,0.));
#16590=DIRECTION('',(0.,0.,-1.));
#16591=DIRECTION('',(0.,-1.,0.));
#16592=DIRECTION('',(-1.,0.,0.));
#16593=DIRECTION('',(0.,-1.,0.));
#16594=DIRECTION('',(0.,-1.,0.));
#16595=DIRECTION('',(0.,0.,1.));
#16596=DIRECTION('',(0.,0.,1.));
#16597=DIRECTION('',(0.,1.,0.));
#16598=DIRECTION('',(-1.,0.,0.));
#16599=DIRECTION('',(-1.,0.,0.));
#16600=DIRECTION('',(0.,0.,1.));
#16601=DIRECTION('',(1.,0.,0.));
#16602=DIRECTION('',(0.,1.,0.));
#16603=DIRECTION('',(0.,1.,0.));
#16604=DIRECTION('',(0.,0.,1.));
#16605=DIRECTION('',(0.,-1.,0.));
#16606=DIRECTION('',(1.,0.,0.));
#16607=DIRECTION('',(1.,0.,0.));
#16608=DIRECTION('',(0.,0.,-1.));
#16609=DIRECTION('',(0.,-1.,0.));
#16610=DIRECTION('',(0.,0.,-1.));
#16611=DIRECTION('',(0.,-1.,0.));
#16612=DIRECTION('',(0.,0.,-1.));
#16613=DIRECTION('',(0.,-1.,0.));
#16614=DIRECTION('',(0.,0.,-1.));
#16615=DIRECTION('',(0.,-1.,0.));
#16616=DIRECTION('',(-1.,0.,0.));
#16617=DIRECTION('',(0.,-1.,0.));
#16618=DIRECTION('',(0.,-1.,0.));
#16619=DIRECTION('',(0.,0.,1.));
#16620=DIRECTION('',(0.,0.,1.));
#16621=DIRECTION('',(0.,1.,0.));
#16622=DIRECTION('',(-1.,0.,0.));
#16623=DIRECTION('',(-1.,0.,0.));
#16624=DIRECTION('',(0.,0.,1.));
#16625=DIRECTION('',(1.,0.,0.));
#16626=DIRECTION('',(0.,1.,0.));
#16627=DIRECTION('',(0.,1.,0.));
#16628=DIRECTION('',(0.,0.,1.));
#16629=DIRECTION('',(0.,-1.,0.));
#16630=DIRECTION('',(1.,0.,0.));
#16631=DIRECTION('',(1.,0.,0.));
#16632=DIRECTION('',(0.,0.,1.));
#16633=DIRECTION('',(0.,1.,0.));
#16634=DIRECTION('',(0.,0.,1.));
#16635=DIRECTION('',(1.,0.,0.));
#16636=DIRECTION('',(0.,0.,1.));
#16637=DIRECTION('',(1.,0.,0.));
#16638=DIRECTION('',(-1.,0.,0.));
#16639=DIRECTION('',(0.,0.,1.));
#16640=DIRECTION('',(-1.,0.,0.));
#16641=DIRECTION('',(0.,-1.,0.));
#16642=DIRECTION('',(0.,0.,1.));
#16643=DIRECTION('',(-1.,0.,0.));
#16644=DIRECTION('',(1.,3.5402519917894E-16,0.));
#16645=DIRECTION('',(-2.89120579329469E-15,-1.,0.));
#16646=DIRECTION('',(0.,0.,1.));
#16647=DIRECTION('',(-1.,0.,0.));
#16648=DIRECTION('',(1.,-6.8566145295526E-17,0.));
#16649=DIRECTION('',(0.,0.,1.));
#16650=DIRECTION('',(-1.,0.,0.));
#16651=DIRECTION('',(0.,1.,0.));
#16652=DIRECTION('',(0.,0.,1.));
#16653=DIRECTION('',(-1.,0.,0.));
#16654=DIRECTION('',(-6.12323399573676E-17,1.,0.));
#16655=DIRECTION('',(-1.,0.,0.));
#16656=DIRECTION('',(-6.12323399573676E-17,-1.,0.));
#16657=DIRECTION('',(1.,0.,0.));
#16658=DIRECTION('',(0.,0.,1.));
#16659=DIRECTION('',(-1.,0.,0.));
#16660=DIRECTION('',(0.,-1.,0.));
#16661=DIRECTION('',(0.,0.,1.));
#16662=DIRECTION('',(0.,0.,1.));
#16663=DIRECTION('',(-1.,0.,0.));
#16664=DIRECTION('',(1.,0.,0.));
#16665=DIRECTION('',(0.,0.,1.));
#16666=DIRECTION('',(-1.,-3.5402519917894E-16,0.));
#16667=DIRECTION('',(3.5402519917894E-16,-1.,0.));
#16668=DIRECTION('',(1.,3.5402519917894E-16,0.));
#16669=DIRECTION('',(-0.707106781186547,0.707106781186548,0.));
#16670=DIRECTION('',(0.707106781186548,0.707106781186547,0.));
#16671=DIRECTION('',(2.89120579329469E-15,1.,0.));
#16672=DIRECTION('',(-1.,2.89120579329469E-15,0.));
#16673=DIRECTION('',(-2.89120579329469E-15,-1.,0.));
#16674=DIRECTION('',(0.,1.,0.));
#16675=DIRECTION('',(0.,0.,-1.));
#16676=DIRECTION('',(0.,0.,1.));
#16677=DIRECTION('',(-1.,0.,0.));
#16678=DIRECTION('',(-1.,6.8566145295526E-17,0.));
#16679=DIRECTION('',(-6.8566145295526E-17,-1.,0.));
#16680=DIRECTION('',(0.,0.,1.));
#16681=DIRECTION('',(-1.,0.,0.));
#16682=DIRECTION('',(-1.,6.8566145295526E-17,0.));
#16683=DIRECTION('',(-6.8566145295526E-17,-1.,0.));
#16684=DIRECTION('',(1.,-6.8566145295526E-17,0.));
#16685=DIRECTION('',(-1.,0.,0.));
#16686=DIRECTION('',(0.,0.,-1.));
#16687=DIRECTION('',(0.,0.,1.));
#16688=DIRECTION('',(-1.,0.,0.));
#16689=DIRECTION('',(0.,-1.,0.));
#16690=DIRECTION('',(0.,0.,1.));
#16691=DIRECTION('',(0.,0.,1.));
#16692=DIRECTION('',(-1.,0.,0.));
#16693=DIRECTION('',(0.,-1.,0.));
#16694=DIRECTION('',(0.,0.,1.));
#16695=DIRECTION('',(0.,-1.,0.));
#16696=DIRECTION('',(0.,0.,1.));
#16697=DIRECTION('',(0.,1.,0.));
#16698=DIRECTION('',(0.,0.,1.));
#16699=DIRECTION('',(-1.,0.,0.));
#16700=DIRECTION('',(1.,0.,0.));
#16701=DIRECTION('',(0.,0.,1.));
#16702=DIRECTION('',(0.,0.,1.));
#16703=DIRECTION('',(-1.,0.,0.));
#16704=DIRECTION('',(1.,0.,0.));
#16705=DIRECTION('',(0.,0.,1.));
#16706=DIRECTION('',(-1.,0.,0.));
#16707=DIRECTION('',(1.,0.,0.));
#16708=DIRECTION('',(0.,0.,1.));
#16709=DIRECTION('',(0.,0.,1.));
#16710=DIRECTION('',(-1.,0.,0.));
#16711=DIRECTION('',(0.,0.,1.));
#16712=DIRECTION('',(-1.,0.,0.));
#16713=DIRECTION('',(0.,1.,0.));
#16714=DIRECTION('',(0.,0.,-1.));
#16715=DIRECTION('',(0.,1.,0.));
#16716=DIRECTION('',(0.,0.,-1.));
#16717=DIRECTION('',(0.,-1.,0.));
#16718=DIRECTION('',(0.,0.,1.));
#16719=DIRECTION('',(0.,1.,0.));
#16720=DIRECTION('',(0.,1.,0.));
#16721=DIRECTION('',(1.,0.,0.));
#16722=DIRECTION('',(0.,-1.,0.));
#16723=DIRECTION('',(-1.,0.,0.));
#16724=DIRECTION('',(-1.,0.,0.));
#16725=DIRECTION('',(0.,-1.,0.));
#16726=DIRECTION('',(1.,0.,0.));
#16727=DIRECTION('',(0.,1.,0.));
#16728=DIRECTION('',(0.,0.,-1.));
#16729=DIRECTION('',(0.,-1.,0.));
#16730=DIRECTION('',(0.,-1.,0.));
#16731=DIRECTION('',(-1.,0.,0.));
#16732=DIRECTION('',(0.,1.,0.));
#16733=DIRECTION('',(1.,0.,0.));
#16734=DIRECTION('',(0.,0.,1.));
#16735=DIRECTION('',(0.,1.,0.));
#16736=DIRECTION('',(0.,1.,0.));
#16737=DIRECTION('',(1.,0.,0.));
#16738=DIRECTION('',(0.,-1.,0.));
#16739=DIRECTION('',(-1.,0.,0.));
#16740=DIRECTION('',(-1.,0.,0.));
#16741=DIRECTION('',(0.,-1.,0.));
#16742=DIRECTION('',(1.,0.,0.));
#16743=DIRECTION('',(0.,1.,0.));
#16744=DIRECTION('',(0.,0.,-1.));
#16745=DIRECTION('',(0.,-1.,0.));
#16746=DIRECTION('',(0.,-1.,0.));
#16747=DIRECTION('',(-1.,0.,0.));
#16748=DIRECTION('',(0.,1.,0.));
#16749=DIRECTION('',(1.,0.,0.));
#16750=DIRECTION('',(0.,0.,1.));
#16751=DIRECTION('',(0.,1.,0.));
#16752=DIRECTION('',(0.,1.,0.));
#16753=DIRECTION('',(1.,0.,0.));
#16754=DIRECTION('',(0.,-1.,0.));
#16755=DIRECTION('',(-1.,0.,0.));
#16756=DIRECTION('',(-1.,0.,0.));
#16757=DIRECTION('',(0.,-1.,0.));
#16758=DIRECTION('',(1.,0.,0.));
#16759=DIRECTION('',(0.,1.,0.));
#16760=DIRECTION('',(0.,0.,-1.));
#16761=DIRECTION('',(0.,-1.,0.));
#16762=DIRECTION('',(0.,-1.,0.));
#16763=DIRECTION('',(-1.,0.,0.));
#16764=DIRECTION('',(0.,1.,0.));
#16765=DIRECTION('',(1.,0.,0.));
#16766=DIRECTION('',(0.,0.,1.));
#16767=DIRECTION('',(0.,1.,0.));
#16768=DIRECTION('',(0.,1.,0.));
#16769=DIRECTION('',(1.,0.,0.));
#16770=DIRECTION('',(0.,-1.,0.));
#16771=DIRECTION('',(-1.,0.,0.));
#16772=DIRECTION('',(-1.,0.,0.));
#16773=DIRECTION('',(0.,-1.,0.));
#16774=DIRECTION('',(1.,0.,0.));
#16775=DIRECTION('',(0.,1.,0.));
#16776=DIRECTION('',(0.,0.,-1.));
#16777=DIRECTION('',(0.,-1.,0.));
#16778=DIRECTION('',(0.,-1.,0.));
#16779=DIRECTION('',(-1.,0.,0.));
#16780=DIRECTION('',(0.,1.,0.));
#16781=DIRECTION('',(1.,0.,0.));
#16782=DIRECTION('',(0.,0.,1.));
#16783=DIRECTION('',(0.,1.,0.));
#16784=DIRECTION('',(0.,1.,0.));
#16785=DIRECTION('',(1.,0.,0.));
#16786=DIRECTION('',(0.,-1.,0.));
#16787=DIRECTION('',(-1.,0.,0.));
#16788=DIRECTION('',(-1.,0.,0.));
#16789=DIRECTION('',(0.,-1.,0.));
#16790=DIRECTION('',(1.,0.,0.));
#16791=DIRECTION('',(0.,1.,0.));
#16792=DIRECTION('',(0.,0.,-1.));
#16793=DIRECTION('',(0.,-1.,0.));
#16794=DIRECTION('',(0.,-1.,0.));
#16795=DIRECTION('',(-1.,0.,0.));
#16796=DIRECTION('',(0.,1.,0.));
#16797=DIRECTION('',(1.,0.,0.));
#16798=DIRECTION('',(0.,0.,1.));
#16799=DIRECTION('',(0.,1.,0.));
#16800=DIRECTION('',(0.,1.,0.));
#16801=DIRECTION('',(1.,0.,0.));
#16802=DIRECTION('',(0.,-1.,0.));
#16803=DIRECTION('',(-1.,0.,0.));
#16804=DIRECTION('',(-1.,0.,0.));
#16805=DIRECTION('',(0.,-1.,0.));
#16806=DIRECTION('',(1.,0.,0.));
#16807=DIRECTION('',(0.,1.,0.));
#16808=DIRECTION('',(0.,0.,-1.));
#16809=DIRECTION('',(0.,-1.,0.));
#16810=DIRECTION('',(0.,-1.,0.));
#16811=DIRECTION('',(-1.,0.,0.));
#16812=DIRECTION('',(0.,1.,0.));
#16813=DIRECTION('',(1.,0.,0.));
#16814=DIRECTION('',(0.,0.,1.));
#16815=DIRECTION('',(1.,0.,0.));
#16816=DIRECTION('',(0.,0.,1.));
#16817=DIRECTION('',(1.,0.,0.));
#16818=DIRECTION('',(0.,0.,1.));
#16819=DIRECTION('',(1.,0.,0.));
#16820=DIRECTION('',(0.,0.,1.));
#16821=DIRECTION('',(1.,0.,0.));
#16822=DIRECTION('',(0.,0.,-1.));
#16823=DIRECTION('',(0.,-1.,0.));
#16824=DIRECTION('',(0.,0.,-1.));
#16825=DIRECTION('',(0.,-1.,0.));
#16826=DIRECTION('',(0.,0.,-1.));
#16827=DIRECTION('',(0.,-1.,0.));
#16828=DIRECTION('',(0.,0.,-1.));
#16829=DIRECTION('',(0.,-1.,0.));
#16830=DIRECTION('',(0.,0.,1.));
#16831=DIRECTION('',(0.,1.,0.));
#16832=DIRECTION('',(0.,1.,0.));
#16833=DIRECTION('',(1.,0.,0.));
#16834=DIRECTION('',(0.,-1.,0.));
#16835=DIRECTION('',(-1.,0.,0.));
#16836=DIRECTION('',(-1.,0.,0.));
#16837=DIRECTION('',(0.,-1.,0.));
#16838=DIRECTION('',(1.,0.,0.));
#16839=DIRECTION('',(0.,1.,0.));
#16840=DIRECTION('',(0.,0.,-1.));
#16841=DIRECTION('',(0.,-1.,0.));
#16842=DIRECTION('',(0.,-1.,0.));
#16843=DIRECTION('',(-1.,0.,0.));
#16844=DIRECTION('',(0.,1.,0.));
#16845=DIRECTION('',(1.,0.,0.));
#16846=DIRECTION('',(0.,0.,-1.));
#16847=DIRECTION('',(0.,-1.,0.));
#16848=DIRECTION('',(0.,0.,-1.));
#16849=DIRECTION('',(0.,-1.,0.));
#16850=DIRECTION('',(0.,0.,-1.));
#16851=DIRECTION('',(0.,-1.,0.));
#16852=DIRECTION('',(0.,0.,-1.));
#16853=DIRECTION('',(0.,-1.,0.));
#16854=DIRECTION('',(0.,0.,-1.));
#16855=DIRECTION('',(0.,-1.,0.));
#16856=DIRECTION('',(0.,-1.,0.));
#16857=DIRECTION('',(-1.,0.,0.));
#16858=DIRECTION('',(0.,1.,0.));
#16859=DIRECTION('',(1.,0.,0.));
#16860=DIRECTION('',(0.,0.,-1.));
#16861=DIRECTION('',(0.,-1.,0.));
#16862=DIRECTION('',(0.,0.,-1.));
#16863=DIRECTION('',(0.,0.,-1.));
#16864=DIRECTION('',(0.,0.,1.));
#16865=DIRECTION('',(-1.,0.,0.));
#16866=DIRECTION('',(-3.5402519917894E-16,1.,0.));
#16867=DIRECTION('',(-1.,-3.5402519917894E-16,0.));
#16868=DIRECTION('',(0.,0.,-1.));
#16869=DIRECTION('',(-1.,-3.5402519917894E-16,0.));
#16870=DIRECTION('',(1.,-2.89120579329469E-15,0.));
#16871=DIRECTION('',(2.89120579329469E-15,1.,0.));
#16872=DIRECTION('',(0.,0.,-1.));
#16873=DIRECTION('',(2.89120579329469E-15,1.,0.));
#16874=DIRECTION('',(0.,0.,-1.));
#16875=DIRECTION('',(0.,-1.,0.));
#16876=DIRECTION('',(0.,0.,-1.));
#16877=DIRECTION('',(0.,0.,1.));
#16878=DIRECTION('',(-1.,0.,0.));
#16879=DIRECTION('',(6.8566145295526E-17,1.,0.));
#16880=DIRECTION('',(-1.,6.8566145295526E-17,0.));
#16881=DIRECTION('',(-1.,6.8566145295526E-17,0.));
#16882=DIRECTION('',(0.,0.,-1.));
#16883=DIRECTION('',(0.,0.,-1.));
#16884=DIRECTION('',(0.,-1.,0.));
#16885=DIRECTION('',(0.,0.,-1.));
#16886=DIRECTION('',(0.,0.,1.));
#16887=DIRECTION('',(-1.,0.,0.));
#16888=DIRECTION('',(-1.,0.,0.));
#16889=DIRECTION('',(0.,-1.,0.));
#16890=DIRECTION('',(0.,0.,-1.));
#16891=DIRECTION('',(0.,-1.,0.));
#16892=DIRECTION('',(0.,0.,-1.));
#16893=DIRECTION('',(0.,-1.,0.));
#16894=DIRECTION('',(0.,0.,-1.));
#16895=DIRECTION('',(0.,0.,1.));
#16896=DIRECTION('',(-1.,0.,0.));
#16897=DIRECTION('',(0.,-1.,0.));
#16898=DIRECTION('',(1.,0.,0.));
#16899=DIRECTION('',(0.,0.,-1.));
#16900=DIRECTION('',(1.,0.,0.));
#16901=DIRECTION('',(0.,0.,-1.));
#16902=DIRECTION('',(0.,-1.,0.));
#16903=DIRECTION('',(0.,0.,-1.));
#16904=DIRECTION('',(0.,0.,1.));
#16905=DIRECTION('',(-1.,0.,0.));
#16906=DIRECTION('',(1.,0.,0.));
#16907=DIRECTION('',(0.,1.,0.));
#16908=DIRECTION('',(0.,1.,0.));
#16909=DIRECTION('',(0.,-1.,0.));
#16910=DIRECTION('',(1.,0.,0.));
#16911=DIRECTION('',(1.,0.,0.));
#16912=DIRECTION('',(0.,0.,-1.));
#16913=DIRECTION('',(0.,0.,-1.));
#16914=DIRECTION('',(-1.,0.,0.));
#16915=DIRECTION('',(0.,-1.,0.));
#16916=DIRECTION('',(0.,-1.,0.));
#16917=DIRECTION('',(0.,0.,-1.));
#16918=DIRECTION('',(0.,1.,0.));
#16919=DIRECTION('',(-1.,0.,0.));
#16920=DIRECTION('',(-1.,0.,0.));
#16921=DIRECTION('',(0.,0.,-1.));
#16922=DIRECTION('',(1.,0.,0.));
#16923=DIRECTION('',(0.,1.,0.));
#16924=DIRECTION('',(0.,1.,0.));
#16925=DIRECTION('',(-1.,0.,0.));
#16926=DIRECTION('',(0.,-1.,0.));
#16927=DIRECTION('',(0.,-1.,0.));
#16928=DIRECTION('',(0.,0.,-1.));
#16929=DIRECTION('',(0.,0.,-1.));
#16930=DIRECTION('',(0.,1.,0.));
#16931=DIRECTION('',(-1.,0.,0.));
#16932=DIRECTION('',(-1.,0.,0.));
#16933=DIRECTION('',(0.,0.,-1.));
#16934=DIRECTION('',(1.,0.,0.));
#16935=DIRECTION('',(0.,1.,0.));
#16936=DIRECTION('',(0.,1.,0.));
#16937=DIRECTION('',(0.,0.,-1.));
#16938=DIRECTION('',(0.,-1.,0.));
#16939=DIRECTION('',(1.,0.,0.));
#16940=DIRECTION('',(1.,0.,0.));
#16941=DIRECTION('',(0.,-1.,0.));
#16942=DIRECTION('',(1.,0.,0.));
#16943=DIRECTION('',(1.,0.,0.));
#16944=DIRECTION('',(0.,0.,-1.));
#16945=DIRECTION('',(0.,0.,-1.));
#16946=DIRECTION('',(-1.,0.,0.));
#16947=DIRECTION('',(0.,-1.,0.));
#16948=DIRECTION('',(0.,-1.,0.));
#16949=DIRECTION('',(0.,0.,-1.));
#16950=DIRECTION('',(0.,1.,0.));
#16951=DIRECTION('',(-1.,0.,0.));
#16952=DIRECTION('',(-1.,0.,0.));
#16953=DIRECTION('',(0.,0.,-1.));
#16954=DIRECTION('',(1.,0.,0.));
#16955=DIRECTION('',(0.,1.,0.));
#16956=DIRECTION('',(0.,1.,0.));
#16957=DIRECTION('',(-1.,0.,0.));
#16958=DIRECTION('',(0.,-1.,0.));
#16959=DIRECTION('',(0.,-1.,0.));
#16960=DIRECTION('',(0.,0.,-1.));
#16961=DIRECTION('',(0.,0.,-1.));
#16962=DIRECTION('',(0.,1.,0.));
#16963=DIRECTION('',(-1.,0.,0.));
#16964=DIRECTION('',(-1.,0.,0.));
#16965=DIRECTION('',(0.,0.,-1.));
#16966=DIRECTION('',(1.,0.,0.));
#16967=DIRECTION('',(0.,1.,0.));
#16968=DIRECTION('',(0.,1.,0.));
#16969=DIRECTION('',(0.,0.,-1.));
#16970=DIRECTION('',(0.,-1.,0.));
#16971=DIRECTION('',(1.,0.,0.));
#16972=DIRECTION('',(1.,0.,0.));
#16973=DIRECTION('',(0.,-1.,0.));
#16974=DIRECTION('',(1.,0.,0.));
#16975=DIRECTION('',(1.,0.,0.));
#16976=DIRECTION('',(0.,0.,-1.));
#16977=DIRECTION('',(0.,0.,-1.));
#16978=DIRECTION('',(-1.,0.,0.));
#16979=DIRECTION('',(0.,-1.,0.));
#16980=DIRECTION('',(0.,-1.,0.));
#16981=DIRECTION('',(0.,0.,-1.));
#16982=DIRECTION('',(0.,1.,0.));
#16983=DIRECTION('',(-1.,0.,0.));
#16984=DIRECTION('',(-1.,0.,0.));
#16985=DIRECTION('',(0.,0.,-1.));
#16986=DIRECTION('',(1.,0.,0.));
#16987=DIRECTION('',(0.,1.,0.));
#16988=DIRECTION('',(0.,1.,0.));
#16989=DIRECTION('',(-1.,0.,0.));
#16990=DIRECTION('',(0.,-1.,0.));
#16991=DIRECTION('',(0.,-1.,0.));
#16992=DIRECTION('',(0.,0.,-1.));
#16993=DIRECTION('',(0.,0.,-1.));
#16994=DIRECTION('',(0.,1.,0.));
#16995=DIRECTION('',(-1.,0.,0.));
#16996=DIRECTION('',(-1.,0.,0.));
#16997=DIRECTION('',(0.,0.,-1.));
#16998=DIRECTION('',(1.,0.,0.));
#16999=DIRECTION('',(0.,1.,0.));
#17000=DIRECTION('',(0.,1.,0.));
#17001=DIRECTION('',(0.,0.,-1.));
#17002=DIRECTION('',(0.,-1.,0.));
#17003=DIRECTION('',(1.,0.,0.));
#17004=DIRECTION('',(1.,0.,0.));
#17005=DIRECTION('',(0.,-1.,0.));
#17006=DIRECTION('',(1.,0.,0.));
#17007=DIRECTION('',(1.,0.,0.));
#17008=DIRECTION('',(0.,0.,-1.));
#17009=DIRECTION('',(0.,0.,-1.));
#17010=DIRECTION('',(-1.,0.,0.));
#17011=DIRECTION('',(0.,-1.,0.));
#17012=DIRECTION('',(0.,-1.,0.));
#17013=DIRECTION('',(0.,0.,-1.));
#17014=DIRECTION('',(0.,1.,0.));
#17015=DIRECTION('',(-1.,0.,0.));
#17016=DIRECTION('',(-1.,0.,0.));
#17017=DIRECTION('',(0.,0.,-1.));
#17018=DIRECTION('',(1.,0.,0.));
#17019=DIRECTION('',(0.,1.,0.));
#17020=DIRECTION('',(0.,1.,0.));
#17021=DIRECTION('',(-1.,0.,0.));
#17022=DIRECTION('',(0.,-1.,0.));
#17023=DIRECTION('',(0.,-1.,0.));
#17024=DIRECTION('',(0.,0.,-1.));
#17025=DIRECTION('',(0.,0.,-1.));
#17026=DIRECTION('',(0.,1.,0.));
#17027=DIRECTION('',(-1.,0.,0.));
#17028=DIRECTION('',(-1.,0.,0.));
#17029=DIRECTION('',(0.,0.,-1.));
#17030=DIRECTION('',(1.,0.,0.));
#17031=DIRECTION('',(0.,1.,0.));
#17032=DIRECTION('',(0.,1.,0.));
#17033=DIRECTION('',(0.,0.,-1.));
#17034=DIRECTION('',(0.,-1.,0.));
#17035=DIRECTION('',(1.,0.,0.));
#17036=DIRECTION('',(1.,0.,0.));
#17037=DIRECTION('',(0.,-1.,0.));
#17038=DIRECTION('',(1.,0.,0.));
#17039=DIRECTION('',(1.,0.,0.));
#17040=DIRECTION('',(0.,0.,-1.));
#17041=DIRECTION('',(0.,0.,-1.));
#17042=DIRECTION('',(-1.,0.,0.));
#17043=DIRECTION('',(0.,-1.,0.));
#17044=DIRECTION('',(0.,-1.,0.));
#17045=DIRECTION('',(0.,0.,-1.));
#17046=DIRECTION('',(0.,1.,0.));
#17047=DIRECTION('',(-1.,0.,0.));
#17048=DIRECTION('',(-1.,0.,0.));
#17049=DIRECTION('',(0.,0.,-1.));
#17050=DIRECTION('',(1.,0.,0.));
#17051=DIRECTION('',(0.,1.,0.));
#17052=DIRECTION('',(0.,1.,0.));
#17053=DIRECTION('',(-1.,0.,0.));
#17054=DIRECTION('',(0.,-1.,0.));
#17055=DIRECTION('',(0.,-1.,0.));
#17056=DIRECTION('',(0.,0.,-1.));
#17057=DIRECTION('',(0.,0.,-1.));
#17058=DIRECTION('',(0.,1.,0.));
#17059=DIRECTION('',(-1.,0.,0.));
#17060=DIRECTION('',(-1.,0.,0.));
#17061=DIRECTION('',(0.,0.,-1.));
#17062=DIRECTION('',(1.,0.,0.));
#17063=DIRECTION('',(0.,1.,0.));
#17064=DIRECTION('',(0.,1.,0.));
#17065=DIRECTION('',(0.,0.,-1.));
#17066=DIRECTION('',(0.,-1.,0.));
#17067=DIRECTION('',(1.,0.,0.));
#17068=DIRECTION('',(1.,0.,0.));
#17069=DIRECTION('',(0.,-1.,0.));
#17070=DIRECTION('',(1.,0.,0.));
#17071=DIRECTION('',(1.,0.,0.));
#17072=DIRECTION('',(0.,0.,-1.));
#17073=DIRECTION('',(0.,0.,-1.));
#17074=DIRECTION('',(-1.,0.,0.));
#17075=DIRECTION('',(0.,-1.,0.));
#17076=DIRECTION('',(0.,-1.,0.));
#17077=DIRECTION('',(0.,0.,-1.));
#17078=DIRECTION('',(0.,1.,0.));
#17079=DIRECTION('',(-1.,0.,0.));
#17080=DIRECTION('',(-1.,0.,0.));
#17081=DIRECTION('',(0.,0.,-1.));
#17082=DIRECTION('',(1.,0.,0.));
#17083=DIRECTION('',(0.,1.,0.));
#17084=DIRECTION('',(0.,1.,0.));
#17085=DIRECTION('',(-1.,0.,0.));
#17086=DIRECTION('',(0.,-1.,0.));
#17087=DIRECTION('',(0.,-1.,0.));
#17088=DIRECTION('',(0.,0.,-1.));
#17089=DIRECTION('',(0.,0.,-1.));
#17090=DIRECTION('',(0.,1.,0.));
#17091=DIRECTION('',(-1.,0.,0.));
#17092=DIRECTION('',(-1.,0.,0.));
#17093=DIRECTION('',(0.,0.,-1.));
#17094=DIRECTION('',(1.,0.,0.));
#17095=DIRECTION('',(0.,1.,0.));
#17096=DIRECTION('',(0.,1.,0.));
#17097=DIRECTION('',(0.,0.,-1.));
#17098=DIRECTION('',(0.,-1.,0.));
#17099=DIRECTION('',(1.,0.,0.));
#17100=DIRECTION('',(1.,0.,0.));
#17101=DIRECTION('',(0.,0.,-1.));
#17102=DIRECTION('',(0.,-1.,0.));
#17103=DIRECTION('',(0.,0.,1.));
#17104=DIRECTION('',(0.,-1.,0.));
#17105=DIRECTION('',(0.,0.,-1.));
#17106=DIRECTION('',(0.,-1.,0.));
#17107=DIRECTION('',(0.,0.,1.));
#17108=DIRECTION('',(0.,1.,0.));
#17109=DIRECTION('',(0.,0.,1.));
#17110=DIRECTION('',(0.,1.,0.));
#17111=DIRECTION('',(0.,0.,1.));
#17112=DIRECTION('',(0.,1.,0.));
#17113=DIRECTION('',(0.,0.,1.));
#17114=DIRECTION('',(0.,1.,0.));
#17115=DIRECTION('',(0.,0.,1.));
#17116=DIRECTION('',(0.,1.,0.));
#17117=DIRECTION('',(1.,0.,0.));
#17118=DIRECTION('',(0.,1.,0.));
#17119=DIRECTION('',(0.,-1.,0.));
#17120=DIRECTION('',(0.,0.,-1.));
#17121=DIRECTION('',(0.,0.,-1.));
#17122=DIRECTION('',(0.,-1.,0.));
#17123=DIRECTION('',(1.,0.,0.));
#17124=DIRECTION('',(-1.,0.,0.));
#17125=DIRECTION('',(0.,0.,-1.));
#17126=DIRECTION('',(-1.,0.,0.));
#17127=DIRECTION('',(0.,-1.,0.));
#17128=DIRECTION('',(0.,1.,0.));
#17129=DIRECTION('',(0.,0.,-1.));
#17130=DIRECTION('',(0.,1.,0.));
#17131=DIRECTION('',(-1.,0.,0.));
#17132=DIRECTION('',(1.,0.,0.));
#17133=DIRECTION('',(-1.,0.,0.));
#17134=DIRECTION('',(0.,-1.,0.));
#17135=DIRECTION('',(0.,1.,0.));
#17136=DIRECTION('',(0.,0.,-1.));
#17137=DIRECTION('',(0.,0.,-1.));
#17138=DIRECTION('',(0.,1.,0.));
#17139=DIRECTION('',(-1.,0.,0.));
#17140=DIRECTION('',(1.,0.,0.));
#17141=DIRECTION('',(0.,0.,-1.));
#17142=DIRECTION('',(1.,0.,0.));
#17143=DIRECTION('',(0.,1.,0.));
#17144=DIRECTION('',(0.,-1.,0.));
#17145=DIRECTION('',(0.,0.,-1.));
#17146=DIRECTION('',(0.,-1.,0.));
#17147=DIRECTION('',(1.,0.,0.));
#17148=DIRECTION('',(-1.,0.,0.));
#17149=DIRECTION('',(0.,0.,1.));
#17150=DIRECTION('',(0.,1.,0.));
#17151=DIRECTION('',(0.,0.,1.));
#17152=DIRECTION('',(1.,0.,0.));
#17153=DIRECTION('',(0.,0.,1.));
#17154=DIRECTION('',(0.,1.,0.));
#17155=DIRECTION('',(0.,0.,1.));
#17156=DIRECTION('',(1.,0.,0.));
#17157=DIRECTION('',(-1.,0.,0.));
#17158=DIRECTION('',(0.,-1.,0.));
#17159=DIRECTION('',(0.,-1.,0.));
#17160=DIRECTION('',(0.,0.,-1.));
#17161=DIRECTION('',(0.,0.,-1.));
#17162=DIRECTION('',(0.,1.,0.));
#17163=DIRECTION('',(-1.,0.,0.));
#17164=DIRECTION('',(-1.,0.,0.));
#17165=DIRECTION('',(0.,0.,-1.));
#17166=DIRECTION('',(1.,0.,0.));
#17167=DIRECTION('',(0.,1.,0.));
#17168=DIRECTION('',(0.,1.,0.));
#17169=DIRECTION('',(0.,0.,-1.));
#17170=DIRECTION('',(0.,-1.,0.));
#17171=DIRECTION('',(1.,0.,0.));
#17172=DIRECTION('',(1.,0.,0.));
#17173=DIRECTION('',(0.,0.,1.));
#17174=DIRECTION('',(0.,1.,0.));
#17175=DIRECTION('',(-1.,0.,0.));
#17176=DIRECTION('',(0.,-1.,0.));
#17177=DIRECTION('',(0.,0.,1.));
#17178=DIRECTION('',(0.,0.,1.));
#17179=DIRECTION('',(0.,-1.,0.));
#17180=DIRECTION('',(0.,-1.,0.));
#17181=DIRECTION('',(1.,0.,0.));
#17182=DIRECTION('',(0.,0.,1.));
#17183=DIRECTION('',(1.,0.,0.));
#17184=DIRECTION('',(1.,0.,0.));
#17185=DIRECTION('',(0.,1.,0.));
#17186=DIRECTION('',(0.,0.,1.));
#17187=DIRECTION('',(0.,1.,0.));
#17188=DIRECTION('',(0.,1.,0.));
#17189=DIRECTION('',(-1.,0.,0.));
#17190=DIRECTION('',(-1.,0.,0.));
#17191=DIRECTION('',(-0.992546151641322,-6.07759233806784E-17,0.121869343405147));
#17192=DIRECTION('',(0.121869343405147,0.,0.992546151641322));
#17193=DIRECTION('',(-0.120974291151355,0.120974291151355,-0.985256536015293));
#17194=DIRECTION('',(-0.120974291151355,-0.120974291151355,-0.985256536015293));
#17195=DIRECTION('',(0.,-0.992546151641322,-0.121869343405148));
#17196=DIRECTION('',(0.,-0.121869343405148,0.992546151641322));
#17197=DIRECTION('',(-7.59373602754271E-18,-0.121869343405148,0.992546151641322));
#17198=DIRECTION('',(-1.,0.,0.));
#17199=DIRECTION('',(7.59373602754271E-18,0.121869343405148,-0.992546151641322));
#17200=DIRECTION('',(1.,0.,0.));
#17201=DIRECTION('',(0.120974291151355,0.120974291151355,-0.985256536015293));
#17202=DIRECTION('',(0.992546151641322,-6.07759233806784E-17,0.121869343405147));
#17203=DIRECTION('',(0.121869343405147,0.,-0.992546151641322));
#17204=DIRECTION('',(0.120974291151355,-0.120974291151355,-0.985256536015293));
#17205=DIRECTION('',(6.12323399573676E-17,1.,0.));
#17206=DIRECTION('',(0.,0.992546151641322,-0.121869343405148));
#17207=DIRECTION('',(0.,-0.121869343405148,-0.992546151641322));
#17208=DIRECTION('',(1.,0.,0.));
#17209=DIRECTION('',(-7.59373602754271E-18,-0.121869343405148,-0.992546151641322));
#17210=DIRECTION('',(-1.,0.,0.));
#17211=DIRECTION('',(7.59373602754271E-18,0.121869343405148,0.992546151641322));
#17212=DIRECTION('',(1.,0.,0.));
#17213=DIRECTION('',(0.,1.,0.));
#17214=DIRECTION('',(0.,0.,1.));
#17215=DIRECTION('',(0.,0.,1.));
#17216=DIRECTION('',(0.,-1.,0.));
#17217=DIRECTION('',(0.,1.,0.));
#17218=DIRECTION('',(-1.,0.,0.));
#17219=DIRECTION('',(0.,0.,1.));
#17220=DIRECTION('',(1.,0.,0.));
#17221=DIRECTION('',(-1.,0.,0.));
#17222=DIRECTION('',(0.,-1.,0.));
#17223=DIRECTION('',(0.,0.,1.));
#17224=DIRECTION('',(0.,1.,0.));
#17225=DIRECTION('',(0.,-1.,0.));
#17226=DIRECTION('',(1.,0.,0.));
#17227=DIRECTION('',(-1.,0.,0.));
#17228=DIRECTION('',(1.,0.,0.));
#17229=DIRECTION('',(0.,1.,0.));
#17230=DIRECTION('',(0.,0.,1.));
#17231=DIRECTION('',(0.,0.,1.));
#17232=DIRECTION('',(0.,-1.,0.));
#17233=DIRECTION('',(0.,1.,0.));
#17234=DIRECTION('',(-1.,0.,0.));
#17235=DIRECTION('',(0.,0.,1.));
#17236=DIRECTION('',(1.,0.,0.));
#17237=DIRECTION('',(-1.,0.,0.));
#17238=DIRECTION('',(0.,-1.,0.));
#17239=DIRECTION('',(0.,0.,1.));
#17240=DIRECTION('',(0.,1.,0.));
#17241=DIRECTION('',(0.,-1.,0.));
#17242=DIRECTION('',(1.,0.,0.));
#17243=DIRECTION('',(-1.,0.,0.));
#17244=DIRECTION('',(1.,0.,0.));
#17245=DIRECTION('',(0.,1.,0.));
#17246=DIRECTION('',(0.,0.,1.));
#17247=DIRECTION('',(0.,0.,1.));
#17248=DIRECTION('',(0.,1.,0.));
#17249=DIRECTION('',(-1.,0.,0.));
#17250=DIRECTION('',(0.,0.,1.));
#17251=DIRECTION('',(-1.,0.,0.));
#17252=DIRECTION('',(0.,-1.,0.));
#17253=DIRECTION('',(0.,0.,1.));
#17254=DIRECTION('',(0.,-1.,0.));
#17255=DIRECTION('',(1.,0.,0.));
#17256=DIRECTION('',(1.,0.,0.));
#17257=DIRECTION('',(0.,1.,0.));
#17258=DIRECTION('',(0.,0.,1.));
#17259=DIRECTION('',(0.,0.,1.));
#17260=DIRECTION('',(0.,1.,0.));
#17261=DIRECTION('',(-1.,0.,0.));
#17262=DIRECTION('',(0.,0.,1.));
#17263=DIRECTION('',(-1.,0.,0.));
#17264=DIRECTION('',(0.,-1.,0.));
#17265=DIRECTION('',(0.,0.,1.));
#17266=DIRECTION('',(0.,-1.,0.));
#17267=DIRECTION('',(1.,0.,0.));
#17268=DIRECTION('',(1.,0.,0.));
#17269=DIRECTION('',(0.,1.,0.));
#17270=DIRECTION('',(0.,0.,1.));
#17271=DIRECTION('',(0.,0.,1.));
#17272=DIRECTION('',(0.,1.,0.));
#17273=DIRECTION('',(-1.,0.,0.));
#17274=DIRECTION('',(0.,0.,1.));
#17275=DIRECTION('',(-1.,0.,0.));
#17276=DIRECTION('',(0.,-1.,0.));
#17277=DIRECTION('',(0.,0.,1.));
#17278=DIRECTION('',(0.,-1.,0.));
#17279=DIRECTION('',(1.,0.,0.));
#17280=DIRECTION('',(1.,0.,0.));
#17281=DIRECTION('',(0.,1.,0.));
#17282=DIRECTION('',(0.,0.,1.));
#17283=DIRECTION('',(0.,0.,1.));
#17284=DIRECTION('',(0.,1.,0.));
#17285=DIRECTION('',(-1.,0.,0.));
#17286=DIRECTION('',(0.,0.,1.));
#17287=DIRECTION('',(-1.,0.,0.));
#17288=DIRECTION('',(0.,-1.,0.));
#17289=DIRECTION('',(0.,0.,1.));
#17290=DIRECTION('',(0.,-1.,0.));
#17291=DIRECTION('',(1.,0.,0.));
#17292=DIRECTION('',(0.,0.,-1.));
#17293=DIRECTION('',(0.,-1.,0.));
#17294=DIRECTION('',(6.2310469683075E-17,1.,0.));
#17295=DIRECTION('',(-1.,6.2310469683075E-17,0.));
#17296=DIRECTION('',(-6.2310469683075E-17,-1.,0.));
#17297=DIRECTION('',(-6.2310469683075E-17,-1.,0.));
#17298=DIRECTION('',(1.,-6.2310469683075E-17,0.));
#17299=DIRECTION('',(6.2310469683075E-17,1.,0.));
#17300=DIRECTION('',(-6.2310469683075E-17,-1.,0.));
#17301=DIRECTION('',(0.,0.,1.));
#17302=DIRECTION('',(1.,0.,0.));
#17303=DIRECTION('',(-1.,6.2310469683075E-17,0.));
#17304=DIRECTION('',(-6.2310469683075E-17,-1.,0.));
#17305=DIRECTION('',(-6.2310469683075E-17,-1.,0.));
#17306=DIRECTION('',(0.,0.,1.));
#17307=DIRECTION('',(1.,0.,0.));
#17308=DIRECTION('',(-6.2310469683075E-17,-1.,0.));
#17309=DIRECTION('',(1.,-6.2310469683075E-17,0.));
#17310=DIRECTION('',(6.2310469683075E-17,1.,0.));
#17311=DIRECTION('',(0.,0.,1.));
#17312=DIRECTION('',(1.,0.,0.));
#17313=DIRECTION('',(0.,-1.,0.));
#17314=DIRECTION('',(0.,0.,-1.));
#17315=DIRECTION('',(0.,-1.,0.));
#17316=DIRECTION('',(0.,0.,-1.));
#17317=DIRECTION('',(6.7762635780344E-17,-1.,0.));
#17318=DIRECTION('',(1.,6.7762635780344E-17,0.));
#17319=DIRECTION('',(0.,-1.,0.));
#17320=DIRECTION('',(0.,0.,-1.));
#17321=DIRECTION('',(1.,0.,0.));
#17322=DIRECTION('',(0.,0.,-1.));
#17323=DIRECTION('',(1.,0.,0.));
#17324=DIRECTION('',(0.,0.,-1.));
#17325=DIRECTION('',(1.,-6.7762635780344E-17,0.));
#17326=DIRECTION('',(0.,0.,-1.));
#17327=DIRECTION('',(0.,0.,1.));
#17328=DIRECTION('',(1.,0.,0.));
#17329=DIRECTION('',(0.707106781186551,-0.707106781186544,0.));
#17330=DIRECTION('',(0.,0.,-1.));
#17331=DIRECTION('',(0.707106781186551,-0.707106781186544,0.));
#17332=DIRECTION('',(0.707106781186544,0.707106781186551,0.));
#17333=DIRECTION('',(0.70710678118655,-0.707106781186546,0.));
#17334=DIRECTION('',(0.,0.,-1.));
#17335=DIRECTION('',(0.,0.,-1.));
#17336=DIRECTION('',(-1.,0.,0.));
#17337=DIRECTION('',(1.,-6.7762635780344E-17,0.));
#17338=DIRECTION('',(0.,0.,-1.));
#17339=DIRECTION('',(1.,0.,0.));
#17340=DIRECTION('',(0.,0.,-1.));
#17341=DIRECTION('',(1.,1.49077798716757E-16,0.));
#17342=DIRECTION('',(0.,0.,-1.));
#17343=DIRECTION('',(0.,0.,-1.));
#17344=DIRECTION('',(-1.,0.,0.));
#17345=DIRECTION('',(0.707106781186546,0.707106781186549,0.));
#17346=DIRECTION('',(0.,0.,-1.));
#17347=DIRECTION('',(0.707106781186546,0.707106781186549,0.));
#17348=DIRECTION('',(-0.707106781186549,0.707106781186546,0.));
#17349=DIRECTION('',(0.707106781186545,0.70710678118655,0.));
#17350=DIRECTION('',(0.,0.,-1.));
#17351=DIRECTION('',(0.,0.,1.));
#17352=DIRECTION('',(1.,0.,0.));
#17353=DIRECTION('',(1.,-6.7762635780344E-17,0.));
#17354=DIRECTION('',(0.,0.,-1.));
#17355=DIRECTION('',(1.,0.,0.));
#17356=DIRECTION('',(0.,0.,-1.));
#17357=DIRECTION('',(1.,-6.7762635780344E-17,0.));
#17358=DIRECTION('',(0.,0.,-1.));
#17359=DIRECTION('',(0.,0.,1.));
#17360=DIRECTION('',(1.,0.,0.));
#17361=DIRECTION('',(1.,-6.7762635780344E-17,0.));
#17362=DIRECTION('',(0.,0.,-1.));
#17363=DIRECTION('',(1.,-6.7762635780344E-17,0.));
#17364=DIRECTION('',(6.7762635780344E-17,1.,0.));
#17365=DIRECTION('',(-1.,0.,0.));
#17366=DIRECTION('',(0.,0.,1.));
#17367=DIRECTION('',(1.,-5.2044367153531E-31,1.66533453693773E-16));
#17368=DIRECTION('',(5.41446503583532E-31,1.,-1.26117795448128E-16));
#17369=DIRECTION('',(0.,-1.,0.));
#17370=DIRECTION('',(-1.,0.,0.));
#17371=DIRECTION('',(0.,-1.,0.));
#17372=DIRECTION('',(0.,0.,-1.));
#17373=DIRECTION('',(0.,-1.,0.));
#17374=DIRECTION('',(0.,0.,-1.));
#17375=DIRECTION('',(0.,1.,0.));
#17376=DIRECTION('',(0.,0.,1.));
#17377=DIRECTION('',(0.,1.,0.));
#17378=DIRECTION('',(0.,0.,1.));
#17379=DIRECTION('',(0.,-1.,0.));
#17380=DIRECTION('',(0.,0.,-1.));
#17381=DIRECTION('',(0.,-1.,0.));
#17382=DIRECTION('',(0.,0.,-1.));
#17383=DIRECTION('',(0.,-1.,0.));
#17384=DIRECTION('',(0.,0.,-1.));
#17385=DIRECTION('',(0.,-1.,0.));
#17386=DIRECTION('',(0.,0.,-1.));
#17387=DIRECTION('',(0.,-1.,0.));
#17388=DIRECTION('',(0.,0.,-1.));
#17389=DIRECTION('',(0.,-1.,0.));
#17390=DIRECTION('',(0.,0.,-1.));
#17391=DIRECTION('',(0.,-1.,0.));
#17392=DIRECTION('',(-1.,0.,0.));
#17393=DIRECTION('',(0.,-1.,0.));
#17394=DIRECTION('',(0.,0.,-1.));
#17395=DIRECTION('',(0.,-1.,0.));
#17396=DIRECTION('',(0.,0.,-1.));
#17397=DIRECTION('',(0.,1.,0.));
#17398=DIRECTION('',(0.,0.,1.));
#17399=DIRECTION('',(1.,-6.12323399573681E-17,1.66533453693773E-16));
#17400=DIRECTION('',(6.12323399573682E-17,1.,-1.87350135405496E-16));
#17401=DIRECTION('',(0.,0.,1.));
#17402=DIRECTION('',(1.,0.,0.));
#17403=DIRECTION('',(0.,1.,0.));
#17404=DIRECTION('',(-1.,0.,0.));
#17405=DIRECTION('',(-0.0208093383673792,0.,0.999783462274062));
#17406=DIRECTION('',(-0.999783462274063,0.,-0.0208093383673776));
#17407=DIRECTION('',(0.0208093383673792,0.,-0.999783462274062));
#17408=DIRECTION('',(0.99954636097844,0.,0.0301176402587978));
#17409=DIRECTION('',(0.,1.,0.));
#17410=DIRECTION('',(-1.,0.,0.));
#17411=DIRECTION('',(0.0208093383673792,0.,-0.999783462274062));
#17412=DIRECTION('',(0.999783462274063,0.,0.0208093383673776));
#17413=DIRECTION('',(-0.0208093383673792,0.,0.999783462274062));
#17414=DIRECTION('',(0.99954636097844,0.,0.0301176402587978));
#17415=DIRECTION('',(0.,1.,0.));
#17416=DIRECTION('',(-1.,0.,0.));
#17417=DIRECTION('',(0.,1.,0.));
#17418=DIRECTION('',(0.,1.,0.));
#17419=DIRECTION('',(-0.93008766999793,0.,0.367337618707671));
#17420=DIRECTION('',(-0.367337618707671,0.,-0.93008766999793));
#17421=DIRECTION('',(0.,1.,0.));
#17422=DIRECTION('',(-0.93008766999793,0.,0.367337618707671));
#17423=DIRECTION('',(-0.367337618707671,3.63499017453619E-16,-0.93008766999793));
#17424=DIRECTION('',(-0.306496237998544,0.551201687397309,-0.776039145857411));
#17425=DIRECTION('',(-0.93008766999793,0.,0.367337618707671));
#17426=DIRECTION('',(0.367337618707671,0.,0.93008766999793));
#17427=DIRECTION('',(-0.93008766999793,0.,0.367337618707671));
#17428=DIRECTION('',(0.367337618707671,0.,0.93008766999793));
#17429=DIRECTION('',(0.306496237998544,0.551201687397309,0.776039145857411));
#17430=DIRECTION('',(-0.93008766999793,0.,0.367337618707671));
#17431=DIRECTION('',(-0.367337618707671,3.64855341045589E-16,-0.93008766999793));
#17432=DIRECTION('',(0.,1.,0.));
#17433=DIRECTION('',(-1.,0.,0.));
#17434=DIRECTION('',(1.20072900876816E-16,1.,-3.14627425082453E-17));
#17435=DIRECTION('',(-1.,1.20072900876816E-16,0.));
#17436=DIRECTION('',(-1.22042887757899E-16,-1.,-2.26481619304196E-17));
#17437=DIRECTION('',(1.,-1.22042887757899E-16,0.));
#17438=DIRECTION('',(0.,1.,0.));
#17439=DIRECTION('',(-0.999633385180321,0.,0.0270757314385345));
#17440=DIRECTION('',(-0.0270757314385345,0.,-0.999633385180321));
#17441=DIRECTION('',(0.,1.,0.));
#17442=DIRECTION('',(0.0191454333057735,0.707106781186548,0.706847545361469));
#17443=DIRECTION('',(0.0270757314385345,0.,0.999633385180321));
#17444=DIRECTION('',(-0.999633385180321,0.,0.0270757314385345));
#17445=DIRECTION('',(-0.0270757314385345,0.,-0.999633385180321));
#17446=DIRECTION('',(1.22065283189658E-19,1.,4.50663844575631E-18));
#17447=DIRECTION('',(-0.0270757314385345,-2.82001461833876E-17,-0.999633385180321));
#17448=DIRECTION('',(0.0270757314385345,-2.59442592315336E-17,0.999633385180321));
#17449=DIRECTION('',(1.22065283189658E-19,1.,4.50663844575631E-18));
#17450=DIRECTION('',(-0.999633385180321,0.,0.0270757314385345));
#17451=DIRECTION('',(0.0270757314385345,0.,0.999633385180321));
#17452=DIRECTION('',(0.0270757314385345,0.,0.999633385180321));
#17453=DIRECTION('',(0.0191454333057735,-0.707106781186547,0.706847545361469));
#17454=DIRECTION('',(-0.0270757314385292,0.,-0.999633385180321));
#17455=DIRECTION('',(0.999633385180321,0.,-0.0270757314385292));
#17456=DIRECTION('',(0.,1.,0.));
#17457=DIRECTION('',(0.999633385180321,0.,-0.0270757314385292));
#17458=DIRECTION('',(-0.999633385180321,0.,0.0270757314385292));
#17459=DIRECTION('',(0.999633385180321,0.,-0.0270757314385345));
#17460=DIRECTION('',(0.0270757314385345,0.,0.999633385180321));
#17461=DIRECTION('',(-0.0270757314385345,0.,-0.999633385180321));
#17462=DIRECTION('',(-0.0191454333057735,-0.707106781186548,-0.706847545361469));
#17463=DIRECTION('',(-0.0191454333057735,0.707106781186547,-0.706847545361469));
#17464=DIRECTION('',(-0.0270757314385345,0.,-0.999633385180321));
#17465=DIRECTION('',(0.999633385180321,0.,-0.0270757314385345));
#17466=DIRECTION('',(0.0270757314385345,0.,0.999633385180321));
#17467=DIRECTION('',(-1.22065283189658E-19,-1.,-4.50663844575631E-18));
#17468=DIRECTION('',(-0.0270757314385345,2.59442592315336E-17,-0.999633385180321));
#17469=DIRECTION('',(0.,1.,0.));
#17470=DIRECTION('',(0.0270757314385345,2.82001461833876E-17,0.999633385180321));
#17471=DIRECTION('',(-1.22065283189658E-19,-1.,-4.50663844575631E-18));
#17472=DIRECTION('',(0.999633385180321,0.,-0.0270757314385345));
#17473=DIRECTION('',(-0.0270757314385345,0.,-0.999633385180321));
#17474=DIRECTION('',(0.,1.,0.));
#17475=DIRECTION('',(-1.,0.,0.));
#17476=DIRECTION('',(0.,1.,0.));
#17477=DIRECTION('',(1.20072900876816E-16,1.,-3.14627425082453E-17));
#17478=DIRECTION('',(-1.,1.20072900876816E-16,0.));
#17479=DIRECTION('',(-1.22042887757899E-16,-1.,-2.26481619304196E-17));
#17480=DIRECTION('',(1.,-1.22042887757899E-16,0.));
#17481=DIRECTION('',(0.93008766999793,0.,-0.36733761870767));
#17482=DIRECTION('',(0.36733761870767,0.,0.93008766999793));
#17483=DIRECTION('',(-0.36733761870767,0.,-0.93008766999793));
#17484=DIRECTION('',(0.,-1.,0.));
#17485=DIRECTION('',(0.36733761870767,0.,0.93008766999793));
#17486=DIRECTION('',(0.93008766999793,0.,-0.36733761870767));
#17487=DIRECTION('',(0.36733761870767,0.,0.93008766999793));
#17488=DIRECTION('',(0.306496237998543,-0.551201687397309,0.776039145857411));
#17489=DIRECTION('',(0.93008766999793,0.,-0.36733761870767));
#17490=DIRECTION('',(-0.36733761870767,3.6349901745362E-16,-0.93008766999793));
#17491=DIRECTION('',(0.93008766999793,0.,-0.36733761870767));
#17492=DIRECTION('',(-0.36733761870767,3.64855341045589E-16,-0.93008766999793));
#17493=DIRECTION('',(-0.306496237998543,-0.551201687397309,-0.776039145857411));
#17494=DIRECTION('',(0.93008766999793,0.,-0.36733761870767));
#17495=DIRECTION('',(0.36733761870767,0.,0.93008766999793));
#17496=DIRECTION('',(-0.9323719289918,0.,-0.361500464768873));
#17497=DIRECTION('',(0.361500464768873,0.,-0.9323719289918));
#17498=DIRECTION('',(0.361500464768873,0.,-0.9323719289918));
#17499=DIRECTION('',(0.,1.,0.));
#17500=DIRECTION('',(-0.361500464768873,0.,0.9323719289918));
#17501=DIRECTION('',(-0.9323719289918,0.,-0.361500464768873));
#17502=DIRECTION('',(-0.361500464768873,0.,0.9323719289918));
#17503=DIRECTION('',(-0.301644988115347,0.551121666335457,0.777994350905276));
#17504=DIRECTION('',(-0.9323719289918,0.,-0.361500464768873));
#17505=DIRECTION('',(0.361500464768873,-3.63499017453621E-16,-0.9323719289918));
#17506=DIRECTION('',(0.,1.,0.));
#17507=DIRECTION('',(-0.9323719289918,0.,-0.361500464768873));
#17508=DIRECTION('',(0.361500464768873,-3.64872990795009E-16,-0.9323719289918));
#17509=DIRECTION('',(0.301644988115347,0.551121666335457,-0.777994350905276));
#17510=DIRECTION('',(-0.9323719289918,0.,-0.361500464768873));
#17511=DIRECTION('',(-0.361500464768873,0.,0.9323719289918));
#17512=DIRECTION('',(0.,1.,0.));
#17513=DIRECTION('',(-1.,0.,0.));
#17514=DIRECTION('',(1.2108314171962E-16,1.,3.64839355740019E-18));
#17515=DIRECTION('',(-1.,1.2108314171962E-16,0.));
#17516=DIRECTION('',(-1.2108314171962E-16,-1.,-3.64839355740019E-18));
#17517=DIRECTION('',(1.,-1.2108314171962E-16,0.));
#17518=DIRECTION('',(0.,1.,0.));
#17519=DIRECTION('',(-0.999783462274063,0.,-0.0208093383673792));
#17520=DIRECTION('',(0.0208093383673792,0.,-0.999783462274063));
#17521=DIRECTION('',(-0.0147144242715793,-0.707106781186545,0.706953665892157));
#17522=DIRECTION('',(0.,1.,0.));
#17523=DIRECTION('',(-0.0147144242715792,0.707106781186548,0.706953665892154));
#17524=DIRECTION('',(-0.999783462274063,0.,-0.0208093383673792));
#17525=DIRECTION('',(-0.0208093383673792,0.,0.999783462274063));
#17526=DIRECTION('',(7.766051406071E-20,1.,-3.73119492118571E-18));
#17527=DIRECTION('',(0.0208093383673792,1.12794347592705E-18,-0.999783462274063));
#17528=DIRECTION('',(-0.0208093383673792,-1.12794347592705E-18,0.999783462274063));
#17529=DIRECTION('',(7.766051406071E-20,1.,-3.73119492118571E-18));
#17530=DIRECTION('',(-0.999783462274063,0.,-0.0208093383673792));
#17531=DIRECTION('',(0.0208093383673792,0.,-0.999783462274063));
#17532=DIRECTION('',(0.0208093383673776,0.,-0.999783462274063));
#17533=DIRECTION('',(0.999783462274063,0.,0.0208093383673776));
#17534=DIRECTION('',(-0.999783462274063,0.,-0.0208093383673776));
#17535=DIRECTION('',(0.,1.,0.));
#17536=DIRECTION('',(0.999783462274063,0.,0.0208093383673776));
#17537=DIRECTION('',(0.999783462274063,0.,0.0208093383673792));
#17538=DIRECTION('',(-0.0208093383673792,0.,0.999783462274063));
#17539=DIRECTION('',(0.0147144242715793,0.707106781186545,-0.706953665892157));
#17540=DIRECTION('',(0.999783462274063,0.,0.0208093383673792));
#17541=DIRECTION('',(0.0208093383673792,0.,-0.999783462274063));
#17542=DIRECTION('',(-7.766051406071E-20,-1.,3.73119492118571E-18));
#17543=DIRECTION('',(0.0208093383673792,1.12794347592704E-18,-0.999783462274063));
#17544=DIRECTION('',(0.,1.,0.));
#17545=DIRECTION('',(-0.0208093383673792,-1.12794347592704E-18,0.999783462274063));
#17546=DIRECTION('',(-7.766051406071E-20,-1.,3.73119492118571E-18));
#17547=DIRECTION('',(0.999783462274063,0.,0.0208093383673792));
#17548=DIRECTION('',(-0.0208093383673792,0.,0.999783462274063));
#17549=DIRECTION('',(0.0147144242715792,-0.707106781186548,-0.706953665892154));
#17550=DIRECTION('',(0.,1.,0.));
#17551=DIRECTION('',(-1.,0.,0.));
#17552=DIRECTION('',(0.,1.,0.));
#17553=DIRECTION('',(1.2108314171962E-16,1.,3.64839355740019E-18));
#17554=DIRECTION('',(-1.,1.2108314171962E-16,0.));
#17555=DIRECTION('',(-1.2108314171962E-16,-1.,-3.64839355740019E-18));
#17556=DIRECTION('',(1.,-1.2108314171962E-16,0.));
#17557=DIRECTION('',(0.9323719289918,0.,0.361500464768873));
#17558=DIRECTION('',(-0.361500464768873,0.,0.9323719289918));
#17559=DIRECTION('',(-0.301644988115347,-0.551121666335457,0.777994350905276));
#17560=DIRECTION('',(0.9323719289918,0.,0.361500464768873));
#17561=DIRECTION('',(0.361500464768873,-3.64872990795009E-16,-0.9323719289918));
#17562=DIRECTION('',(0.9323719289918,0.,0.361500464768873));
#17563=DIRECTION('',(0.361500464768873,-3.63499017453621E-16,-0.9323719289918));
#17564=DIRECTION('',(0.301644988115347,-0.551121666335457,-0.777994350905276));
#17565=DIRECTION('',(0.9323719289918,0.,0.361500464768873));
#17566=DIRECTION('',(-0.361500464768873,0.,0.9323719289918));
#17567=DIRECTION('',(0.,1.,0.));
#17568=DIRECTION('',(0.9323719289918,0.,0.361500464768873));
#17569=DIRECTION('',(-0.361500464768873,0.,0.9323719289918));
#17570=DIRECTION('',(0.,1.,0.));
#17571=DIRECTION('',(-1.,0.,0.));
#17572=DIRECTION('',(0.,1.,0.));
#17573=DIRECTION('',(1.,0.,1.51589205023287E-16));
#17574=DIRECTION('',(-1.51589205023287E-16,0.,1.));
#17575=DIRECTION('',(1.51589205023287E-16,0.,-1.));
#17576=DIRECTION('',(0.,1.,0.));
#17577=DIRECTION('',(-1.51589205023287E-16,0.,1.));
#17578=DIRECTION('',(1.,0.,1.51589205023287E-16));
#17579=DIRECTION('',(1.51589205023287E-16,0.,-1.));
#17580=DIRECTION('',(1.,0.,1.51589205023287E-16));
#17581=DIRECTION('',(1.51589205023287E-16,0.,-1.));
#17582=DIRECTION('',(0.,0.,1.));
#17583=DIRECTION('',(0.,-1.,0.));
#17584=DIRECTION('',(1.,0.,0.));
#17585=DIRECTION('',(0.,1.,0.));
#17586=DIRECTION('',(1.,0.,0.));
#17587=DIRECTION('',(0.,1.,0.));
#17588=DIRECTION('',(-1.,0.,-1.26718114247027E-16));
#17589=DIRECTION('',(1.26718114247027E-16,0.,-1.));
#17590=DIRECTION('',(1.26718114247027E-16,0.,-1.));
#17591=DIRECTION('',(0.,1.,0.));
#17592=DIRECTION('',(-1.26718114247027E-16,0.,1.));
#17593=DIRECTION('',(-1.,0.,-1.26718114247027E-16));
#17594=DIRECTION('',(1.26718114247027E-16,0.,-1.));
#17595=DIRECTION('',(-1.,0.,-1.26718114247027E-16));
#17596=DIRECTION('',(1.26718114247027E-16,0.,-1.));
#17597=DIRECTION('',(0.,1.,0.));
#17598=DIRECTION('',(-1.,0.,0.));
#17599=DIRECTION('',(-0.999633385180321,0.,0.0270757314385292));
#17600=DIRECTION('',(0.99933794262476,0.,-0.0363823642787477));
#17601=DIRECTION('',(0.,1.,0.));
#17602=DIRECTION('',(-1.,0.,0.));
#17603=DIRECTION('',(0.999633385180321,0.,-0.0270757314385292));
#17604=DIRECTION('',(0.99933794262476,0.,-0.0363823642787477));
#17605=DIRECTION('',(0.,-1.,0.));
#17606=DIRECTION('',(1.,0.,0.));
#17607=DIRECTION('',(0.,-1.,0.));
#17608=DIRECTION('',(1.,0.,0.));
#17609=DIRECTION('',(0.99954636097844,0.,0.030117640258798));
#17610=DIRECTION('',(0.0162681847762619,0.,-0.999867664325678));
#17611=DIRECTION('',(1.,0.,0.));
#17612=DIRECTION('',(0.0162681847762619,0.,0.999867664325678));
#17613=DIRECTION('',(-0.99933794262476,0.,0.0363823642787476));
#17614=DIRECTION('',(0.,-1.,0.));
#17615=DIRECTION('',(1.,0.,0.));
#17616=DIRECTION('',(0.,1.,0.));
#17617=DIRECTION('',(-1.,0.,0.));
#17618=DIRECTION('',(0.,1.,0.));
#17619=DIRECTION('',(-1.,0.,0.));
#17620=DIRECTION('',(0.,1.,0.));
#17621=DIRECTION('',(-1.,0.,0.));
#17622=DIRECTION('',(-0.99933794262476,0.,0.0363823642787479));
#17623=DIRECTION('',(-0.0162681847762619,0.,-0.999867664325678));
#17624=DIRECTION('',(-1.,0.,0.));
#17625=DIRECTION('',(-0.0162681847762619,0.,0.999867664325678));
#17626=DIRECTION('',(0.99954636097844,0.,0.0301176402587977));
#17627=DIRECTION('',(0.0208773405379033,0.818973505656013,0.573451422254375));
#17628=DIRECTION('',(0.,-0.573576436351047,0.819152044288991));
#17629=DIRECTION('',(-0.99933794262476,6.55560870642679E-19,0.0363823642787479));
#17630=DIRECTION('',(-0.99933794262476,1.19231403002991E-16,0.0363823642787477));
#17631=DIRECTION('',(1.20072900876816E-16,1.,-3.14627425082453E-17));
#17632=DIRECTION('',(-1.,1.20072900876816E-16,0.));
#17633=DIRECTION('',(-0.99933794262476,1.21138094686367E-16,0.0363823642787478));
#17634=DIRECTION('',(-0.99933794262476,1.21138094686367E-16,0.0363823642787477));
#17635=DIRECTION('',(0.0363823642787477,-4.50809581613455E-18,0.99933794262476));
#17636=DIRECTION('',(-0.99933794262476,0.,0.0363823642787477));
#17637=DIRECTION('',(0.99933794262476,2.40741243048404E-35,-0.0363823642787477));
#17638=DIRECTION('',(-1.22042887757899E-16,-1.,-2.26481619304196E-17));
#17639=DIRECTION('',(1.,-1.22042887757899E-16,0.));
#17640=DIRECTION('',(-0.99933794262476,1.21138094686367E-16,0.0363823642787477));
#17641=DIRECTION('',(-0.99933794262476,1.21138094686367E-16,0.0363823642787477));
#17642=DIRECTION('',(0.020877340537903,-0.818973505656013,0.573451422254375));
#17643=DIRECTION('',(0.,-0.573576436351047,-0.819152044288991));
#17644=DIRECTION('',(-0.99933794262476,1.22073637147107E-16,0.0363823642787477));
#17645=DIRECTION('',(-0.99933794262476,0.,0.0363823642787476));
#17646=DIRECTION('',(0.0363823642787477,-4.50809581613455E-18,0.99933794262476));
#17647=DIRECTION('',(-0.99933794262476,0.,0.0363823642787477));
#17648=DIRECTION('',(0.99933794262476,2.40741243048404E-35,-0.0363823642787477));
#17649=DIRECTION('',(-0.0301176402587978,3.7318412569972E-18,0.99954636097844));
#17650=DIRECTION('',(-0.99954636097844,0.,-0.0301176402587978));
#17651=DIRECTION('',(0.99954636097844,0.,0.0301176402587978));
#17652=DIRECTION('',(0.99954636097844,-1.21138094686367E-16,0.0301176402587978));
#17653=DIRECTION('',(1.2108314171962E-16,1.,3.64839355740019E-18));
#17654=DIRECTION('',(-1.,1.2108314171962E-16,0.));
#17655=DIRECTION('',(0.99954636097844,-1.21138094686367E-16,0.0301176402587978));
#17656=DIRECTION('',(-0.0172800283559182,0.819029736011748,0.573490795173336));
#17657=DIRECTION('',(0.,-0.573576436351047,0.819152044288991));
#17658=DIRECTION('',(0.99954636097844,3.83068652305505E-19,0.0301176402587977));
#17659=DIRECTION('',(0.99954636097844,-1.21606782799477E-16,0.0301176402587978));
#17660=DIRECTION('',(-0.0301176402587978,3.7318412569972E-18,0.99954636097844));
#17661=DIRECTION('',(-0.99954636097844,0.,-0.0301176402587978));
#17662=DIRECTION('',(0.99954636097844,0.,0.0301176402587978));
#17663=DIRECTION('',(0.99954636097844,-1.21138094686367E-16,0.0301176402587978));
#17664=DIRECTION('',(-1.2108314171962E-16,-1.,-3.64839355740019E-18));
#17665=DIRECTION('',(1.,-1.2108314171962E-16,0.));
#17666=DIRECTION('',(0.99954636097844,-1.21138094686367E-16,0.0301176402587978));
#17667=DIRECTION('',(-0.0172800283559185,-0.819029736011748,0.573490795173336));
#17668=DIRECTION('',(0.,-0.573576436351047,-0.819152044288991));
#17669=DIRECTION('',(0.99954636097844,-1.22288480799219E-16,0.0301176402587978));
#17670=DIRECTION('',(0.99954636097844,-3.83068652305505E-19,0.0301176402587979));
#17671=DIRECTION('',(-0.99954636097844,0.,-0.0301176402587977));
#17672=DIRECTION('',(0.0301176402587977,0.,-0.99954636097844));
#17673=DIRECTION('',(0.99954636097844,-1.215959790402E-16,0.0301176402587978));
#17674=DIRECTION('',(-0.0301176402587978,0.,0.99954636097844));
#17675=DIRECTION('',(0.99933794262476,0.,-0.0363823642787479));
#17676=DIRECTION('',(0.0363823642787479,0.,0.99933794262476));
#17677=DIRECTION('',(-0.99933794262476,1.21138094686367E-16,0.0363823642787478));
#17678=DIRECTION('',(-0.0363823642787478,0.,-0.99933794262476));
#17679=DIRECTION('',(-0.99933794262476,1.21590097161808E-16,0.0363823642787477));
#17680=DIRECTION('',(-0.0363823642787478,0.,-0.99933794262476));
#17681=DIRECTION('',(0.99954636097844,-1.21138094686367E-16,0.0301176402587978));
#17682=DIRECTION('',(-0.0301176402587978,0.,0.99954636097844));
#17683=DIRECTION('',(-0.99954636097844,0.,-0.030117640258798));
#17684=DIRECTION('',(0.030117640258798,0.,-0.99954636097844));
#17685=DIRECTION('',(0.99933794262476,0.,-0.0363823642787476));
#17686=DIRECTION('',(0.0363823642787476,0.,0.99933794262476));
#17687=DIRECTION('',(0.99933794262476,0.,-0.0363823642787477));
#17688=DIRECTION('',(0.0363823642787477,0.,0.99933794262476));
#17689=DIRECTION('',(0.99954636097844,0.,0.0301176402587978));
#17690=DIRECTION('',(-0.0301176402587978,0.,0.99954636097844));
#17691=DIRECTION('',(-0.99954636097844,0.,-0.0301176402587978));
#17692=DIRECTION('',(0.0301176402587978,0.,-0.99954636097844));
#17693=DIRECTION('',(-0.99933794262476,0.,0.0363823642787477));
#17694=DIRECTION('',(-0.0363823642787477,0.,-0.99933794262476));
#17695=DIRECTION('',(-0.0147144242715781,0.70710678118655,0.706953665892152));
#17696=DIRECTION('',(0.999783462274063,0.,0.0208093383673776));
#17697=DIRECTION('',(0.0147144242715781,0.707106781186547,-0.706953665892155));
#17698=DIRECTION('',(-0.999783462274063,0.,-0.0208093383673776));
#17699=DIRECTION('',(-0.0191454333057698,0.707106781186547,-0.70684754536147));
#17700=DIRECTION('',(-0.999633385180321,0.,0.0270757314385292));
#17701=DIRECTION('',(0.0191454333057698,0.707106781186548,0.706847545361469));
#17702=DIRECTION('',(0.999633385180321,0.,-0.0270757314385292));
#17703=DIRECTION('',(0.999867664325677,0.,-0.0162681847762619));
#17704=DIRECTION('',(0.0162681847762619,0.,0.999867664325678));
#17705=DIRECTION('',(0.,-1.,0.));
#17706=DIRECTION('',(0.,0.,-1.));
#17707=DIRECTION('',(0.,1.,0.));
#17708=DIRECTION('',(0.,-1.,0.));
#17709=DIRECTION('',(-0.999867664325677,0.,-0.0162681847762619));
#17710=DIRECTION('',(0.0162681847762619,0.,-0.999867664325678));
#17711=DIRECTION('',(0.,1.,0.));
#17712=DIRECTION('',(-1.,0.,0.));
#17713=DIRECTION('',(0.,1.,0.));
#17714=DIRECTION('',(-1.,0.,0.));
#17715=DIRECTION('',(0.,0.,1.));
#17716=DIRECTION('',(1.,0.,0.));
#17717=DIRECTION('',(0.,0.,1.));
#17718=DIRECTION('',(1.,0.,0.));
#17719=DIRECTION('',(0.,0.,1.));
#17720=DIRECTION('',(1.,0.,0.));
#17721=DIRECTION('',(0.,0.,1.));
#17722=DIRECTION('',(1.,0.,0.));
#17723=DIRECTION('',(0.,0.,1.));
#17724=DIRECTION('',(1.,0.,0.));
#17725=DIRECTION('',(0.,0.,1.));
#17726=DIRECTION('',(1.,0.,0.));
#17727=DIRECTION('',(0.,0.,1.));
#17728=DIRECTION('',(1.,0.,0.));
#17729=DIRECTION('',(0.,0.,1.));
#17730=DIRECTION('',(1.,0.,0.));
#17731=DIRECTION('',(0.,0.,1.));
#17732=DIRECTION('',(1.,0.,0.));
#17733=DIRECTION('',(0.,0.,1.));
#17734=DIRECTION('',(1.,0.,0.));
#17735=DIRECTION('',(0.,0.,1.));
#17736=DIRECTION('',(1.,0.,0.));
#17737=DIRECTION('',(0.,0.,1.));
#17738=DIRECTION('',(1.,0.,0.));
#17739=DIRECTION('',(0.,0.,1.));
#17740=DIRECTION('',(1.,0.,0.));
#17741=DIRECTION('',(0.,0.,1.));
#17742=DIRECTION('',(1.,0.,0.));
#17743=DIRECTION('',(-1.83370118596888E-15,0.,-1.));
#17744=DIRECTION('',(1.,0.,-1.83370118596888E-15));
#17745=DIRECTION('',(-1.83370118596888E-15,0.,-1.));
#17746=DIRECTION('',(1.,0.,-1.83370118596888E-15));
#17747=DIRECTION('',(1.83370118596888E-15,0.,1.));
#17748=DIRECTION('',(-1.,0.,1.83370118596888E-15));
#17749=DIRECTION('',(1.83370118596888E-15,0.,1.));
#17750=DIRECTION('',(-1.,0.,1.83370118596888E-15));
#17751=DIRECTION('',(1.83370118596888E-15,0.,1.));
#17752=DIRECTION('',(-1.,0.,1.83370118596888E-15));
#17753=DIRECTION('',(1.83370118596888E-15,0.,1.));
#17754=DIRECTION('',(-1.,0.,1.83370118596888E-15));
#17755=DIRECTION('',(1.83370118596888E-15,0.,1.));
#17756=DIRECTION('',(-1.,0.,1.83370118596888E-15));
#17757=DIRECTION('',(1.83370118596888E-15,0.,1.));
#17758=DIRECTION('',(-1.,0.,1.83370118596888E-15));
#17759=DIRECTION('',(1.83370118596888E-15,0.,1.));
#17760=DIRECTION('',(-1.,0.,1.83370118596888E-15));
#17761=DIRECTION('',(1.83370118596888E-15,0.,1.));
#17762=DIRECTION('',(-1.,0.,1.83370118596888E-15));
#17763=DIRECTION('',(1.83370118596888E-15,0.,1.));
#17764=DIRECTION('',(-1.,0.,1.83370118596888E-15));
#17765=DIRECTION('',(1.83370118596888E-15,0.,1.));
#17766=DIRECTION('',(-1.,0.,1.83370118596888E-15));
#17767=DIRECTION('',(0.,-1.,0.));
#17768=DIRECTION('',(-1.,0.,0.));
#17769=DIRECTION('',(0.,-1.,0.));
#17770=DIRECTION('',(-1.,0.,1.83370118596888E-15));
#17771=DIRECTION('',(0.,1.,0.));
#17772=DIRECTION('',(-1.,0.,1.83370118596888E-15));
#17773=DIRECTION('',(0.,-1.,0.));
#17774=DIRECTION('',(-1.,0.,0.));
#17775=DIRECTION('',(0.,-1.,0.));
#17776=DIRECTION('',(1.83370118596888E-15,0.,1.));
#17777=DIRECTION('',(-1.,0.,1.83370118596888E-15));
#17778=DIRECTION('',(-1.,0.,0.));
#17779=DIRECTION('',(0.,1.,0.));
#17780=DIRECTION('',(-1.,0.,0.));
#17781=DIRECTION('',(1.83370118596888E-15,0.,1.));
#17782=DIRECTION('',(1.,0.,-1.83370118596888E-15));
#17783=DIRECTION('',(1.83370118596888E-15,0.,1.));
#17784=DIRECTION('',(-1.,0.,1.83370118596888E-15));
#17785=DIRECTION('',(1.83370118596888E-15,0.,1.));
#17786=DIRECTION('',(-1.,0.,1.83370118596888E-15));
#17787=DIRECTION('',(0.,1.,0.));
#17788=DIRECTION('',(-1.,0.,0.));
#17789=DIRECTION('',(0.,1.,0.));
#17790=DIRECTION('',(1.,0.,0.));
#17791=DIRECTION('',(0.,1.,0.));
#17792=DIRECTION('',(1.,0.,0.));
#17793=DIRECTION('',(0.,1.,0.));
#17794=DIRECTION('',(-1.,0.,0.));
#17795=DIRECTION('',(0.,1.,0.));
#17796=DIRECTION('',(1.,0.,0.));
#17797=DIRECTION('',(0.,1.,0.));
#17798=DIRECTION('',(1.,0.,0.));
#17799=DIRECTION('',(1.83370118596888E-15,0.,1.));
#17800=DIRECTION('',(-1.,0.,1.83370118596888E-15));
#17801=DIRECTION('',(1.83370118596888E-15,0.,1.));
#17802=DIRECTION('',(-1.,0.,1.83370118596888E-15));
#17803=DIRECTION('',(1.83370118596888E-15,0.,1.));
#17804=DIRECTION('',(1.,0.,-1.83370118596888E-15));
#17805=DIRECTION('',(1.83370118596888E-15,0.,1.));
#17806=DIRECTION('',(-1.,0.,1.83370118596888E-15));
#17807=DIRECTION('',(1.83370118596888E-15,0.,1.));
#17808=DIRECTION('',(-1.,0.,1.83370118596888E-15));
#17809=DIRECTION('',(1.83370118596888E-15,0.,1.));
#17810=DIRECTION('',(-1.,0.,1.83370118596888E-15));
#17811=DIRECTION('',(1.83370118596888E-15,0.,1.));
#17812=DIRECTION('',(-1.,0.,1.83370118596888E-15));
#17813=DIRECTION('',(1.83370118596888E-15,0.,1.));
#17814=DIRECTION('',(-1.,0.,1.83370118596888E-15));
#17815=DIRECTION('',(-1.83370118596888E-15,0.,-1.));
#17816=DIRECTION('',(1.,0.,-1.83370118596888E-15));
#17817=DIRECTION('',(0.,1.,0.));
#17818=DIRECTION('',(-1.,0.,0.));
#17819=DIRECTION('',(0.438371146789079,0.,-0.898794046299166));
#17820=DIRECTION('',(0.,1.,0.));
#17821=DIRECTION('',(-1.,0.,0.));
#17822=DIRECTION('',(0.438371146789079,0.,-0.898794046299166));
#17823=DIRECTION('',(0.898794046299166,0.,0.438371146789079));
#17824=DIRECTION('',(-0.438371146789079,0.,0.898794046299166));
#17825=DIRECTION('',(0.,1.,0.));
#17826=DIRECTION('',(-1.,0.,0.));
#17827=DIRECTION('',(0.438371146789079,0.,0.898794046299167));
#17828=DIRECTION('',(0.,1.,0.));
#17829=DIRECTION('',(-1.,0.,0.));
#17830=DIRECTION('',(0.438371146789079,0.,0.898794046299167));
#17831=DIRECTION('',(-0.898794046299167,0.,0.438371146789079));
#17832=DIRECTION('',(-0.438371146789079,0.,-0.898794046299167));
#17833=DIRECTION('',(1.,0.,0.));
#17834=DIRECTION('',(0.,1.,0.));
#17835=DIRECTION('',(0.,0.438371146789079,0.898794046299167));
#17836=DIRECTION('',(1.,0.,0.));
#17837=DIRECTION('',(0.,1.,0.));
#17838=DIRECTION('',(0.,0.438371146789079,0.898794046299167));
#17839=DIRECTION('',(0.,-0.898794046299167,0.438371146789079));
#17840=DIRECTION('',(0.,-0.438371146789079,-0.898794046299167));
#17841=DIRECTION('',(1.,0.,0.));
#17842=DIRECTION('',(0.,1.,0.));
#17843=DIRECTION('',(0.,0.438371146789079,-0.898794046299167));
#17844=DIRECTION('',(1.,0.,0.));
#17845=DIRECTION('',(0.,1.,0.));
#17846=DIRECTION('',(0.,0.438371146789079,-0.898794046299167));
#17847=DIRECTION('',(0.,0.898794046299167,0.438371146789079));
#17848=DIRECTION('',(0.,-0.438371146789079,0.898794046299167));
#17849=DIRECTION('',(1.83370118596888E-15,0.,1.));
#17850=DIRECTION('',(-1.,0.,1.83370118596888E-15));
#17851=DIRECTION('',(0.,0.,1.));
#17852=DIRECTION('',(1.,0.,0.));
#17853=DIRECTION('',(0.,0.,1.));
#17854=DIRECTION('',(1.,0.,0.));
#17855=DIRECTION('',(0.,0.,1.));
#17856=DIRECTION('',(1.,0.,0.));
#17857=DIRECTION('',(0.,0.,1.));
#17858=DIRECTION('',(1.,0.,0.));
#17859=CARTESIAN_POINT('',(0.,0.,0.));
#17860=CARTESIAN_POINT('',(-1.27,0.,8.13151629364128E-17));
#17861=CARTESIAN_POINT('',(-1.27,0.,8.13151629364128E-17));
#17862=CARTESIAN_POINT('',(-1.27,-1.38452994616207,8.13151629364128E-17));
#17863=CARTESIAN_POINT('',(-1.27,0.,0.2));
#17864=CARTESIAN_POINT('',(-1.27,0.,0.2));
#17865=CARTESIAN_POINT('',(0.229999999999998,0.,0.2));
#17866=CARTESIAN_POINT('',(-1.32,0.,2.4));
#17867=CARTESIAN_POINT('',(8.67,2.775,2.4));
#17868=CARTESIAN_POINT('',(-4.13,2.775,2.4));
#17869=CARTESIAN_POINT('',(-3.49000000000001,2.77499999999998,2.39999999999998));
#17870=CARTESIAN_POINT('',(-3.49,-6.22120573966855E-16,2.4));
#17871=CARTESIAN_POINT('',(-3.49000000000001,4.675,2.4));
#17872=CARTESIAN_POINT('',(8.67,4.675,2.4));
#17873=CARTESIAN_POINT('',(-4.13,4.675,2.4));
#17874=CARTESIAN_POINT('',(-4.13,-3.11060286983428E-16,2.4));
#17875=CARTESIAN_POINT('',(-1.32,0.,2.4));
#17876=CARTESIAN_POINT('',(8.67,-2.775,2.4));
#17877=CARTESIAN_POINT('',(-6.03,-2.775,2.4));
#17878=CARTESIAN_POINT('',(-6.67,-2.775,2.4));
#17879=CARTESIAN_POINT('',(-6.67,0.,2.4));
#17880=CARTESIAN_POINT('',(-6.67,-4.675,2.4));
#17881=CARTESIAN_POINT('',(8.67,-4.675,2.4));
#17882=CARTESIAN_POINT('',(-6.03,-4.675,2.4));
#17883=CARTESIAN_POINT('',(-6.03,-3.11060286983428E-16,2.4));
#17884=CARTESIAN_POINT('',(-4.63,4.175,1.32774653974521));
#17885=CARTESIAN_POINT('',(-4.76638616214783,4.03861383785219,1.0352654711575));
#17886=CARTESIAN_POINT('',(-4.63,4.175,1.32774653974521));
#17887=CARTESIAN_POINT('',(11.21,4.675,2.4));
#17888=CARTESIAN_POINT('',(-6.03,4.675,2.4));
#17889=CARTESIAN_POINT('',(-5.39361383785221,4.03861383785218,1.0352654711575));
#17890=CARTESIAN_POINT('',(-5.53,4.175,1.32774653974521));
#17891=CARTESIAN_POINT('',(-4.63,4.175,1.32774653974521));
#17892=CARTESIAN_POINT('',(-5.53,3.275,1.32774653974521));
#17893=CARTESIAN_POINT('',(-6.03,-3.11060286983428E-16,2.4));
#17894=CARTESIAN_POINT('',(-6.03,2.775,2.4));
#17895=CARTESIAN_POINT('',(-5.39361383785221,3.41138616214781,1.03526547115749));
#17896=CARTESIAN_POINT('',(-5.53,3.275,1.32774653974521));
#17897=CARTESIAN_POINT('',(-5.53,3.275,1.32774653974521));
#17898=CARTESIAN_POINT('',(-4.63,3.275,1.32774653974521));
#17899=CARTESIAN_POINT('',(-4.63,3.275,1.32774653974521));
#17900=CARTESIAN_POINT('',(-4.63,3.275,1.32774653974521));
#17901=CARTESIAN_POINT('',(-4.63,3.275,1.32774653974521));
#17902=CARTESIAN_POINT('',(-4.63,3.275,1.32774653974521));
#17903=CARTESIAN_POINT('',(11.21,2.775,2.4));
#17904=CARTESIAN_POINT('',(-4.63,3.275,1.32774653974521));
#17905=CARTESIAN_POINT('',(-4.63,-3.275,0.199));
#17906=CARTESIAN_POINT('',(-4.63,-4.175,0.199));
#17907=CARTESIAN_POINT('',(-4.63,-4.175,0.2));
#17908=CARTESIAN_POINT('',(-4.63,-4.175,1.32774653974523));
#17909=CARTESIAN_POINT('',(-4.63,-3.275,1.32774653974523));
#17910=CARTESIAN_POINT('',(-4.63,-3.275,1.32774653974523));
#17911=CARTESIAN_POINT('',(-4.63,-3.275,0.199));
#17912=CARTESIAN_POINT('',(-4.63,-3.275,0.2));
#17913=CARTESIAN_POINT('',(-4.63,-3.275,0.2));
#17914=CARTESIAN_POINT('',(-4.63,3.275,0.199));
#17915=CARTESIAN_POINT('',(-5.53,3.275,0.199));
#17916=CARTESIAN_POINT('',(-5.53,3.275,0.2));
#17917=CARTESIAN_POINT('',(-4.63,3.275,0.199));
#17918=CARTESIAN_POINT('',(-4.63,3.275,0.2));
#17919=CARTESIAN_POINT('',(-4.63,3.275,0.2));
#17920=CARTESIAN_POINT('',(-5.53,3.275,0.199));
#17921=CARTESIAN_POINT('',(-5.53,4.175,0.199));
#17922=CARTESIAN_POINT('',(-5.53,4.175,0.2));
#17923=CARTESIAN_POINT('',(-5.53,3.275,0.2));
#17924=CARTESIAN_POINT('',(-4.63,4.175,0.199));
#17925=CARTESIAN_POINT('',(-4.63,4.175,0.199));
#17926=CARTESIAN_POINT('',(-4.63,4.175,0.2));
#17927=CARTESIAN_POINT('',(-4.63,4.175,0.2));
#17928=CARTESIAN_POINT('',(-4.63,3.275,0.199));
#17929=CARTESIAN_POINT('',(-4.63,3.275,0.2));
#17930=CARTESIAN_POINT('',(-4.63,-3.275,1.32774653974523));
#17931=CARTESIAN_POINT('',(-4.76638616214783,-4.03861383785219,1.03526547115752));
#17932=CARTESIAN_POINT('',(-4.13,-4.675,2.4));
#17933=CARTESIAN_POINT('',(-4.13,-3.11060286983428E-16,2.4));
#17934=CARTESIAN_POINT('',(-4.13,-2.775,2.4));
#17935=CARTESIAN_POINT('',(-4.63,-3.275,1.32774653974523));
#17936=CARTESIAN_POINT('',(-4.63,-4.175,1.32774653974523));
#17937=CARTESIAN_POINT('',(-5.39361383785221,-4.03861383785218,1.03526547115751));
#17938=CARTESIAN_POINT('',(-5.53,-4.175,1.32774653974523));
#17939=CARTESIAN_POINT('',(11.21,-4.675,2.4));
#17940=CARTESIAN_POINT('',(-4.63,-4.175,1.32774653974523));
#17941=CARTESIAN_POINT('',(-4.63,-3.275,0.199));
#17942=CARTESIAN_POINT('',(-4.63,-3.275,1.32774653974523));
#17943=CARTESIAN_POINT('',(-5.53,-3.275,1.32774653974523));
#17944=CARTESIAN_POINT('',(-5.53,-3.275,0.199));
#17945=CARTESIAN_POINT('',(-5.53,-3.275,0.2));
#17946=CARTESIAN_POINT('',(-4.63,-3.275,0.2));
#17947=CARTESIAN_POINT('',(-5.53,-3.275,0.199));
#17948=CARTESIAN_POINT('',(-5.53,-3.275,1.32774653974523));
#17949=CARTESIAN_POINT('',(-5.53,-4.175,0.199));
#17950=CARTESIAN_POINT('',(-5.53,-4.175,0.2));
#17951=CARTESIAN_POINT('',(-5.53,-3.275,0.2));
#17952=CARTESIAN_POINT('',(-4.63,-3.275,1.32774653974523));
#17953=CARTESIAN_POINT('',(-5.39361383785221,-3.41138616214781,1.03526547115751));
#17954=CARTESIAN_POINT('',(11.21,-2.775,2.4));
#17955=CARTESIAN_POINT('',(-5.53,-3.275,1.32774653974523));
#17956=CARTESIAN_POINT('',(-4.63,-4.175,0.199));
#17957=CARTESIAN_POINT('',(-4.63,-4.175,0.2));
#17958=CARTESIAN_POINT('',(-16.92,-6.45,4.4));
#17959=CARTESIAN_POINT('',(11.87,-6.45,4.4));
#17960=CARTESIAN_POINT('',(11.87,-0.5,4.4));
#17961=CARTESIAN_POINT('',(11.87,0.5,4.4));
#17962=CARTESIAN_POINT('',(-16.92,-0.5,4.4));
#17963=CARTESIAN_POINT('',(9.07,-0.5,4.4));
#17964=CARTESIAN_POINT('',(9.07,-6.45,4.4));
#17965=CARTESIAN_POINT('',(9.07,0.5,4.4));
#17966=CARTESIAN_POINT('',(-16.92,0.5,4.4));
#17967=CARTESIAN_POINT('',(-6.67,0.5,4.4));
#17968=CARTESIAN_POINT('',(-6.67,-0.5,4.4));
#17969=CARTESIAN_POINT('',(-6.67,0.5,4.4));
#17970=CARTESIAN_POINT('',(-6.67,-0.5,4.4));
#17971=CARTESIAN_POINT('',(-9.47,-0.5,4.4));
#17972=CARTESIAN_POINT('',(-9.47,0.5,4.4));
#17973=CARTESIAN_POINT('',(-9.47,0.5,4.4));
#17974=CARTESIAN_POINT('',(-6.67,0.5,4.4));
#17975=CARTESIAN_POINT('',(11.21,2.775,4.4));
#17976=CARTESIAN_POINT('',(11.21,2.775,4.4));
#17977=CARTESIAN_POINT('',(11.21,4.675,4.4));
#17978=CARTESIAN_POINT('',(8.67,2.775,4.4));
#17979=CARTESIAN_POINT('',(-8.67,2.775,4.4));
#17980=CARTESIAN_POINT('',(-8.67,2.775,4.4));
#17981=CARTESIAN_POINT('',(-8.67,4.675,4.4));
#17982=CARTESIAN_POINT('',(8.67,4.675,4.4));
#17983=CARTESIAN_POINT('',(14.37,7.45,4.4));
#17984=CARTESIAN_POINT('',(13.57,6.65,4.4));
#17985=CARTESIAN_POINT('',(14.37,7.45,4.4));
#17986=CARTESIAN_POINT('',(14.28,7.45,4.4));
#17987=CARTESIAN_POINT('',(-14.47,7.45,4.4));
#17988=CARTESIAN_POINT('',(-13.67,6.65,4.4));
#17989=CARTESIAN_POINT('',(-13.67,6.65,4.4));
#17990=CARTESIAN_POINT('',(-13.67,-5.25,4.4));
#17991=CARTESIAN_POINT('',(-13.67,1.4,4.4));
#17992=CARTESIAN_POINT('',(-12.07,1.4,4.4));
#17993=CARTESIAN_POINT('',(-12.07,1.4,4.4));
#17994=CARTESIAN_POINT('',(-12.07,-1.4,4.4));
#17995=CARTESIAN_POINT('',(-12.07,-1.4,4.4));
#17996=CARTESIAN_POINT('',(-12.07,-1.4,4.4));
#17997=CARTESIAN_POINT('',(-13.67,-1.4,4.4));
#17998=CARTESIAN_POINT('',(-13.67,-5.25,4.4));
#17999=CARTESIAN_POINT('',(-13.67,-4.45,4.4));
#18000=CARTESIAN_POINT('',(-14.47,-5.25,4.4));
#18001=CARTESIAN_POINT('',(-14.47,-5.25,4.4));
#18002=CARTESIAN_POINT('',(-13.67,-5.25,4.4));
#18003=CARTESIAN_POINT('',(-16.92,-5.25,4.4));
#18004=CARTESIAN_POINT('',(-16.92,-4.25,4.4));
#18005=CARTESIAN_POINT('',(-17.92,-4.25000484545656,4.4));
#18006=CARTESIAN_POINT('',(-17.92,6.45,4.4));
#18007=CARTESIAN_POINT('',(-17.92,-6.45,4.4));
#18008=CARTESIAN_POINT('',(-16.92,-6.45,4.4));
#18009=CARTESIAN_POINT('',(-16.92,-7.45,4.4));
#18010=CARTESIAN_POINT('',(-16.92,-7.45,4.4));
#18011=CARTESIAN_POINT('',(14.37,-7.45,4.4));
#18012=CARTESIAN_POINT('',(13.57,-6.65,4.4));
#18013=CARTESIAN_POINT('',(13.57,-6.65,4.4));
#18014=CARTESIAN_POINT('',(13.57,-7.45,4.4));
#18015=CARTESIAN_POINT('',(11.21,-2.775,4.4));
#18016=CARTESIAN_POINT('',(11.21,-4.675,4.4));
#18017=CARTESIAN_POINT('',(11.21,-2.775,4.4));
#18018=CARTESIAN_POINT('',(8.67,-4.675,4.4));
#18019=CARTESIAN_POINT('',(-8.67,-4.675,4.4));
#18020=CARTESIAN_POINT('',(-8.67,-2.775,4.4));
#18021=CARTESIAN_POINT('',(-8.67,-2.775,4.4));
#18022=CARTESIAN_POINT('',(8.67,-2.775,4.4));
#18023=CARTESIAN_POINT('',(11.87,0.5,3.9));
#18024=CARTESIAN_POINT('',(11.87,0.5,3.9));
#18025=CARTESIAN_POINT('',(11.87,0.5,3.9));
#18026=CARTESIAN_POINT('',(11.87,0.5,3.9));
#18027=CARTESIAN_POINT('',(11.87,-0.5,3.9));
#18028=CARTESIAN_POINT('',(11.87,-0.5,3.9));
#18029=CARTESIAN_POINT('',(11.87,-0.5,3.9));
#18030=CARTESIAN_POINT('',(11.87,-0.5,3.9));
#18031=CARTESIAN_POINT('',(9.07,-0.5,3.9));
#18032=CARTESIAN_POINT('',(9.07,-0.5,3.9));
#18033=CARTESIAN_POINT('',(9.07,0.5,3.9));
#18034=CARTESIAN_POINT('',(9.07,0.5,3.9));
#18035=CARTESIAN_POINT('',(9.07,0.5,3.9));
#18036=CARTESIAN_POINT('',(9.07,0.5,3.9));
#18037=CARTESIAN_POINT('',(11.87,0.5,3.9));
#18038=CARTESIAN_POINT('',(11.87,0.5,3.9));
#18039=CARTESIAN_POINT('',(1.22,0.,3.9));
#18040=CARTESIAN_POINT('',(15.57,-5.,8.13151629364128E-17));
#18041=CARTESIAN_POINT('',(15.57,-5.,8.13151629364128E-17));
#18042=CARTESIAN_POINT('',(15.57,-6.38452994616207,8.13151629364128E-17));
#18043=CARTESIAN_POINT('',(15.57,-5.,0.2));
#18044=CARTESIAN_POINT('',(15.57,-5.,0.2));
#18045=CARTESIAN_POINT('',(17.07,-5.,0.2));
#18046=CARTESIAN_POINT('',(15.57,5.,8.13151629364128E-17));
#18047=CARTESIAN_POINT('',(15.57,5.,8.13151629364128E-17));
#18048=CARTESIAN_POINT('',(15.57,3.61547005383793,8.13151629364128E-17));
#18049=CARTESIAN_POINT('',(15.57,5.,0.2));
#18050=CARTESIAN_POINT('',(15.57,5.,0.2));
#18051=CARTESIAN_POINT('',(17.07,5.,0.2));
#18052=CARTESIAN_POINT('',(16.82,6.45,7.7));
#18053=CARTESIAN_POINT('',(16.82,7.45,7.7));
#18054=CARTESIAN_POINT('',(16.82,7.45,7.7));
#18055=CARTESIAN_POINT('',(16.82,7.45,0.2));
#18056=CARTESIAN_POINT('',(16.82,6.45,7.7));
#18057=CARTESIAN_POINT('',(17.82,6.45,7.7));
#18058=CARTESIAN_POINT('',(17.82,6.45,7.7));
#18059=CARTESIAN_POINT('',(17.82,6.45,0.2));
#18060=CARTESIAN_POINT('',(16.82,6.45,0.2));
#18061=CARTESIAN_POINT('',(17.82,-6.45,7.7));
#18062=CARTESIAN_POINT('',(17.82,6.45,7.7));
#18063=CARTESIAN_POINT('',(17.82,-6.45,7.7));
#18064=CARTESIAN_POINT('',(17.82,-6.45,7.7));
#18065=CARTESIAN_POINT('',(17.82,-6.45,0.2));
#18066=CARTESIAN_POINT('',(17.82,-6.45,0.2));
#18067=CARTESIAN_POINT('',(16.82,-6.45,7.7));
#18068=CARTESIAN_POINT('',(16.82,-6.45,7.7));
#18069=CARTESIAN_POINT('',(16.82,-7.45,7.7));
#18070=CARTESIAN_POINT('',(16.82,-7.45,7.7));
#18071=CARTESIAN_POINT('',(16.82,-7.45,0.2));
#18072=CARTESIAN_POINT('',(16.82,-6.45,0.2));
#18073=CARTESIAN_POINT('',(-16.92,-7.45,7.7));
#18074=CARTESIAN_POINT('',(16.82,-7.45,7.7));
#18075=CARTESIAN_POINT('',(14.37,-7.45,7.7));
#18076=CARTESIAN_POINT('',(14.37,-7.45,7.7));
#18077=CARTESIAN_POINT('',(-16.92,-7.45,7.7));
#18078=CARTESIAN_POINT('',(-16.92,-7.45,0.2));
#18079=CARTESIAN_POINT('',(-16.92,-7.45,0.2));
#18080=CARTESIAN_POINT('',(13.57,-6.65,4.4));
#18081=CARTESIAN_POINT('',(8.64500000000001,-1.72500000000006,7.7));
#18082=CARTESIAN_POINT('',(13.57,-6.65,7.7));
#18083=CARTESIAN_POINT('',(13.57,-6.65,4.4));
#18084=CARTESIAN_POINT('',(13.57,-7.45,4.4));
#18085=CARTESIAN_POINT('',(13.57,6.45,7.7));
#18086=CARTESIAN_POINT('',(13.57,6.64999999999999,7.7));
#18087=CARTESIAN_POINT('',(13.57,6.65,4.4));
#18088=CARTESIAN_POINT('',(14.37,7.45,7.7));
#18089=CARTESIAN_POINT('',(15.095,8.175,7.7));
#18090=CARTESIAN_POINT('',(14.37,7.45,7.7));
#18091=CARTESIAN_POINT('',(14.37,7.45,7.7));
#18092=CARTESIAN_POINT('',(15.57,-5.,4.4));
#18093=CARTESIAN_POINT('',(15.57,-5.,4.4));
#18094=CARTESIAN_POINT('',(15.57,-4.3,4.4));
#18095=CARTESIAN_POINT('',(15.57,5.,4.4));
#18096=CARTESIAN_POINT('',(15.57,5.,4.4));
#18097=CARTESIAN_POINT('',(15.57,5.7,4.4));
#18098=CARTESIAN_POINT('',(15.57,-5.,4.4));
#18099=CARTESIAN_POINT('',(15.57,-5.,7.7));
#18100=CARTESIAN_POINT('',(15.57,-4.3,7.7));
#18101=CARTESIAN_POINT('',(15.57,5.,4.4));
#18102=CARTESIAN_POINT('',(15.57,5.,7.7));
#18103=CARTESIAN_POINT('',(15.57,5.7,7.7));
#18104=CARTESIAN_POINT('',(16.82,6.45,7.7));
#18105=CARTESIAN_POINT('',(15.57,0.,7.7));
#18106=CARTESIAN_POINT('',(15.57,-0.7,7.7));
#18107=CARTESIAN_POINT('',(16.82,7.45,7.7));
#18108=CARTESIAN_POINT('',(14.28,7.45,7.7));
#18109=CARTESIAN_POINT('',(14.28,7.45,0.2));
#18110=CARTESIAN_POINT('',(-16.92,7.45,0.2));
#18111=CARTESIAN_POINT('',(-16.92,7.45,7.7));
#18112=CARTESIAN_POINT('',(-16.92,7.45,7.7));
#18113=CARTESIAN_POINT('',(14.28,7.45,7.7));
#18114=CARTESIAN_POINT('',(-14.47,7.45,7.7));
#18115=CARTESIAN_POINT('',(-14.47,7.45,7.7));
#18116=CARTESIAN_POINT('',(14.28,6.45,7.7));
#18117=CARTESIAN_POINT('',(-15.67,0.,7.7));
#18118=CARTESIAN_POINT('',(-15.67,-0.7,7.7));
#18119=CARTESIAN_POINT('',(-15.67,5.,7.7));
#18120=CARTESIAN_POINT('',(-15.67,5.7,7.7));
#18121=CARTESIAN_POINT('',(-15.67,-3.5,7.7));
#18122=CARTESIAN_POINT('',(-15.67,-2.8,7.7));
#18123=CARTESIAN_POINT('',(-13.67,6.45,7.7));
#18124=CARTESIAN_POINT('',(-13.67,6.65,7.7));
#18125=CARTESIAN_POINT('',(-13.67,-4.45,7.7));
#18126=CARTESIAN_POINT('',(0.405000000000134,-7.425,7.7));
#18127=CARTESIAN_POINT('',(-16.92,6.45,7.7));
#18128=CARTESIAN_POINT('',(-17.92,6.45,7.7));
#18129=CARTESIAN_POINT('',(-17.92,6.45,7.7));
#18130=CARTESIAN_POINT('',(-17.92,-4.25,7.7));
#18131=CARTESIAN_POINT('',(-16.92,-4.25,7.7));
#18132=CARTESIAN_POINT('',(-16.92,-5.25,7.7));
#18133=CARTESIAN_POINT('',(14.28,-5.25000000000001,7.7));
#18134=CARTESIAN_POINT('',(-14.47,-5.25,7.7));
#18135=CARTESIAN_POINT('',(5.75499999999988,14.975,7.7));
#18136=CARTESIAN_POINT('',(-15.67,5.,4.4));
#18137=CARTESIAN_POINT('',(-15.67,5.,4.4));
#18138=CARTESIAN_POINT('',(-15.67,5.7,4.4));
#18139=CARTESIAN_POINT('',(-15.67,-3.5,4.4));
#18140=CARTESIAN_POINT('',(-15.67,-3.5,4.4));
#18141=CARTESIAN_POINT('',(-15.67,-2.8,4.4));
#18142=CARTESIAN_POINT('',(-15.67,5.,4.4));
#18143=CARTESIAN_POINT('',(-15.67,-3.5,4.4));
#18144=CARTESIAN_POINT('',(-1.32,0.,2.4));
#18145=CARTESIAN_POINT('',(8.67,2.775,2.4));
#18146=CARTESIAN_POINT('',(11.11,2.775,2.4));
#18147=CARTESIAN_POINT('',(11.21,2.775,2.4));
#18148=CARTESIAN_POINT('',(11.21,2.775,2.4));
#18149=CARTESIAN_POINT('',(11.21,4.675,2.4));
#18150=CARTESIAN_POINT('',(8.67,4.675,2.4));
#18151=CARTESIAN_POINT('',(11.11,4.675,2.4));
#18152=CARTESIAN_POINT('',(11.11,-2.17742200888399E-15,2.4));
#18153=CARTESIAN_POINT('',(-1.32,0.,2.4));
#18154=CARTESIAN_POINT('',(8.67,-2.775,2.4));
#18155=CARTESIAN_POINT('',(9.20999999999999,-2.775,2.4));
#18156=CARTESIAN_POINT('',(8.57,-2.77500000000001,2.40000000000001));
#18157=CARTESIAN_POINT('',(8.57,-1.86636172190057E-15,2.4));
#18158=CARTESIAN_POINT('',(8.56999999999999,-4.675,2.4));
#18159=CARTESIAN_POINT('',(8.67,-4.675,2.4));
#18160=CARTESIAN_POINT('',(9.20999999999999,-4.675,2.4));
#18161=CARTESIAN_POINT('',(9.21,-2.17742200888399E-15,2.4));
#18162=CARTESIAN_POINT('',(10.61,4.175,1.32774653974521));
#18163=CARTESIAN_POINT('',(10.4736138378522,4.03861383785219,1.0352654711575));
#18164=CARTESIAN_POINT('',(10.61,4.175,1.32774653974521));
#18165=CARTESIAN_POINT('',(26.45,4.675,2.4));
#18166=CARTESIAN_POINT('',(9.20999999999999,4.675,2.4));
#18167=CARTESIAN_POINT('',(9.84638616214779,4.03861383785218,1.0352654711575));
#18168=CARTESIAN_POINT('',(9.71,4.175,1.32774653974521));
#18169=CARTESIAN_POINT('',(10.61,4.175,1.32774653974521));
#18170=CARTESIAN_POINT('',(9.71,3.275,1.32774653974521));
#18171=CARTESIAN_POINT('',(9.21,-2.17742200888399E-15,2.4));
#18172=CARTESIAN_POINT('',(9.21,2.77499999999998,2.39999999999998));
#18173=CARTESIAN_POINT('',(9.84638616214779,3.41138616214781,1.03526547115749));
#18174=CARTESIAN_POINT('',(9.71,3.275,1.32774653974521));
#18175=CARTESIAN_POINT('',(9.71,3.275,1.32774653974521));
#18176=CARTESIAN_POINT('',(10.61,3.275,1.32774653974521));
#18177=CARTESIAN_POINT('',(10.61,3.275,1.32774653974521));
#18178=CARTESIAN_POINT('',(10.61,3.275,1.32774653974521));
#18179=CARTESIAN_POINT('',(10.61,3.275,1.32774653974521));
#18180=CARTESIAN_POINT('',(10.61,3.275,1.32774653974521));
#18181=CARTESIAN_POINT('',(26.45,2.775,2.4));
#18182=CARTESIAN_POINT('',(10.61,3.275,1.32774653974521));
#18183=CARTESIAN_POINT('',(10.61,-3.275,0.199));
#18184=CARTESIAN_POINT('',(10.61,-4.175,0.199));
#18185=CARTESIAN_POINT('',(10.61,-4.175,0.2));
#18186=CARTESIAN_POINT('',(10.61,-4.175,1.32774653974523));
#18187=CARTESIAN_POINT('',(10.61,-3.275,1.32774653974523));
#18188=CARTESIAN_POINT('',(10.61,-3.275,1.32774653974523));
#18189=CARTESIAN_POINT('',(10.61,-3.275,0.199));
#18190=CARTESIAN_POINT('',(10.61,-3.275,0.2));
#18191=CARTESIAN_POINT('',(10.61,-3.275,0.2));
#18192=CARTESIAN_POINT('',(10.61,3.275,0.199));
#18193=CARTESIAN_POINT('',(9.71,3.275,0.199));
#18194=CARTESIAN_POINT('',(9.71,3.275,0.2));
#18195=CARTESIAN_POINT('',(10.61,3.275,0.199));
#18196=CARTESIAN_POINT('',(10.61,3.275,0.2));
#18197=CARTESIAN_POINT('',(10.61,3.275,0.2));
#18198=CARTESIAN_POINT('',(9.71,3.275,0.199));
#18199=CARTESIAN_POINT('',(9.71,4.175,0.199));
#18200=CARTESIAN_POINT('',(9.71,4.175,0.2));
#18201=CARTESIAN_POINT('',(9.71,3.275,0.2));
#18202=CARTESIAN_POINT('',(10.61,4.175,0.199));
#18203=CARTESIAN_POINT('',(10.61,4.175,0.199));
#18204=CARTESIAN_POINT('',(10.61,4.175,0.2));
#18205=CARTESIAN_POINT('',(10.61,4.175,0.2));
#18206=CARTESIAN_POINT('',(10.61,3.275,0.199));
#18207=CARTESIAN_POINT('',(10.61,3.275,0.2));
#18208=CARTESIAN_POINT('',(10.61,-3.275,1.32774653974523));
#18209=CARTESIAN_POINT('',(10.4736138378522,-4.03861383785219,1.03526547115752));
#18210=CARTESIAN_POINT('',(11.11,-4.675,2.4));
#18211=CARTESIAN_POINT('',(11.11,-2.17742200888399E-15,2.4));
#18212=CARTESIAN_POINT('',(11.11,-2.77500000000001,2.40000000000001));
#18213=CARTESIAN_POINT('',(10.61,-3.275,1.32774653974523));
#18214=CARTESIAN_POINT('',(10.61,-4.175,1.32774653974523));
#18215=CARTESIAN_POINT('',(9.84638616214779,-4.03861383785219,1.03526547115751));
#18216=CARTESIAN_POINT('',(9.71,-4.175,1.32774653974523));
#18217=CARTESIAN_POINT('',(26.45,-4.675,2.4));
#18218=CARTESIAN_POINT('',(10.61,-4.175,1.32774653974523));
#18219=CARTESIAN_POINT('',(10.61,-3.275,0.199));
#18220=CARTESIAN_POINT('',(10.61,-3.275,1.32774653974523));
#18221=CARTESIAN_POINT('',(9.71,-3.275,1.32774653974523));
#18222=CARTESIAN_POINT('',(9.71,-3.275,0.199));
#18223=CARTESIAN_POINT('',(9.71,-3.275,0.2));
#18224=CARTESIAN_POINT('',(10.61,-3.275,0.2));
#18225=CARTESIAN_POINT('',(9.71,-3.275,0.199));
#18226=CARTESIAN_POINT('',(9.71,-3.275,1.32774653974523));
#18227=CARTESIAN_POINT('',(9.71,-4.175,0.199));
#18228=CARTESIAN_POINT('',(9.71,-4.175,0.2));
#18229=CARTESIAN_POINT('',(9.71,-3.275,0.2));
#18230=CARTESIAN_POINT('',(10.61,-3.275,1.32774653974523));
#18231=CARTESIAN_POINT('',(9.84638616214779,-3.41138616214781,1.03526547115751));
#18232=CARTESIAN_POINT('',(26.45,-2.775,2.4));
#18233=CARTESIAN_POINT('',(9.71,-3.275,1.32774653974523));
#18234=CARTESIAN_POINT('',(10.61,-4.175,0.199));
#18235=CARTESIAN_POINT('',(10.61,-4.175,0.2));
#18236=CARTESIAN_POINT('',(-1.32,0.,2.4));
#18237=CARTESIAN_POINT('',(8.67,2.775,2.4));
#18238=CARTESIAN_POINT('',(8.57,2.775,2.4));
#18239=CARTESIAN_POINT('',(8.67,4.675,2.4));
#18240=CARTESIAN_POINT('',(8.56999999999999,4.675,2.4));
#18241=CARTESIAN_POINT('',(8.57,-1.86636172190057E-15,2.4));
#18242=CARTESIAN_POINT('',(-1.32,0.,2.4));
#18243=CARTESIAN_POINT('',(8.67,-2.775,2.4));
#18244=CARTESIAN_POINT('',(6.66999999999999,-2.775,2.4));
#18245=CARTESIAN_POINT('',(6.03000000000001,-2.77500000000001,2.40000000000001));
#18246=CARTESIAN_POINT('',(6.03,-1.55530143491714E-15,2.4));
#18247=CARTESIAN_POINT('',(6.02999999999999,-4.675,2.4));
#18248=CARTESIAN_POINT('',(8.67,-4.675,2.4));
#18249=CARTESIAN_POINT('',(6.66999999999999,-4.675,2.4));
#18250=CARTESIAN_POINT('',(6.67,-1.86636172190057E-15,2.4));
#18251=CARTESIAN_POINT('',(8.07,4.175,1.32774653974521));
#18252=CARTESIAN_POINT('',(7.93361383785217,4.03861383785219,1.0352654711575));
#18253=CARTESIAN_POINT('',(8.07,4.175,1.32774653974521));
#18254=CARTESIAN_POINT('',(23.91,4.675,2.4));
#18255=CARTESIAN_POINT('',(6.66999999999999,4.675,2.4));
#18256=CARTESIAN_POINT('',(7.30638616214779,4.03861383785218,1.0352654711575));
#18257=CARTESIAN_POINT('',(7.17,4.175,1.32774653974521));
#18258=CARTESIAN_POINT('',(8.07,4.175,1.32774653974521));
#18259=CARTESIAN_POINT('',(7.17,3.275,1.32774653974521));
#18260=CARTESIAN_POINT('',(6.67,-1.86636172190057E-15,2.4));
#18261=CARTESIAN_POINT('',(6.67,2.77499999999998,2.39999999999998));
#18262=CARTESIAN_POINT('',(7.30638616214779,3.41138616214781,1.03526547115749));
#18263=CARTESIAN_POINT('',(7.17,3.275,1.32774653974521));
#18264=CARTESIAN_POINT('',(7.17,3.275,1.32774653974521));
#18265=CARTESIAN_POINT('',(8.07,3.275,1.32774653974521));
#18266=CARTESIAN_POINT('',(8.07,3.275,1.32774653974521));
#18267=CARTESIAN_POINT('',(8.07,3.275,1.32774653974521));
#18268=CARTESIAN_POINT('',(8.07,3.275,1.32774653974521));
#18269=CARTESIAN_POINT('',(8.07,3.275,1.32774653974521));
#18270=CARTESIAN_POINT('',(23.91,2.775,2.4));
#18271=CARTESIAN_POINT('',(8.07,3.275,1.32774653974521));
#18272=CARTESIAN_POINT('',(8.07,-3.275,0.199));
#18273=CARTESIAN_POINT('',(8.07,-4.175,0.199));
#18274=CARTESIAN_POINT('',(8.07,-4.175,0.2));
#18275=CARTESIAN_POINT('',(8.07,-4.175,1.32774653974523));
#18276=CARTESIAN_POINT('',(8.07,-3.275,1.32774653974523));
#18277=CARTESIAN_POINT('',(8.07,-3.275,1.32774653974523));
#18278=CARTESIAN_POINT('',(8.07,-3.275,0.199));
#18279=CARTESIAN_POINT('',(8.07,-3.275,0.2));
#18280=CARTESIAN_POINT('',(8.07,-3.275,0.2));
#18281=CARTESIAN_POINT('',(8.07,3.275,0.199));
#18282=CARTESIAN_POINT('',(7.17,3.275,0.199));
#18283=CARTESIAN_POINT('',(7.17,3.275,0.2));
#18284=CARTESIAN_POINT('',(8.07,3.275,0.199));
#18285=CARTESIAN_POINT('',(8.07,3.275,0.2));
#18286=CARTESIAN_POINT('',(8.07,3.275,0.2));
#18287=CARTESIAN_POINT('',(7.17,3.275,0.199));
#18288=CARTESIAN_POINT('',(7.17,4.175,0.199));
#18289=CARTESIAN_POINT('',(7.17,4.175,0.2));
#18290=CARTESIAN_POINT('',(7.17,3.275,0.2));
#18291=CARTESIAN_POINT('',(8.07,4.175,0.199));
#18292=CARTESIAN_POINT('',(8.07,4.175,0.199));
#18293=CARTESIAN_POINT('',(8.07,4.175,0.2));
#18294=CARTESIAN_POINT('',(8.07,4.175,0.2));
#18295=CARTESIAN_POINT('',(8.07,3.275,0.199));
#18296=CARTESIAN_POINT('',(8.07,3.275,0.2));
#18297=CARTESIAN_POINT('',(8.07,-3.275,1.32774653974523));
#18298=CARTESIAN_POINT('',(7.93361383785217,-4.03861383785219,1.03526547115752));
#18299=CARTESIAN_POINT('',(8.07,-3.275,1.32774653974523));
#18300=CARTESIAN_POINT('',(8.07,-4.175,1.32774653974523));
#18301=CARTESIAN_POINT('',(7.30638616214779,-4.03861383785219,1.03526547115751));
#18302=CARTESIAN_POINT('',(7.17,-4.175,1.32774653974523));
#18303=CARTESIAN_POINT('',(23.91,-4.675,2.4));
#18304=CARTESIAN_POINT('',(8.07,-4.175,1.32774653974523));
#18305=CARTESIAN_POINT('',(8.07,-3.275,0.199));
#18306=CARTESIAN_POINT('',(8.07,-3.275,1.32774653974523));
#18307=CARTESIAN_POINT('',(7.17,-3.275,1.32774653974523));
#18308=CARTESIAN_POINT('',(7.17,-3.275,0.199));
#18309=CARTESIAN_POINT('',(7.17,-3.275,0.2));
#18310=CARTESIAN_POINT('',(8.07,-3.275,0.2));
#18311=CARTESIAN_POINT('',(7.17,-3.275,0.199));
#18312=CARTESIAN_POINT('',(7.17,-3.275,1.32774653974523));
#18313=CARTESIAN_POINT('',(7.17,-4.175,0.199));
#18314=CARTESIAN_POINT('',(7.17,-4.175,0.2));
#18315=CARTESIAN_POINT('',(7.17,-3.275,0.2));
#18316=CARTESIAN_POINT('',(8.07,-3.275,1.32774653974523));
#18317=CARTESIAN_POINT('',(7.30638616214779,-3.41138616214781,1.03526547115751));
#18318=CARTESIAN_POINT('',(23.91,-2.775,2.4));
#18319=CARTESIAN_POINT('',(7.17,-3.275,1.32774653974523));
#18320=CARTESIAN_POINT('',(8.07,-4.175,0.199));
#18321=CARTESIAN_POINT('',(8.07,-4.175,0.2));
#18322=CARTESIAN_POINT('',(-1.32,0.,2.4));
#18323=CARTESIAN_POINT('',(8.67,2.775,2.4));
#18324=CARTESIAN_POINT('',(6.03,2.775,2.4));
#18325=CARTESIAN_POINT('',(8.67,4.675,2.4));
#18326=CARTESIAN_POINT('',(6.02999999999999,4.675,2.4));
#18327=CARTESIAN_POINT('',(6.03,-1.55530143491714E-15,2.4));
#18328=CARTESIAN_POINT('',(-1.32,0.,2.4));
#18329=CARTESIAN_POINT('',(8.67,-2.775,2.4));
#18330=CARTESIAN_POINT('',(4.12999999999999,-2.77499999999999,2.4));
#18331=CARTESIAN_POINT('',(3.49,-2.77500000000001,2.40000000000001));
#18332=CARTESIAN_POINT('',(3.49,-1.24424114793371E-15,2.4));
#18333=CARTESIAN_POINT('',(3.48999999999999,-4.675,2.4));
#18334=CARTESIAN_POINT('',(8.67,-4.675,2.4));
#18335=CARTESIAN_POINT('',(4.12999999999999,-4.675,2.4));
#18336=CARTESIAN_POINT('',(4.13,-1.55530143491714E-15,2.4));
#18337=CARTESIAN_POINT('',(5.53,4.175,1.32774653974521));
#18338=CARTESIAN_POINT('',(5.39361383785217,4.03861383785219,1.0352654711575));
#18339=CARTESIAN_POINT('',(5.53,4.175,1.32774653974521));
#18340=CARTESIAN_POINT('',(21.37,4.675,2.4));
#18341=CARTESIAN_POINT('',(4.12999999999999,4.675,2.4));
#18342=CARTESIAN_POINT('',(4.76638616214779,4.03861383785218,1.0352654711575));
#18343=CARTESIAN_POINT('',(4.63,4.175,1.32774653974521));
#18344=CARTESIAN_POINT('',(5.53,4.175,1.32774653974521));
#18345=CARTESIAN_POINT('',(4.63,3.275,1.32774653974521));
#18346=CARTESIAN_POINT('',(4.13,-1.55530143491714E-15,2.4));
#18347=CARTESIAN_POINT('',(4.13,2.77499999999998,2.39999999999998));
#18348=CARTESIAN_POINT('',(4.76638616214779,3.41138616214781,1.03526547115749));
#18349=CARTESIAN_POINT('',(4.63,3.275,1.32774653974521));
#18350=CARTESIAN_POINT('',(4.63,3.275,1.32774653974521));
#18351=CARTESIAN_POINT('',(5.53,3.275,1.32774653974521));
#18352=CARTESIAN_POINT('',(5.53,3.275,1.32774653974521));
#18353=CARTESIAN_POINT('',(5.53,3.275,1.32774653974521));
#18354=CARTESIAN_POINT('',(5.53,3.275,1.32774653974521));
#18355=CARTESIAN_POINT('',(5.53,3.275,1.32774653974521));
#18356=CARTESIAN_POINT('',(21.37,2.775,2.4));
#18357=CARTESIAN_POINT('',(5.53,3.275,1.32774653974521));
#18358=CARTESIAN_POINT('',(5.53,-3.275,0.199));
#18359=CARTESIAN_POINT('',(5.53,-4.175,0.199));
#18360=CARTESIAN_POINT('',(5.53,-4.175,0.2));
#18361=CARTESIAN_POINT('',(5.53,-4.175,1.32774653974523));
#18362=CARTESIAN_POINT('',(5.53,-3.275,1.32774653974523));
#18363=CARTESIAN_POINT('',(5.53,-3.275,1.32774653974523));
#18364=CARTESIAN_POINT('',(5.53,-3.275,0.199));
#18365=CARTESIAN_POINT('',(5.53,-3.275,0.2));
#18366=CARTESIAN_POINT('',(5.53,-3.275,0.2));
#18367=CARTESIAN_POINT('',(5.53,3.275,0.199));
#18368=CARTESIAN_POINT('',(4.63,3.275,0.199));
#18369=CARTESIAN_POINT('',(4.63,3.275,0.2));
#18370=CARTESIAN_POINT('',(5.53,3.275,0.199));
#18371=CARTESIAN_POINT('',(5.53,3.275,0.2));
#18372=CARTESIAN_POINT('',(5.53,3.275,0.2));
#18373=CARTESIAN_POINT('',(4.63,3.275,0.199));
#18374=CARTESIAN_POINT('',(4.63,4.175,0.199));
#18375=CARTESIAN_POINT('',(4.63,4.175,0.2));
#18376=CARTESIAN_POINT('',(4.63,3.275,0.2));
#18377=CARTESIAN_POINT('',(5.53,4.175,0.199));
#18378=CARTESIAN_POINT('',(5.53,4.175,0.199));
#18379=CARTESIAN_POINT('',(5.53,4.175,0.2));
#18380=CARTESIAN_POINT('',(5.53,4.175,0.2));
#18381=CARTESIAN_POINT('',(5.53,3.275,0.199));
#18382=CARTESIAN_POINT('',(5.53,3.275,0.2));
#18383=CARTESIAN_POINT('',(5.53,-3.275,1.32774653974523));
#18384=CARTESIAN_POINT('',(5.39361383785217,-4.03861383785219,1.03526547115752));
#18385=CARTESIAN_POINT('',(5.53,-3.275,1.32774653974523));
#18386=CARTESIAN_POINT('',(5.53,-4.175,1.32774653974523));
#18387=CARTESIAN_POINT('',(4.76638616214779,-4.03861383785219,1.03526547115751));
#18388=CARTESIAN_POINT('',(4.63,-4.175,1.32774653974523));
#18389=CARTESIAN_POINT('',(21.37,-4.675,2.4));
#18390=CARTESIAN_POINT('',(5.53,-4.175,1.32774653974523));
#18391=CARTESIAN_POINT('',(5.53,-3.275,0.199));
#18392=CARTESIAN_POINT('',(5.53,-3.275,1.32774653974523));
#18393=CARTESIAN_POINT('',(4.63,-3.275,1.32774653974523));
#18394=CARTESIAN_POINT('',(4.63,-3.275,0.199));
#18395=CARTESIAN_POINT('',(4.63,-3.275,0.2));
#18396=CARTESIAN_POINT('',(5.53,-3.275,0.2));
#18397=CARTESIAN_POINT('',(4.63,-3.275,0.199));
#18398=CARTESIAN_POINT('',(4.63,-3.275,1.32774653974523));
#18399=CARTESIAN_POINT('',(4.63,-4.175,0.199));
#18400=CARTESIAN_POINT('',(4.63,-4.175,0.2));
#18401=CARTESIAN_POINT('',(4.63,-3.275,0.2));
#18402=CARTESIAN_POINT('',(5.53,-3.275,1.32774653974523));
#18403=CARTESIAN_POINT('',(4.76638616214779,-3.41138616214781,1.03526547115751));
#18404=CARTESIAN_POINT('',(21.37,-2.775,2.4));
#18405=CARTESIAN_POINT('',(4.63,-3.275,1.32774653974523));
#18406=CARTESIAN_POINT('',(5.53,-4.175,0.199));
#18407=CARTESIAN_POINT('',(5.53,-4.175,0.2));
#18408=CARTESIAN_POINT('',(-1.32,0.,2.4));
#18409=CARTESIAN_POINT('',(8.67,2.775,2.4));
#18410=CARTESIAN_POINT('',(3.49,2.775,2.4));
#18411=CARTESIAN_POINT('',(8.67,4.675,2.4));
#18412=CARTESIAN_POINT('',(3.48999999999999,4.675,2.4));
#18413=CARTESIAN_POINT('',(3.49,-1.24424114793371E-15,2.4));
#18414=CARTESIAN_POINT('',(-1.32,0.,2.4));
#18415=CARTESIAN_POINT('',(8.67,-2.775,2.4));
#18416=CARTESIAN_POINT('',(1.58999999999999,-2.77499999999999,2.4));
#18417=CARTESIAN_POINT('',(0.950000000000004,-2.77500000000001,2.40000000000001));
#18418=CARTESIAN_POINT('',(0.949999999999999,-9.33180860950283E-16,2.4));
#18419=CARTESIAN_POINT('',(0.949999999999988,-4.675,2.4));
#18420=CARTESIAN_POINT('',(8.67,-4.675,2.4));
#18421=CARTESIAN_POINT('',(1.58999999999999,-4.675,2.4));
#18422=CARTESIAN_POINT('',(1.59,-1.24424114793371E-15,2.4));
#18423=CARTESIAN_POINT('',(2.99,4.175,1.32774653974521));
#18424=CARTESIAN_POINT('',(2.85361383785217,4.03861383785219,1.0352654711575));
#18425=CARTESIAN_POINT('',(2.99,4.175,1.32774653974521));
#18426=CARTESIAN_POINT('',(18.83,4.675,2.4));
#18427=CARTESIAN_POINT('',(1.58999999999999,4.675,2.4));
#18428=CARTESIAN_POINT('',(2.22638616214779,4.03861383785218,1.0352654711575));
#18429=CARTESIAN_POINT('',(2.09,4.175,1.32774653974521));
#18430=CARTESIAN_POINT('',(2.99,4.175,1.32774653974521));
#18431=CARTESIAN_POINT('',(2.09,3.275,1.32774653974521));
#18432=CARTESIAN_POINT('',(1.59,-1.24424114793371E-15,2.4));
#18433=CARTESIAN_POINT('',(1.58999999999999,2.77499999999998,2.39999999999998));
#18434=CARTESIAN_POINT('',(2.22638616214779,3.41138616214781,1.03526547115749));
#18435=CARTESIAN_POINT('',(2.09,3.275,1.32774653974521));
#18436=CARTESIAN_POINT('',(2.09,3.275,1.32774653974521));
#18437=CARTESIAN_POINT('',(2.99,3.275,1.32774653974521));
#18438=CARTESIAN_POINT('',(2.99,3.275,1.32774653974521));
#18439=CARTESIAN_POINT('',(2.99,3.275,1.32774653974521));
#18440=CARTESIAN_POINT('',(2.99,3.275,1.32774653974521));
#18441=CARTESIAN_POINT('',(2.99,3.275,1.32774653974521));
#18442=CARTESIAN_POINT('',(18.83,2.775,2.4));
#18443=CARTESIAN_POINT('',(2.99,3.275,1.32774653974521));
#18444=CARTESIAN_POINT('',(2.99,-3.275,0.199));
#18445=CARTESIAN_POINT('',(2.99,-4.175,0.199));
#18446=CARTESIAN_POINT('',(2.99,-4.175,0.2));
#18447=CARTESIAN_POINT('',(2.99,-4.175,1.32774653974523));
#18448=CARTESIAN_POINT('',(2.99,-3.275,1.32774653974523));
#18449=CARTESIAN_POINT('',(2.99,-3.275,1.32774653974523));
#18450=CARTESIAN_POINT('',(2.99,-3.275,0.199));
#18451=CARTESIAN_POINT('',(2.99,-3.275,0.2));
#18452=CARTESIAN_POINT('',(2.99,-3.275,0.2));
#18453=CARTESIAN_POINT('',(2.99,3.275,0.199));
#18454=CARTESIAN_POINT('',(2.09,3.275,0.199));
#18455=CARTESIAN_POINT('',(2.09,3.275,0.2));
#18456=CARTESIAN_POINT('',(2.99,3.275,0.199));
#18457=CARTESIAN_POINT('',(2.99,3.275,0.2));
#18458=CARTESIAN_POINT('',(2.99,3.275,0.2));
#18459=CARTESIAN_POINT('',(2.09,3.275,0.199));
#18460=CARTESIAN_POINT('',(2.09,4.175,0.199));
#18461=CARTESIAN_POINT('',(2.09,4.175,0.2));
#18462=CARTESIAN_POINT('',(2.09,3.275,0.2));
#18463=CARTESIAN_POINT('',(2.99,4.175,0.199));
#18464=CARTESIAN_POINT('',(2.99,4.175,0.199));
#18465=CARTESIAN_POINT('',(2.99,4.175,0.2));
#18466=CARTESIAN_POINT('',(2.99,4.175,0.2));
#18467=CARTESIAN_POINT('',(2.99,3.275,0.199));
#18468=CARTESIAN_POINT('',(2.99,3.275,0.2));
#18469=CARTESIAN_POINT('',(2.99,-3.275,1.32774653974523));
#18470=CARTESIAN_POINT('',(2.85361383785217,-4.03861383785219,1.03526547115752));
#18471=CARTESIAN_POINT('',(2.99,-3.275,1.32774653974523));
#18472=CARTESIAN_POINT('',(2.99,-4.175,1.32774653974523));
#18473=CARTESIAN_POINT('',(2.22638616214779,-4.03861383785219,1.03526547115751));
#18474=CARTESIAN_POINT('',(2.09,-4.175,1.32774653974523));
#18475=CARTESIAN_POINT('',(18.83,-4.675,2.4));
#18476=CARTESIAN_POINT('',(2.99,-4.175,1.32774653974523));
#18477=CARTESIAN_POINT('',(2.99,-3.275,0.199));
#18478=CARTESIAN_POINT('',(2.99,-3.275,1.32774653974523));
#18479=CARTESIAN_POINT('',(2.09,-3.275,1.32774653974523));
#18480=CARTESIAN_POINT('',(2.09,-3.275,0.199));
#18481=CARTESIAN_POINT('',(2.09,-3.275,0.2));
#18482=CARTESIAN_POINT('',(2.99,-3.275,0.2));
#18483=CARTESIAN_POINT('',(2.09,-3.275,0.199));
#18484=CARTESIAN_POINT('',(2.09,-3.275,1.32774653974523));
#18485=CARTESIAN_POINT('',(2.09,-4.175,0.199));
#18486=CARTESIAN_POINT('',(2.09,-4.175,0.2));
#18487=CARTESIAN_POINT('',(2.09,-3.275,0.2));
#18488=CARTESIAN_POINT('',(2.99,-3.275,1.32774653974523));
#18489=CARTESIAN_POINT('',(2.22638616214779,-3.41138616214781,1.03526547115751));
#18490=CARTESIAN_POINT('',(18.83,-2.775,2.4));
#18491=CARTESIAN_POINT('',(2.09,-3.275,1.32774653974523));
#18492=CARTESIAN_POINT('',(2.99,-4.175,0.199));
#18493=CARTESIAN_POINT('',(2.99,-4.175,0.2));
#18494=CARTESIAN_POINT('',(-1.32,0.,2.4));
#18495=CARTESIAN_POINT('',(8.67,2.775,2.4));
#18496=CARTESIAN_POINT('',(0.95,2.775,2.4));
#18497=CARTESIAN_POINT('',(8.67,4.675,2.4));
#18498=CARTESIAN_POINT('',(0.94999999999999,4.675,2.4));
#18499=CARTESIAN_POINT('',(0.949999999999999,-9.33180860950283E-16,2.4));
#18500=CARTESIAN_POINT('',(-1.32,0.,2.4));
#18501=CARTESIAN_POINT('',(8.67,-2.775,2.4));
#18502=CARTESIAN_POINT('',(-0.950000000000012,-2.77499999999999,2.4));
#18503=CARTESIAN_POINT('',(-1.58999999999999,-2.77500000000001,2.40000000000001));
#18504=CARTESIAN_POINT('',(-1.59,-6.22120573966855E-16,2.4));
#18505=CARTESIAN_POINT('',(-1.59000000000001,-4.675,2.4));
#18506=CARTESIAN_POINT('',(8.67,-4.675,2.4));
#18507=CARTESIAN_POINT('',(-0.950000000000013,-4.675,2.4));
#18508=CARTESIAN_POINT('',(-0.950000000000001,-9.33180860950283E-16,2.4));
#18509=CARTESIAN_POINT('',(0.449999999999998,4.175,1.32774653974521));
#18510=CARTESIAN_POINT('',(0.313613837852169,4.03861383785219,1.0352654711575));
#18511=CARTESIAN_POINT('',(0.449999999999998,4.175,1.32774653974521));
#18512=CARTESIAN_POINT('',(16.29,4.675,2.4));
#18513=CARTESIAN_POINT('',(-0.950000000000013,4.675,2.4));
#18514=CARTESIAN_POINT('',(-0.313613837852212,4.03861383785218,1.0352654711575));
#18515=CARTESIAN_POINT('',(-0.450000000000001,4.175,1.32774653974521));
#18516=CARTESIAN_POINT('',(0.449999999999998,4.175,1.32774653974521));
#18517=CARTESIAN_POINT('',(-0.450000000000001,3.275,1.32774653974521));
#18518=CARTESIAN_POINT('',(-0.950000000000001,-9.33180860950283E-16,2.4));
#18519=CARTESIAN_POINT('',(-0.950000000000006,2.77499999999998,2.39999999999998));
#18520=CARTESIAN_POINT('',(-0.313613837852212,3.41138616214781,1.03526547115749));
#18521=CARTESIAN_POINT('',(-0.450000000000001,3.275,1.32774653974521));
#18522=CARTESIAN_POINT('',(-0.450000000000001,3.275,1.32774653974521));
#18523=CARTESIAN_POINT('',(0.449999999999998,3.275,1.32774653974521));
#18524=CARTESIAN_POINT('',(0.449999999999998,3.275,1.32774653974521));
#18525=CARTESIAN_POINT('',(0.449999999999998,3.275,1.32774653974521));
#18526=CARTESIAN_POINT('',(0.449999999999998,3.275,1.32774653974521));
#18527=CARTESIAN_POINT('',(0.449999999999998,3.275,1.32774653974521));
#18528=CARTESIAN_POINT('',(16.29,2.775,2.4));
#18529=CARTESIAN_POINT('',(0.449999999999998,3.275,1.32774653974521));
#18530=CARTESIAN_POINT('',(0.449999999999998,-3.275,0.199));
#18531=CARTESIAN_POINT('',(0.449999999999998,-4.175,0.199));
#18532=CARTESIAN_POINT('',(0.449999999999998,-4.175,0.2));
#18533=CARTESIAN_POINT('',(0.449999999999998,-4.175,1.32774653974523));
#18534=CARTESIAN_POINT('',(0.449999999999998,-3.275,1.32774653974523));
#18535=CARTESIAN_POINT('',(0.449999999999998,-3.275,1.32774653974523));
#18536=CARTESIAN_POINT('',(0.449999999999998,-3.275,0.199));
#18537=CARTESIAN_POINT('',(0.449999999999998,-3.275,0.2));
#18538=CARTESIAN_POINT('',(0.449999999999998,-3.275,0.2));
#18539=CARTESIAN_POINT('',(0.449999999999998,3.275,0.199));
#18540=CARTESIAN_POINT('',(-0.450000000000001,3.275,0.199));
#18541=CARTESIAN_POINT('',(-0.450000000000001,3.275,0.2));
#18542=CARTESIAN_POINT('',(0.449999999999998,3.275,0.199));
#18543=CARTESIAN_POINT('',(0.449999999999998,3.275,0.2));
#18544=CARTESIAN_POINT('',(0.449999999999998,3.275,0.2));
#18545=CARTESIAN_POINT('',(-0.450000000000001,3.275,0.199));
#18546=CARTESIAN_POINT('',(-0.450000000000001,4.175,0.199));
#18547=CARTESIAN_POINT('',(-0.450000000000001,4.175,0.2));
#18548=CARTESIAN_POINT('',(-0.450000000000001,3.275,0.2));
#18549=CARTESIAN_POINT('',(0.449999999999998,4.175,0.199));
#18550=CARTESIAN_POINT('',(0.449999999999998,4.175,0.199));
#18551=CARTESIAN_POINT('',(0.449999999999998,4.175,0.2));
#18552=CARTESIAN_POINT('',(0.449999999999998,4.175,0.2));
#18553=CARTESIAN_POINT('',(0.449999999999998,3.275,0.199));
#18554=CARTESIAN_POINT('',(0.449999999999998,3.275,0.2));
#18555=CARTESIAN_POINT('',(0.449999999999998,-3.275,1.32774653974523));
#18556=CARTESIAN_POINT('',(0.313613837852169,-4.03861383785219,1.03526547115752));
#18557=CARTESIAN_POINT('',(0.449999999999998,-3.275,1.32774653974523));
#18558=CARTESIAN_POINT('',(0.449999999999998,-4.175,1.32774653974523));
#18559=CARTESIAN_POINT('',(-0.313613837852212,-4.03861383785219,1.03526547115751));
#18560=CARTESIAN_POINT('',(-0.450000000000001,-4.175,1.32774653974523));
#18561=CARTESIAN_POINT('',(16.29,-4.675,2.4));
#18562=CARTESIAN_POINT('',(0.449999999999998,-4.175,1.32774653974523));
#18563=CARTESIAN_POINT('',(0.449999999999998,-3.275,0.199));
#18564=CARTESIAN_POINT('',(0.449999999999998,-3.275,1.32774653974523));
#18565=CARTESIAN_POINT('',(-0.450000000000001,-3.275,1.32774653974523));
#18566=CARTESIAN_POINT('',(-0.450000000000001,-3.275,0.199));
#18567=CARTESIAN_POINT('',(-0.450000000000001,-3.275,0.2));
#18568=CARTESIAN_POINT('',(0.449999999999998,-3.275,0.2));
#18569=CARTESIAN_POINT('',(-0.450000000000001,-3.275,0.199));
#18570=CARTESIAN_POINT('',(-0.450000000000001,-3.275,1.32774653974523));
#18571=CARTESIAN_POINT('',(-0.450000000000001,-4.175,0.199));
#18572=CARTESIAN_POINT('',(-0.450000000000001,-4.175,0.2));
#18573=CARTESIAN_POINT('',(-0.450000000000001,-3.275,0.2));
#18574=CARTESIAN_POINT('',(0.449999999999998,-3.275,1.32774653974523));
#18575=CARTESIAN_POINT('',(-0.313613837852212,-3.41138616214781,1.03526547115751));
#18576=CARTESIAN_POINT('',(16.29,-2.775,2.4));
#18577=CARTESIAN_POINT('',(-0.450000000000001,-3.275,1.32774653974523));
#18578=CARTESIAN_POINT('',(0.449999999999998,-4.175,0.199));
#18579=CARTESIAN_POINT('',(0.449999999999998,-4.175,0.2));
#18580=CARTESIAN_POINT('',(-1.32,0.,2.4));
#18581=CARTESIAN_POINT('',(8.67,2.775,2.4));
#18582=CARTESIAN_POINT('',(-1.59,2.775,2.4));
#18583=CARTESIAN_POINT('',(8.67,4.675,2.4));
#18584=CARTESIAN_POINT('',(-1.59000000000001,4.675,2.4));
#18585=CARTESIAN_POINT('',(-1.59,-6.22120573966855E-16,2.4));
#18586=CARTESIAN_POINT('',(-1.32,0.,2.4));
#18587=CARTESIAN_POINT('',(8.67,-2.775,2.4));
#18588=CARTESIAN_POINT('',(-3.49000000000001,-2.77499999999999,2.4));
#18589=CARTESIAN_POINT('',(8.67,-4.675,2.4));
#18590=CARTESIAN_POINT('',(-3.49000000000001,-4.675,2.40000000000001));
#18591=CARTESIAN_POINT('',(-3.49,-6.22120573966855E-16,2.4));
#18592=CARTESIAN_POINT('',(-2.09,4.175,1.32774653974521));
#18593=CARTESIAN_POINT('',(-2.22638616214783,4.03861383785219,1.0352654711575));
#18594=CARTESIAN_POINT('',(-2.09,4.175,1.32774653974521));
#18595=CARTESIAN_POINT('',(13.75,4.675,2.4));
#18596=CARTESIAN_POINT('',(-2.85361383785221,4.03861383785218,1.0352654711575));
#18597=CARTESIAN_POINT('',(-2.99,4.175,1.32774653974521));
#18598=CARTESIAN_POINT('',(-2.09,4.175,1.32774653974521));
#18599=CARTESIAN_POINT('',(-2.99,3.275,1.32774653974521));
#18600=CARTESIAN_POINT('',(-2.85361383785221,3.41138616214781,1.03526547115749));
#18601=CARTESIAN_POINT('',(-2.99,3.275,1.32774653974521));
#18602=CARTESIAN_POINT('',(-2.99,3.275,1.32774653974521));
#18603=CARTESIAN_POINT('',(-2.09,3.275,1.32774653974521));
#18604=CARTESIAN_POINT('',(-2.09,3.275,1.32774653974521));
#18605=CARTESIAN_POINT('',(-2.09,3.275,1.32774653974521));
#18606=CARTESIAN_POINT('',(-2.09,3.275,1.32774653974521));
#18607=CARTESIAN_POINT('',(-2.09,3.275,1.32774653974521));
#18608=CARTESIAN_POINT('',(13.75,2.775,2.4));
#18609=CARTESIAN_POINT('',(-2.09,3.275,1.32774653974521));
#18610=CARTESIAN_POINT('',(-2.09,-3.275,0.199));
#18611=CARTESIAN_POINT('',(-2.09,-4.175,0.199));
#18612=CARTESIAN_POINT('',(-2.09,-4.175,0.2));
#18613=CARTESIAN_POINT('',(-2.09,-4.175,1.32774653974523));
#18614=CARTESIAN_POINT('',(-2.09,-3.275,1.32774653974523));
#18615=CARTESIAN_POINT('',(-2.09,-3.275,1.32774653974523));
#18616=CARTESIAN_POINT('',(-2.09,-3.275,0.199));
#18617=CARTESIAN_POINT('',(-2.09,-3.275,0.2));
#18618=CARTESIAN_POINT('',(-2.09,-3.275,0.2));
#18619=CARTESIAN_POINT('',(-2.09,3.275,0.199));
#18620=CARTESIAN_POINT('',(-2.99,3.275,0.199));
#18621=CARTESIAN_POINT('',(-2.99,3.275,0.2));
#18622=CARTESIAN_POINT('',(-2.09,3.275,0.199));
#18623=CARTESIAN_POINT('',(-2.09,3.275,0.2));
#18624=CARTESIAN_POINT('',(-2.09,3.275,0.2));
#18625=CARTESIAN_POINT('',(-2.99,3.275,0.199));
#18626=CARTESIAN_POINT('',(-2.99,4.175,0.199));
#18627=CARTESIAN_POINT('',(-2.99,4.175,0.2));
#18628=CARTESIAN_POINT('',(-2.99,3.275,0.2));
#18629=CARTESIAN_POINT('',(-2.09,4.175,0.199));
#18630=CARTESIAN_POINT('',(-2.09,4.175,0.199));
#18631=CARTESIAN_POINT('',(-2.09,4.175,0.2));
#18632=CARTESIAN_POINT('',(-2.09,4.175,0.2));
#18633=CARTESIAN_POINT('',(-2.09,3.275,0.199));
#18634=CARTESIAN_POINT('',(-2.09,3.275,0.2));
#18635=CARTESIAN_POINT('',(-2.09,-3.275,1.32774653974523));
#18636=CARTESIAN_POINT('',(-2.22638616214783,-4.03861383785219,1.03526547115752));
#18637=CARTESIAN_POINT('',(-2.09,-3.275,1.32774653974523));
#18638=CARTESIAN_POINT('',(-2.09,-4.175,1.32774653974523));
#18639=CARTESIAN_POINT('',(-2.85361383785221,-4.03861383785218,1.03526547115751));
#18640=CARTESIAN_POINT('',(-2.99,-4.175,1.32774653974523));
#18641=CARTESIAN_POINT('',(13.75,-4.675,2.4));
#18642=CARTESIAN_POINT('',(-2.09,-4.175,1.32774653974523));
#18643=CARTESIAN_POINT('',(-2.09,-3.275,0.199));
#18644=CARTESIAN_POINT('',(-2.09,-3.275,1.32774653974523));
#18645=CARTESIAN_POINT('',(-2.99,-3.275,1.32774653974523));
#18646=CARTESIAN_POINT('',(-2.99,-3.275,0.199));
#18647=CARTESIAN_POINT('',(-2.99,-3.275,0.2));
#18648=CARTESIAN_POINT('',(-2.09,-3.275,0.2));
#18649=CARTESIAN_POINT('',(-2.99,-3.275,0.199));
#18650=CARTESIAN_POINT('',(-2.99,-3.275,1.32774653974523));
#18651=CARTESIAN_POINT('',(-2.99,-4.175,0.199));
#18652=CARTESIAN_POINT('',(-2.99,-4.175,0.2));
#18653=CARTESIAN_POINT('',(-2.99,-3.275,0.2));
#18654=CARTESIAN_POINT('',(-2.09,-3.275,1.32774653974523));
#18655=CARTESIAN_POINT('',(-2.85361383785221,-3.41138616214781,1.03526547115751));
#18656=CARTESIAN_POINT('',(13.75,-2.775,2.4));
#18657=CARTESIAN_POINT('',(-2.99,-3.275,1.32774653974523));
#18658=CARTESIAN_POINT('',(-2.09,-4.175,0.199));
#18659=CARTESIAN_POINT('',(-2.09,-4.175,0.2));
#18660=CARTESIAN_POINT('',(-1.32,0.,2.4));
#18661=CARTESIAN_POINT('',(8.67,-2.775,2.4));
#18662=CARTESIAN_POINT('',(11.21,-2.775,2.4));
#18663=CARTESIAN_POINT('',(8.67,-4.675,2.4));
#18664=CARTESIAN_POINT('',(11.21,-4.675,2.4));
#18665=CARTESIAN_POINT('',(11.21,-2.775,2.4));
#18666=CARTESIAN_POINT('',(-1.32,0.,2.4));
#18667=CARTESIAN_POINT('',(8.67,2.775,2.4));
#18668=CARTESIAN_POINT('',(-6.67,2.775,2.4));
#18669=CARTESIAN_POINT('',(8.67,4.675,2.4));
#18670=CARTESIAN_POINT('',(-6.67,4.675,2.4));
#18671=CARTESIAN_POINT('',(-6.67,0.,2.4));
#18672=CARTESIAN_POINT('',(-1.32,0.,5.6));
#18673=CARTESIAN_POINT('',(-12.1771796769724,-2.,5.6));
#18674=CARTESIAN_POINT('',(-12.1771796769724,-1.4,5.6));
#18675=CARTESIAN_POINT('',(-12.1771796769724,1.4,5.6));
#18676=CARTESIAN_POINT('',(-12.07,-1.4,5.6));
#18677=CARTESIAN_POINT('',(-12.07,-1.4,5.6));
#18678=CARTESIAN_POINT('',(-12.07,-1.4,5.6));
#18679=CARTESIAN_POINT('',(-12.07,1.4,5.6));
#18680=CARTESIAN_POINT('',(-12.07,1.4,5.6));
#18681=CARTESIAN_POINT('',(-13.67,-5.25,4.4));
#18682=CARTESIAN_POINT('',(-13.67,6.65,4.4));
#18683=CARTESIAN_POINT('',(-13.67,-4.45,4.4));
#18684=CARTESIAN_POINT('',(-13.67,-1.4,5.6));
#18685=CARTESIAN_POINT('',(-13.67,-1.4,5.6));
#18686=CARTESIAN_POINT('',(-13.67,-1.4,5.6));
#18687=CARTESIAN_POINT('',(-13.67,1.4,5.6));
#18688=CARTESIAN_POINT('',(-13.67,1.4,5.6));
#18689=CARTESIAN_POINT('',(-16.92,-6.45,7.7));
#18690=CARTESIAN_POINT('',(-17.92,-6.45,7.7));
#18691=CARTESIAN_POINT('',(-17.92,-6.45,0.2));
#18692=CARTESIAN_POINT('',(-16.92,-6.45,0.2));
#18693=CARTESIAN_POINT('',(14.28,6.45,0.2));
#18694=CARTESIAN_POINT('',(-16.92,6.45,0.2));
#18695=CARTESIAN_POINT('',(-17.92,6.45,0.2));
#18696=CARTESIAN_POINT('',(-17.92,6.45,0.2));
#18697=CARTESIAN_POINT('',(-15.67,5.,0.2));
#18698=CARTESIAN_POINT('',(-15.67,6.5,0.2));
#18699=CARTESIAN_POINT('',(-15.67,0.,0.2));
#18700=CARTESIAN_POINT('',(-15.67,1.5,0.2));
#18701=CARTESIAN_POINT('',(-15.67,-5.,0.2));
#18702=CARTESIAN_POINT('',(-15.67,-3.5,0.2));
#18703=CARTESIAN_POINT('',(15.57,0.,0.2));
#18704=CARTESIAN_POINT('',(15.57,-1.5,0.2));
#18705=CARTESIAN_POINT('',(-7.17,-3.275,0.2));
#18706=CARTESIAN_POINT('',(-8.07,-3.275,0.2));
#18707=CARTESIAN_POINT('',(-7.17,-3.275,0.2));
#18708=CARTESIAN_POINT('',(-8.07,-3.275,0.2));
#18709=CARTESIAN_POINT('',(-8.07,-4.175,0.2));
#18710=CARTESIAN_POINT('',(-7.17,-4.175,0.2));
#18711=CARTESIAN_POINT('',(-7.17,-4.175,0.2));
#18712=CARTESIAN_POINT('',(-7.17,-3.275,0.2));
#18713=CARTESIAN_POINT('',(-8.07,3.275,0.2));
#18714=CARTESIAN_POINT('',(-8.07,3.275,0.2));
#18715=CARTESIAN_POINT('',(-8.07,4.175,0.2));
#18716=CARTESIAN_POINT('',(-7.17,3.275,0.2));
#18717=CARTESIAN_POINT('',(-7.17,3.275,0.2));
#18718=CARTESIAN_POINT('',(-7.17,3.275,0.2));
#18719=CARTESIAN_POINT('',(-7.17,4.175,0.2));
#18720=CARTESIAN_POINT('',(-7.17,4.175,0.2));
#18721=CARTESIAN_POINT('',(-16.92,6.45,7.7));
#18722=CARTESIAN_POINT('',(-17.92,6.45,7.7));
#18723=CARTESIAN_POINT('',(-17.92,6.45,7.7));
#18724=CARTESIAN_POINT('',(-17.92,-4.25,7.7));
#18725=CARTESIAN_POINT('',(-13.67,-5.25,4.4));
#18726=CARTESIAN_POINT('',(-14.47,-5.25,4.4));
#18727=CARTESIAN_POINT('',(-16.92,-5.25,4.4));
#18728=CARTESIAN_POINT('',(-14.47,-5.25,4.4));
#18729=CARTESIAN_POINT('',(-13.67,6.65,4.4));
#18730=CARTESIAN_POINT('',(-16.92,-4.25,7.7));
#18731=CARTESIAN_POINT('',(-7.17,3.275,0.199));
#18732=CARTESIAN_POINT('',(-8.07,3.275,0.199));
#18733=CARTESIAN_POINT('',(-8.07,3.275,1.32774653974521));
#18734=CARTESIAN_POINT('',(-7.17,3.275,1.32774653974521));
#18735=CARTESIAN_POINT('',(-7.17,3.275,1.32774653974521));
#18736=CARTESIAN_POINT('',(-7.17,3.275,0.199));
#18737=CARTESIAN_POINT('',(-8.07,3.275,0.199));
#18738=CARTESIAN_POINT('',(-8.07,4.175,0.199));
#18739=CARTESIAN_POINT('',(-8.07,4.175,1.32774653974521));
#18740=CARTESIAN_POINT('',(-8.07,3.275,1.32774653974521));
#18741=CARTESIAN_POINT('',(-7.17,4.175,0.199));
#18742=CARTESIAN_POINT('',(-7.17,4.175,0.199));
#18743=CARTESIAN_POINT('',(-7.17,4.175,1.32774653974521));
#18744=CARTESIAN_POINT('',(-7.17,4.175,1.32774653974521));
#18745=CARTESIAN_POINT('',(-7.17,3.275,0.199));
#18746=CARTESIAN_POINT('',(-7.17,3.275,1.32774653974521));
#18747=CARTESIAN_POINT('',(-8.07,-3.275,0.199));
#18748=CARTESIAN_POINT('',(-8.07,-3.275,0.199));
#18749=CARTESIAN_POINT('',(-8.07,-3.275,1.32774653974523));
#18750=CARTESIAN_POINT('',(-8.07,-3.275,1.32774653974523));
#18751=CARTESIAN_POINT('',(-8.07,-4.175,1.32774653974523));
#18752=CARTESIAN_POINT('',(-8.07,-4.175,0.199));
#18753=CARTESIAN_POINT('',(-7.17,-3.275,0.199));
#18754=CARTESIAN_POINT('',(-7.17,-3.275,0.199));
#18755=CARTESIAN_POINT('',(-7.17,-3.275,1.32774653974523));
#18756=CARTESIAN_POINT('',(-7.17,-3.275,1.32774653974523));
#18757=CARTESIAN_POINT('',(-7.17,-3.275,0.199));
#18758=CARTESIAN_POINT('',(-7.17,-4.175,0.199));
#18759=CARTESIAN_POINT('',(-7.17,-4.175,1.32774653974523));
#18760=CARTESIAN_POINT('',(-7.17,-3.275,1.32774653974523));
#18761=CARTESIAN_POINT('',(-7.17,-4.175,0.199));
#18762=CARTESIAN_POINT('',(-7.17,-4.175,1.32774653974523));
#18763=CARTESIAN_POINT('',(-1.32,0.,2.4));
#18764=CARTESIAN_POINT('',(8.67,-4.675,2.4));
#18765=CARTESIAN_POINT('',(-8.67,-4.675,2.4));
#18766=CARTESIAN_POINT('',(-8.57,-4.675,2.4));
#18767=CARTESIAN_POINT('',(-8.57,0.,2.4));
#18768=CARTESIAN_POINT('',(-8.57,-2.775,2.4));
#18769=CARTESIAN_POINT('',(8.67,-2.775,2.4));
#18770=CARTESIAN_POINT('',(-8.67,-2.775,2.4));
#18771=CARTESIAN_POINT('',(-8.67,-2.775,2.4));
#18772=CARTESIAN_POINT('',(-8.67,-2.775,2.4));
#18773=CARTESIAN_POINT('',(-8.67,-4.675,2.4));
#18774=CARTESIAN_POINT('',(-8.67,-2.775,2.4));
#18775=CARTESIAN_POINT('',(8.67,-2.775,2.4));
#18776=CARTESIAN_POINT('',(11.21,-2.775,2.4));
#18777=CARTESIAN_POINT('',(8.67,-2.775,2.4));
#18778=CARTESIAN_POINT('',(11.21,-2.775,2.4));
#18779=CARTESIAN_POINT('',(11.21,-4.675,2.4));
#18780=CARTESIAN_POINT('',(8.67,-4.675,2.4));
#18781=CARTESIAN_POINT('',(8.67,-4.675,2.4));
#18782=CARTESIAN_POINT('',(-1.32,0.,2.4));
#18783=CARTESIAN_POINT('',(8.67,2.775,2.4));
#18784=CARTESIAN_POINT('',(-8.67,2.775,2.4));
#18785=CARTESIAN_POINT('',(-8.57,2.775,2.4));
#18786=CARTESIAN_POINT('',(-8.57,0.,2.4));
#18787=CARTESIAN_POINT('',(-8.57,4.675,2.4));
#18788=CARTESIAN_POINT('',(8.67,4.675,2.4));
#18789=CARTESIAN_POINT('',(-8.67,4.675,2.4));
#18790=CARTESIAN_POINT('',(-8.67,2.775,2.4));
#18791=CARTESIAN_POINT('',(8.67,2.775,2.4));
#18792=CARTESIAN_POINT('',(8.67,2.775,2.4));
#18793=CARTESIAN_POINT('',(-8.67,2.775,2.4));
#18794=CARTESIAN_POINT('',(11.21,2.775,2.4));
#18795=CARTESIAN_POINT('',(-8.67,2.775,2.4));
#18796=CARTESIAN_POINT('',(-8.67,4.675,2.4));
#18797=CARTESIAN_POINT('',(8.67,4.675,2.4));
#18798=CARTESIAN_POINT('',(11.21,4.675,2.4));
#18799=CARTESIAN_POINT('',(8.67,4.675,2.4));
#18800=CARTESIAN_POINT('',(11.21,2.775,2.4));
#18801=CARTESIAN_POINT('',(-6.67,0.5,3.9));
#18802=CARTESIAN_POINT('',(-6.67,0.5,3.9));
#18803=CARTESIAN_POINT('',(-6.67,0.5,3.9));
#18804=CARTESIAN_POINT('',(-6.67,0.5,3.9));
#18805=CARTESIAN_POINT('',(-6.67,-0.5,3.9));
#18806=CARTESIAN_POINT('',(-6.67,-0.5,3.9));
#18807=CARTESIAN_POINT('',(-6.67,-0.5,3.9));
#18808=CARTESIAN_POINT('',(-6.67,-0.5,3.9));
#18809=CARTESIAN_POINT('',(-9.47,-0.5,3.9));
#18810=CARTESIAN_POINT('',(-9.47,-0.5,3.9));
#18811=CARTESIAN_POINT('',(-9.47,0.5,3.9));
#18812=CARTESIAN_POINT('',(-9.47,0.5,3.9));
#18813=CARTESIAN_POINT('',(-9.47,0.5,3.9));
#18814=CARTESIAN_POINT('',(-9.47,0.5,3.9));
#18815=CARTESIAN_POINT('',(-6.67,0.5,3.9));
#18816=CARTESIAN_POINT('',(-6.67,0.5,3.9));
#18817=CARTESIAN_POINT('',(-1.32,0.,3.9));
#18818=CARTESIAN_POINT('',(-12.07,-1.4,5.6));
#18819=CARTESIAN_POINT('',(-12.07,1.4,5.6));
#18820=CARTESIAN_POINT('',(-12.07,-1.4,5.6));
#18821=CARTESIAN_POINT('',(-12.07,1.4,5.6));
#18822=CARTESIAN_POINT('',(-12.07,1.4,5.6));
#18823=CARTESIAN_POINT('',(-13.5628203230275,1.4,5.6));
#18824=CARTESIAN_POINT('',(-12.87,1.4,6.));
#18825=CARTESIAN_POINT('',(-12.07,-1.4,5.6));
#18826=CARTESIAN_POINT('',(-12.87,-1.4,6.));
#18827=CARTESIAN_POINT('',(-13.5628203230275,-1.4,5.6));
#18828=CARTESIAN_POINT('',(-12.07,-1.4,5.6));
#18829=CARTESIAN_POINT('',(-1.32,0.,5.6));
#18830=CARTESIAN_POINT('',(-13.5628203230275,-2.,5.6));
#18831=CARTESIAN_POINT('',(-12.87,-2.,6.));
#18832=CARTESIAN_POINT('',(15.57,0.,0.2));
#18833=CARTESIAN_POINT('',(15.57,0.,8.13151629364128E-17));
#18834=CARTESIAN_POINT('',(15.57,-1.38452994616207,8.13151629364128E-17));
#18835=CARTESIAN_POINT('',(15.57,0.,8.13151629364128E-17));
#18836=CARTESIAN_POINT('',(15.57,0.,1.0842021724855E-16));
#18837=CARTESIAN_POINT('',(16.27,0.,1.0842021724855E-16));
#18838=CARTESIAN_POINT('',(-15.67,-5.,0.2));
#18839=CARTESIAN_POINT('',(-15.67,-5.,8.13151629364128E-17));
#18840=CARTESIAN_POINT('',(-15.67,-3.61547005383793,8.13151629364128E-17));
#18841=CARTESIAN_POINT('',(-15.67,-5.,8.13151629364128E-17));
#18842=CARTESIAN_POINT('',(-15.67,0.,0.2));
#18843=CARTESIAN_POINT('',(-15.67,0.,8.13151629364128E-17));
#18844=CARTESIAN_POINT('',(-15.67,1.38452994616207,8.13151629364128E-17));
#18845=CARTESIAN_POINT('',(-15.67,0.,8.13151629364128E-17));
#18846=CARTESIAN_POINT('',(-15.67,0.,1.0842021724855E-16));
#18847=CARTESIAN_POINT('',(-16.37,0.,1.0842021724855E-16));
#18848=CARTESIAN_POINT('',(-15.67,5.,0.2));
#18849=CARTESIAN_POINT('',(-15.67,5.,8.13151629364128E-17));
#18850=CARTESIAN_POINT('',(-15.67,6.38452994616207,8.13151629364128E-17));
#18851=CARTESIAN_POINT('',(-15.67,5.,8.13151629364128E-17));
#18852=CARTESIAN_POINT('',(-7.17,4.175,1.32774653974521));
#18853=CARTESIAN_POINT('',(-7.30638616214783,4.03861383785219,1.0352654711575));
#18854=CARTESIAN_POINT('',(-7.93361383785221,4.03861383785218,1.0352654711575));
#18855=CARTESIAN_POINT('',(-8.07,3.275,1.32774653974521));
#18856=CARTESIAN_POINT('',(-7.93361383785221,3.41138616214781,1.03526547115749));
#18857=CARTESIAN_POINT('',(-7.17,3.275,1.32774653974521));
#18858=CARTESIAN_POINT('',(-7.17,3.275,1.32774653974521));
#18859=CARTESIAN_POINT('',(-7.17,3.275,1.32774653974521));
#18860=CARTESIAN_POINT('',(-8.07,-3.275,1.32774653974523));
#18861=CARTESIAN_POINT('',(-7.93361383785221,-3.41138616214781,1.03526547115751));
#18862=CARTESIAN_POINT('',(-7.93361383785221,-4.03861383785218,1.03526547115751));
#18863=CARTESIAN_POINT('',(-7.17,-4.175,1.32774653974523));
#18864=CARTESIAN_POINT('',(-7.30638616214783,-4.03861383785219,1.03526547115752));
#18865=CARTESIAN_POINT('',(-7.17,-3.275,1.32774653974523));
#18866=CARTESIAN_POINT('',(-7.17,-3.275,1.32774653974523));
#18867=CARTESIAN_POINT('',(-7.17,-3.275,1.32774653974523));
#18868=CARTESIAN_POINT('',(-15.67,0.,-0.800000000000001));
#18869=CARTESIAN_POINT('',(15.57,0.,-0.800000000000001));
#18870=CARTESIAN_POINT('',(-1.27,0.,0.));
#18871=CARTESIAN_POINT('',(10.9199989891966,0.350000000000001,-0.5));
#18872=CARTESIAN_POINT('',(10.9199989891966,0.350000000000001,-0.5));
#18873=CARTESIAN_POINT('',(10.9199989891966,0.450000000000002,-0.5));
#18874=CARTESIAN_POINT('',(11.0199989891966,0.350000000000001,-0.5));
#18875=CARTESIAN_POINT('',(10.9199989891966,0.450000000000002,-0.5));
#18876=CARTESIAN_POINT('',(10.9199989891966,0.450000000000002,0.));
#18877=CARTESIAN_POINT('',(10.9199989891966,0.350000000000001,0.));
#18878=CARTESIAN_POINT('',(11.0199989891966,0.350000000000001,0.));
#18879=CARTESIAN_POINT('',(11.0199989891966,0.350000000000001,-0.5));
#18880=CARTESIAN_POINT('',(11.0199989891966,0.450000000000002,-0.5));
#18881=CARTESIAN_POINT('',(-0.77000101080335,0.450000000000001,0.));
#18882=CARTESIAN_POINT('',(9.41999898919665,0.450000000000001,0.));
#18883=CARTESIAN_POINT('',(11.0199989891966,0.450000000000002,-0.5));
#18884=CARTESIAN_POINT('',(9.41999898919665,0.450000000000002,-0.5));
#18885=CARTESIAN_POINT('',(9.41999898919665,0.450000000000002,-0.5));
#18886=CARTESIAN_POINT('',(9.41999898919665,0.350000000000001,-0.5));
#18887=CARTESIAN_POINT('',(9.41999898919665,0.350000000000001,-0.5));
#18888=CARTESIAN_POINT('',(9.31999898919665,0.350000000000001,-0.5));
#18889=CARTESIAN_POINT('',(9.31999898919665,0.350000000000001,-0.5));
#18890=CARTESIAN_POINT('',(9.31999898919665,0.350000000000001,0.));
#18891=CARTESIAN_POINT('',(9.41999898919665,0.350000000000001,0.));
#18892=CARTESIAN_POINT('',(10.9199989891966,-0.349999999999998,-0.5));
#18893=CARTESIAN_POINT('',(10.9199989891966,-0.349999999999998,-0.5));
#18894=CARTESIAN_POINT('',(11.0199989891966,-0.349999999999998,-0.5));
#18895=CARTESIAN_POINT('',(10.9199989891966,-0.449999999999998,-0.5));
#18896=CARTESIAN_POINT('',(11.0199989891966,-0.349999999999998,-0.5));
#18897=CARTESIAN_POINT('',(11.0199989891966,-0.349999999999998,0.));
#18898=CARTESIAN_POINT('',(10.9199989891966,-0.349999999999998,0.));
#18899=CARTESIAN_POINT('',(10.9199989891966,-0.449999999999998,0.));
#18900=CARTESIAN_POINT('',(10.9199989891966,-0.449999999999998,-0.5));
#18901=CARTESIAN_POINT('',(11.0199989891966,0.450000000000002,-0.5));
#18902=CARTESIAN_POINT('',(11.0199989891966,0.450000000000002,0.));
#18903=CARTESIAN_POINT('',(11.0199989891966,0.450000000000002,-0.5));
#18904=CARTESIAN_POINT('',(9.31999898919665,0.450000000000002,-0.5));
#18905=CARTESIAN_POINT('',(9.31999898919665,1.73472347597681E-15,0.));
#18906=CARTESIAN_POINT('',(9.31999898919665,-0.349999999999998,0.));
#18907=CARTESIAN_POINT('',(9.31999898919665,0.450000000000002,-0.5));
#18908=CARTESIAN_POINT('',(9.31999898919665,-0.349999999999998,-0.5));
#18909=CARTESIAN_POINT('',(9.31999898919665,-0.349999999999998,-0.5));
#18910=CARTESIAN_POINT('',(11.0199989891966,-0.449999999999998,-0.5));
#18911=CARTESIAN_POINT('',(11.0199989891966,-0.449999999999998,-0.5));
#18912=CARTESIAN_POINT('',(9.41999898919665,-0.449999999999998,-0.5));
#18913=CARTESIAN_POINT('',(-0.77000101080335,-0.449999999999998,0.));
#18914=CARTESIAN_POINT('',(9.41999898919665,-0.449999999999998,0.));
#18915=CARTESIAN_POINT('',(9.41999898919665,-0.449999999999998,-0.5));
#18916=CARTESIAN_POINT('',(1.76999898919665,1.73472347597681E-15,-0.5));
#18917=CARTESIAN_POINT('',(9.41999898919665,-0.349999999999998,-0.5));
#18918=CARTESIAN_POINT('',(9.41999898919665,-0.349999999999998,-0.5));
#18919=CARTESIAN_POINT('',(9.41999898919665,-0.349999999999998,0.));
#18920=CARTESIAN_POINT('',(-0.77000101080335,1.73472347597681E-15,0.));
#18921=CARTESIAN_POINT('',(-4.23000101080335,1.28266486486598E-15,0.));
#18922=CARTESIAN_POINT('',(-4.23000101080335,4.675,0.));
#18923=CARTESIAN_POINT('',(-4.23000101080335,2.775,0.));
#18924=CARTESIAN_POINT('',(1.76999898919664,4.67500000000001,0.));
#18925=CARTESIAN_POINT('',(-5.93000101080335,4.675,0.));
#18926=CARTESIAN_POINT('',(-5.93000101080335,1.28266486486598E-15,0.));
#18927=CARTESIAN_POINT('',(-5.93000101080335,2.775,0.));
#18928=CARTESIAN_POINT('',(1.76999898919665,2.775,0.));
#18929=CARTESIAN_POINT('',(1.76999898919665,-4.675,0.));
#18930=CARTESIAN_POINT('',(-4.23000101080335,-4.675,0.));
#18931=CARTESIAN_POINT('',(-5.93000101080335,-4.675,0.));
#18932=CARTESIAN_POINT('',(-4.23000101080335,1.28266486486598E-15,0.));
#18933=CARTESIAN_POINT('',(-4.23000101080335,-2.775,0.));
#18934=CARTESIAN_POINT('',(1.76999898919665,-2.775,0.));
#18935=CARTESIAN_POINT('',(-5.93000101080335,-2.775,0.));
#18936=CARTESIAN_POINT('',(-5.93000101080335,1.28266486486598E-15,0.));
#18937=CARTESIAN_POINT('',(11.0099989891966,-4.52058611110822E-16,0.));
#18938=CARTESIAN_POINT('',(11.0099989891966,4.675,0.));
#18939=CARTESIAN_POINT('',(11.0099989891966,2.775,0.));
#18940=CARTESIAN_POINT('',(17.0099989891966,4.67500000000001,0.));
#18941=CARTESIAN_POINT('',(9.30999898919665,4.675,0.));
#18942=CARTESIAN_POINT('',(9.30999898919665,-4.52058611110822E-16,0.));
#18943=CARTESIAN_POINT('',(9.30999898919665,2.775,0.));
#18944=CARTESIAN_POINT('',(17.0099989891966,2.775,0.));
#18945=CARTESIAN_POINT('',(17.0099989891966,-4.675,0.));
#18946=CARTESIAN_POINT('',(11.0099989891966,-4.675,0.));
#18947=CARTESIAN_POINT('',(9.30999898919665,-4.675,0.));
#18948=CARTESIAN_POINT('',(11.0099989891966,-4.52058611110822E-16,0.));
#18949=CARTESIAN_POINT('',(11.0099989891966,-2.775,0.));
#18950=CARTESIAN_POINT('',(17.0099989891966,-2.775,0.));
#18951=CARTESIAN_POINT('',(9.30999898919665,-2.775,0.));
#18952=CARTESIAN_POINT('',(9.30999898919665,-4.52058611110822E-16,0.));
#18953=CARTESIAN_POINT('',(8.46999898919665,-4.52058611110823E-16,0.));
#18954=CARTESIAN_POINT('',(8.46999898919665,4.675,0.));
#18955=CARTESIAN_POINT('',(8.46999898919665,2.775,0.));
#18956=CARTESIAN_POINT('',(14.4699989891966,4.67500000000001,0.));
#18957=CARTESIAN_POINT('',(6.76999898919665,4.675,0.));
#18958=CARTESIAN_POINT('',(6.76999898919665,-4.52058611110823E-16,0.));
#18959=CARTESIAN_POINT('',(6.76999898919665,2.775,0.));
#18960=CARTESIAN_POINT('',(14.4699989891967,2.775,0.));
#18961=CARTESIAN_POINT('',(14.4699989891967,-4.675,0.));
#18962=CARTESIAN_POINT('',(8.46999898919665,-4.675,0.));
#18963=CARTESIAN_POINT('',(6.76999898919665,-4.675,0.));
#18964=CARTESIAN_POINT('',(8.46999898919665,-4.52058611110823E-16,0.));
#18965=CARTESIAN_POINT('',(8.46999898919665,-2.775,0.));
#18966=CARTESIAN_POINT('',(14.4699989891967,-2.775,0.));
#18967=CARTESIAN_POINT('',(6.76999898919665,-2.775,0.));
#18968=CARTESIAN_POINT('',(6.76999898919665,-4.52058611110823E-16,0.));
#18969=CARTESIAN_POINT('',(5.92999898919665,4.15303126877581E-16,0.));
#18970=CARTESIAN_POINT('',(5.92999898919665,4.675,0.));
#18971=CARTESIAN_POINT('',(5.92999898919665,2.775,0.));
#18972=CARTESIAN_POINT('',(11.9299989891966,4.67500000000001,0.));
#18973=CARTESIAN_POINT('',(4.22999898919665,4.675,0.));
#18974=CARTESIAN_POINT('',(4.22999898919665,4.15303126877581E-16,0.));
#18975=CARTESIAN_POINT('',(4.22999898919665,2.775,0.));
#18976=CARTESIAN_POINT('',(11.9299989891967,2.775,0.));
#18977=CARTESIAN_POINT('',(11.9299989891967,-4.675,0.));
#18978=CARTESIAN_POINT('',(5.92999898919665,-4.675,0.));
#18979=CARTESIAN_POINT('',(4.22999898919665,-4.675,0.));
#18980=CARTESIAN_POINT('',(5.92999898919665,4.15303126877581E-16,0.));
#18981=CARTESIAN_POINT('',(5.92999898919665,-2.775,0.));
#18982=CARTESIAN_POINT('',(11.9299989891967,-2.775,0.));
#18983=CARTESIAN_POINT('',(4.22999898919665,-2.775,0.));
#18984=CARTESIAN_POINT('',(4.22999898919665,4.15303126877581E-16,0.));
#18985=CARTESIAN_POINT('',(3.38999898919665,4.15303126877581E-16,0.));
#18986=CARTESIAN_POINT('',(3.38999898919665,4.675,0.));
#18987=CARTESIAN_POINT('',(3.38999898919665,2.775,0.));
#18988=CARTESIAN_POINT('',(9.38999898919664,4.67500000000001,0.));
#18989=CARTESIAN_POINT('',(1.68999898919665,4.675,0.));
#18990=CARTESIAN_POINT('',(1.68999898919665,4.15303126877581E-16,0.));
#18991=CARTESIAN_POINT('',(1.68999898919665,2.775,0.));
#18992=CARTESIAN_POINT('',(9.38999898919665,2.775,0.));
#18993=CARTESIAN_POINT('',(9.38999898919665,-4.675,0.));
#18994=CARTESIAN_POINT('',(3.38999898919665,-4.675,0.));
#18995=CARTESIAN_POINT('',(1.68999898919665,-4.675,0.));
#18996=CARTESIAN_POINT('',(3.38999898919665,4.15303126877581E-16,0.));
#18997=CARTESIAN_POINT('',(3.38999898919665,-2.775,0.));
#18998=CARTESIAN_POINT('',(9.38999898919665,-2.775,0.));
#18999=CARTESIAN_POINT('',(1.68999898919665,-2.775,0.));
#19000=CARTESIAN_POINT('',(1.68999898919665,4.15303126877581E-16,0.));
#19001=CARTESIAN_POINT('',(0.84999898919665,4.15303126877581E-16,0.));
#19002=CARTESIAN_POINT('',(0.84999898919665,4.675,0.));
#19003=CARTESIAN_POINT('',(0.84999898919665,2.775,0.));
#19004=CARTESIAN_POINT('',(6.84999898919664,4.67500000000001,0.));
#19005=CARTESIAN_POINT('',(-0.850001010803351,4.675,0.));
#19006=CARTESIAN_POINT('',(-0.850001010803351,4.15303126877581E-16,0.));
#19007=CARTESIAN_POINT('',(-0.850001010803351,2.775,0.));
#19008=CARTESIAN_POINT('',(6.84999898919665,2.775,0.));
#19009=CARTESIAN_POINT('',(6.84999898919665,-4.675,0.));
#19010=CARTESIAN_POINT('',(0.84999898919665,-4.675,0.));
#19011=CARTESIAN_POINT('',(-0.850001010803351,-4.675,0.));
#19012=CARTESIAN_POINT('',(0.84999898919665,4.15303126877581E-16,0.));
#19013=CARTESIAN_POINT('',(0.84999898919665,-2.775,0.));
#19014=CARTESIAN_POINT('',(6.84999898919665,-2.775,0.));
#19015=CARTESIAN_POINT('',(-0.850001010803351,-2.775,0.));
#19016=CARTESIAN_POINT('',(-0.850001010803351,4.15303126877581E-16,0.));
#19017=CARTESIAN_POINT('',(-1.69000101080335,1.28266486486598E-15,0.));
#19018=CARTESIAN_POINT('',(-1.69000101080335,4.675,0.));
#19019=CARTESIAN_POINT('',(-1.69000101080335,2.775,0.));
#19020=CARTESIAN_POINT('',(4.30999898919665,4.67500000000001,0.));
#19021=CARTESIAN_POINT('',(-3.39000101080335,4.675,0.));
#19022=CARTESIAN_POINT('',(-3.39000101080335,1.28266486486598E-15,0.));
#19023=CARTESIAN_POINT('',(-3.39000101080335,2.775,0.));
#19024=CARTESIAN_POINT('',(4.30999898919665,2.775,0.));
#19025=CARTESIAN_POINT('',(4.30999898919665,-4.675,0.));
#19026=CARTESIAN_POINT('',(-1.69000101080335,-4.675,0.));
#19027=CARTESIAN_POINT('',(-3.39000101080335,-4.675,0.));
#19028=CARTESIAN_POINT('',(-1.69000101080335,1.28266486486598E-15,0.));
#19029=CARTESIAN_POINT('',(-1.69000101080335,-2.775,0.));
#19030=CARTESIAN_POINT('',(4.30999898919665,-2.775,0.));
#19031=CARTESIAN_POINT('',(-3.39000101080335,-2.775,0.));
#19032=CARTESIAN_POINT('',(-3.39000101080335,1.28266486486598E-15,0.));
#19033=CARTESIAN_POINT('',(10.2299989891966,-7.45,0.));
#19034=CARTESIAN_POINT('',(12.5699989891966,-7.45,0.));
#19035=CARTESIAN_POINT('',(-11.5700010108034,-7.45,0.));
#19036=CARTESIAN_POINT('',(-11.5700010108034,-7.25,0.));
#19037=CARTESIAN_POINT('',(-11.7700010108033,-7.25,0.));
#19038=CARTESIAN_POINT('',(-11.7700010108033,7.45,0.));
#19039=CARTESIAN_POINT('',(-11.7700010108033,7.25,0.));
#19040=CARTESIAN_POINT('',(-11.5700010108033,7.25,0.));
#19041=CARTESIAN_POINT('',(-11.5700010108034,7.45,0.));
#19042=CARTESIAN_POINT('',(10.2299989891966,7.45,0.));
#19043=CARTESIAN_POINT('',(12.5699989891966,7.45,0.));
#19044=CARTESIAN_POINT('',(12.5699989891966,7.25,0.));
#19045=CARTESIAN_POINT('',(12.7699989891966,7.25,0.));
#19046=CARTESIAN_POINT('',(12.7699989891966,7.45,0.));
#19047=CARTESIAN_POINT('',(12.7699989891966,-7.25,0.));
#19048=CARTESIAN_POINT('',(12.5699989891966,-7.25,0.));
#19049=CARTESIAN_POINT('',(-0.77000101080335,-4.675,0.));
#19050=CARTESIAN_POINT('',(-6.77000101080335,-4.675,0.));
#19051=CARTESIAN_POINT('',(-8.47000101080335,-4.675,0.));
#19052=CARTESIAN_POINT('',(-6.77000101080335,1.73472347597681E-15,0.));
#19053=CARTESIAN_POINT('',(-6.77000101080335,-2.775,0.));
#19054=CARTESIAN_POINT('',(-0.77000101080335,-2.775,0.));
#19055=CARTESIAN_POINT('',(-8.47000101080335,-2.775,0.));
#19056=CARTESIAN_POINT('',(-8.47000101080335,1.73472347597681E-15,0.));
#19057=CARTESIAN_POINT('',(-6.77000101080335,1.73472347597681E-15,0.));
#19058=CARTESIAN_POINT('',(-6.77000101080335,4.675,0.));
#19059=CARTESIAN_POINT('',(-6.77000101080335,2.775,0.));
#19060=CARTESIAN_POINT('',(-0.770001010803355,4.67500000000001,0.));
#19061=CARTESIAN_POINT('',(-8.47000101080335,4.675,0.));
#19062=CARTESIAN_POINT('',(-8.47000101080335,1.73472347597681E-15,0.));
#19063=CARTESIAN_POINT('',(-8.47000101080335,2.775,0.));
#19064=CARTESIAN_POINT('',(-0.77000101080335,2.775,0.));
#19065=CARTESIAN_POINT('',(-7.52000101080335,0.450000000000029,0.));
#19066=CARTESIAN_POINT('',(-7.52000101080335,-0.34999999999997,0.));
#19067=CARTESIAN_POINT('',(-7.52000101080335,0.35000000000003,0.));
#19068=CARTESIAN_POINT('',(-7.62000101080335,0.35000000000003,0.));
#19069=CARTESIAN_POINT('',(-7.62000101080335,0.450000000000029,0.));
#19070=CARTESIAN_POINT('',(-7.52000101080335,0.450000000000029,0.));
#19071=CARTESIAN_POINT('',(-9.12000101080335,0.450000000000029,0.));
#19072=CARTESIAN_POINT('',(-9.12000101080335,0.35000000000003,0.));
#19073=CARTESIAN_POINT('',(-9.22000101080335,0.35000000000003,0.));
#19074=CARTESIAN_POINT('',(-9.22000101080335,0.450000000000029,0.));
#19075=CARTESIAN_POINT('',(-9.22000101080335,-0.34999999999997,0.));
#19076=CARTESIAN_POINT('',(-9.12000101080335,-0.34999999999997,0.));
#19077=CARTESIAN_POINT('',(-9.12000101080335,-0.44999999999997,0.));
#19078=CARTESIAN_POINT('',(-0.77000101080335,-0.44999999999997,0.));
#19079=CARTESIAN_POINT('',(-7.62000101080335,-0.44999999999997,0.));
#19080=CARTESIAN_POINT('',(-7.62000101080335,-0.34999999999997,0.));
#19081=CARTESIAN_POINT('',(-4.23000101080335,-1.225,1.7));
#19082=CARTESIAN_POINT('',(-4.23000101080335,-1.225,1.7));
#19083=CARTESIAN_POINT('',(-4.23000101080335,-1.225,1.7));
#19084=CARTESIAN_POINT('',(-4.23000101080335,-1.225,3.3));
#19085=CARTESIAN_POINT('',(1.76999898919665,-1.225,3.3));
#19086=CARTESIAN_POINT('',(-5.93000101080335,-1.225,3.3));
#19087=CARTESIAN_POINT('',(-5.93000101080335,-1.225,1.7));
#19088=CARTESIAN_POINT('',(-5.93000101080335,-1.225,1.7));
#19089=CARTESIAN_POINT('',(-4.23000101080335,-1.225,1.7));
#19090=CARTESIAN_POINT('',(-5.93000101080335,-1.225,1.7));
#19091=CARTESIAN_POINT('',(-5.93000101080335,-4.675,-0.501));
#19092=CARTESIAN_POINT('',(-5.93000101080335,-4.675,1.7));
#19093=CARTESIAN_POINT('',(-5.93000101080335,-2.775,-0.501));
#19094=CARTESIAN_POINT('',(-5.93000101080335,-2.775,1.7));
#19095=CARTESIAN_POINT('',(-5.93000101080335,-1.225,1.7));
#19096=CARTESIAN_POINT('',(-5.93000101080335,1.28266486486598E-15,3.3));
#19097=CARTESIAN_POINT('',(-5.93000101080335,-6.225,3.3));
#19098=CARTESIAN_POINT('',(-5.93000101080335,-6.225,1.7));
#19099=CARTESIAN_POINT('',(-5.93000101080335,-6.225,1.7));
#19100=CARTESIAN_POINT('',(-5.93000101080335,-1.225,1.7));
#19101=CARTESIAN_POINT('',(-4.23000101080335,-2.775,-0.501));
#19102=CARTESIAN_POINT('',(-4.23000101080335,-2.775,-0.501));
#19103=CARTESIAN_POINT('',(-4.23000101080335,-2.775,1.7));
#19104=CARTESIAN_POINT('',(-4.23000101080335,-2.775,1.7));
#19105=CARTESIAN_POINT('',(-4.23000101080335,-1.225,1.7));
#19106=CARTESIAN_POINT('',(-4.23000101080335,-4.675,-0.501));
#19107=CARTESIAN_POINT('',(-4.23000101080335,-4.675,1.7));
#19108=CARTESIAN_POINT('',(-4.23000101080335,-1.225,1.7));
#19109=CARTESIAN_POINT('',(-4.23000101080335,-6.225,1.7));
#19110=CARTESIAN_POINT('',(-4.23000101080335,-6.225,1.7));
#19111=CARTESIAN_POINT('',(-4.23000101080335,-6.225,3.3));
#19112=CARTESIAN_POINT('',(-4.23000101080335,1.28266486486598E-15,3.3));
#19113=CARTESIAN_POINT('',(-4.23000101080335,-1.225,1.7));
#19114=CARTESIAN_POINT('',(-4.23000101080335,1.225,1.7));
#19115=CARTESIAN_POINT('',(-4.23000101080335,4.675,-0.501));
#19116=CARTESIAN_POINT('',(-4.23000101080335,4.675,1.7));
#19117=CARTESIAN_POINT('',(-4.23000101080335,2.775,-0.501));
#19118=CARTESIAN_POINT('',(-4.23000101080335,2.775,1.7));
#19119=CARTESIAN_POINT('',(-4.23000101080335,1.225,1.7));
#19120=CARTESIAN_POINT('',(-4.23000101080335,1.225,1.7));
#19121=CARTESIAN_POINT('',(-4.23000101080335,1.225,1.7));
#19122=CARTESIAN_POINT('',(-4.23000101080335,1.225,3.3));
#19123=CARTESIAN_POINT('',(-4.23000101080335,1.28266486486598E-15,3.3));
#19124=CARTESIAN_POINT('',(-4.23000101080335,6.225,3.3));
#19125=CARTESIAN_POINT('',(-4.23000101080335,6.225,1.7));
#19126=CARTESIAN_POINT('',(-4.23000101080335,6.225,1.7));
#19127=CARTESIAN_POINT('',(-4.23000101080335,1.225,1.7));
#19128=CARTESIAN_POINT('',(-4.23000101080335,2.775,-0.501));
#19129=CARTESIAN_POINT('',(-5.93000101080335,2.775,-0.501));
#19130=CARTESIAN_POINT('',(-5.93000101080335,2.775,1.7));
#19131=CARTESIAN_POINT('',(-4.23000101080335,2.775,1.7));
#19132=CARTESIAN_POINT('',(-5.93000101080335,1.225,1.7));
#19133=CARTESIAN_POINT('',(-5.93000101080335,4.675,-0.501));
#19134=CARTESIAN_POINT('',(-5.93000101080335,4.675,1.7));
#19135=CARTESIAN_POINT('',(-5.93000101080335,1.225,1.7));
#19136=CARTESIAN_POINT('',(-5.93000101080335,6.225,1.7));
#19137=CARTESIAN_POINT('',(-5.93000101080335,6.225,1.7));
#19138=CARTESIAN_POINT('',(-5.93000101080335,6.225,3.3));
#19139=CARTESIAN_POINT('',(-5.93000101080335,1.28266486486598E-15,3.3));
#19140=CARTESIAN_POINT('',(-5.93000101080335,1.225,3.3));
#19141=CARTESIAN_POINT('',(-5.93000101080335,1.225,1.7));
#19142=CARTESIAN_POINT('',(-5.93000101080335,1.225,1.7));
#19143=CARTESIAN_POINT('',(-5.93000101080335,1.225,1.7));
#19144=CARTESIAN_POINT('',(-4.23000101080335,4.675,-0.501));
#19145=CARTESIAN_POINT('',(-4.23000101080335,4.675,1.7));
#19146=CARTESIAN_POINT('',(-4.23000101080335,-6.225,1.7));
#19147=CARTESIAN_POINT('',(1.76999898919665,-6.225,3.3));
#19148=CARTESIAN_POINT('',(-4.23000101080335,-6.225,1.7));
#19149=CARTESIAN_POINT('',(1.76999898919665,1.28266486486598E-15,1.7));
#19150=CARTESIAN_POINT('',(-4.23000101080335,1.225,1.7));
#19151=CARTESIAN_POINT('',(1.76999898919665,1.28266486486598E-15,1.7));
#19152=CARTESIAN_POINT('',(1.76999898919665,1.28266486486598E-15,1.7));
#19153=CARTESIAN_POINT('',(-4.23000101080335,-4.675,1.7));
#19154=CARTESIAN_POINT('',(-4.23000101080335,-4.675,-0.501));
#19155=CARTESIAN_POINT('',(1.76999898919665,1.28266486486598E-15,1.7));
#19156=CARTESIAN_POINT('',(-4.23000101080335,6.225,1.7));
#19157=CARTESIAN_POINT('',(-4.23000101080335,6.225,1.7));
#19158=CARTESIAN_POINT('',(1.76999898919665,6.225,3.3));
#19159=CARTESIAN_POINT('',(-4.23000101080335,1.225,1.7));
#19160=CARTESIAN_POINT('',(1.76999898919665,1.225,3.3));
#19161=CARTESIAN_POINT('',(11.0099989891966,-1.225,1.7));
#19162=CARTESIAN_POINT('',(11.0099989891966,-1.225,1.7));
#19163=CARTESIAN_POINT('',(11.0099989891966,-1.225,1.7));
#19164=CARTESIAN_POINT('',(11.0099989891966,-1.225,3.3));
#19165=CARTESIAN_POINT('',(17.0099989891966,-1.225,3.3));
#19166=CARTESIAN_POINT('',(9.30999898919665,-1.225,3.3));
#19167=CARTESIAN_POINT('',(9.30999898919665,-1.225,1.7));
#19168=CARTESIAN_POINT('',(9.30999898919665,-1.225,1.7));
#19169=CARTESIAN_POINT('',(11.0099989891966,-1.225,1.7));
#19170=CARTESIAN_POINT('',(9.30999898919665,-1.225,1.7));
#19171=CARTESIAN_POINT('',(9.30999898919665,-4.675,-0.501));
#19172=CARTESIAN_POINT('',(9.30999898919665,-4.675,1.7));
#19173=CARTESIAN_POINT('',(9.30999898919665,-2.775,-0.501));
#19174=CARTESIAN_POINT('',(9.30999898919665,-2.775,1.7));
#19175=CARTESIAN_POINT('',(9.30999898919665,-1.225,1.7));
#19176=CARTESIAN_POINT('',(9.30999898919665,-4.52058611110822E-16,3.3));
#19177=CARTESIAN_POINT('',(9.30999898919665,-6.225,3.3));
#19178=CARTESIAN_POINT('',(9.30999898919665,-6.225,1.7));
#19179=CARTESIAN_POINT('',(9.30999898919665,-6.225,1.7));
#19180=CARTESIAN_POINT('',(9.30999898919665,-1.225,1.7));
#19181=CARTESIAN_POINT('',(11.0099989891966,-2.775,-0.501));
#19182=CARTESIAN_POINT('',(11.0099989891966,-2.775,-0.501));
#19183=CARTESIAN_POINT('',(11.0099989891966,-2.775,1.7));
#19184=CARTESIAN_POINT('',(11.0099989891966,-2.775,1.7));
#19185=CARTESIAN_POINT('',(11.0099989891966,-1.225,1.7));
#19186=CARTESIAN_POINT('',(11.0099989891966,-4.675,-0.501));
#19187=CARTESIAN_POINT('',(11.0099989891966,-4.675,1.7));
#19188=CARTESIAN_POINT('',(11.0099989891966,-1.225,1.7));
#19189=CARTESIAN_POINT('',(11.0099989891966,-6.225,1.7));
#19190=CARTESIAN_POINT('',(11.0099989891966,-6.225,1.7));
#19191=CARTESIAN_POINT('',(11.0099989891966,-6.225,3.3));
#19192=CARTESIAN_POINT('',(11.0099989891966,-4.52058611110822E-16,3.3));
#19193=CARTESIAN_POINT('',(11.0099989891966,-1.225,1.7));
#19194=CARTESIAN_POINT('',(11.0099989891966,1.225,1.7));
#19195=CARTESIAN_POINT('',(11.0099989891966,4.675,-0.501));
#19196=CARTESIAN_POINT('',(11.0099989891966,4.675,1.7));
#19197=CARTESIAN_POINT('',(11.0099989891966,2.775,-0.501));
#19198=CARTESIAN_POINT('',(11.0099989891966,2.775,1.7));
#19199=CARTESIAN_POINT('',(11.0099989891966,1.225,1.7));
#19200=CARTESIAN_POINT('',(11.0099989891966,1.225,1.7));
#19201=CARTESIAN_POINT('',(11.0099989891966,1.225,1.7));
#19202=CARTESIAN_POINT('',(11.0099989891966,1.225,3.3));
#19203=CARTESIAN_POINT('',(11.0099989891966,-4.52058611110822E-16,3.3));
#19204=CARTESIAN_POINT('',(11.0099989891966,6.225,3.3));
#19205=CARTESIAN_POINT('',(11.0099989891966,6.225,1.7));
#19206=CARTESIAN_POINT('',(11.0099989891966,6.225,1.7));
#19207=CARTESIAN_POINT('',(11.0099989891966,1.225,1.7));
#19208=CARTESIAN_POINT('',(11.0099989891966,2.775,-0.501));
#19209=CARTESIAN_POINT('',(9.30999898919665,2.775,-0.501));
#19210=CARTESIAN_POINT('',(9.30999898919665,2.775,1.7));
#19211=CARTESIAN_POINT('',(11.0099989891966,2.775,1.7));
#19212=CARTESIAN_POINT('',(9.30999898919665,1.225,1.7));
#19213=CARTESIAN_POINT('',(9.30999898919665,4.675,-0.501));
#19214=CARTESIAN_POINT('',(9.30999898919665,4.675,1.7));
#19215=CARTESIAN_POINT('',(9.30999898919665,1.225,1.7));
#19216=CARTESIAN_POINT('',(9.30999898919665,6.225,1.7));
#19217=CARTESIAN_POINT('',(9.30999898919665,6.225,1.7));
#19218=CARTESIAN_POINT('',(9.30999898919665,6.225,3.3));
#19219=CARTESIAN_POINT('',(9.30999898919665,-4.52058611110822E-16,3.3));
#19220=CARTESIAN_POINT('',(9.30999898919665,1.225,3.3));
#19221=CARTESIAN_POINT('',(9.30999898919665,1.225,1.7));
#19222=CARTESIAN_POINT('',(9.30999898919665,1.225,1.7));
#19223=CARTESIAN_POINT('',(9.30999898919665,1.225,1.7));
#19224=CARTESIAN_POINT('',(11.0099989891966,4.675,-0.501));
#19225=CARTESIAN_POINT('',(11.0099989891966,4.675,1.7));
#19226=CARTESIAN_POINT('',(11.0099989891966,-6.225,1.7));
#19227=CARTESIAN_POINT('',(17.0099989891966,-6.225,3.3));
#19228=CARTESIAN_POINT('',(11.0099989891966,-6.225,1.7));
#19229=CARTESIAN_POINT('',(17.0099989891966,-4.52058611110822E-16,1.7));
#19230=CARTESIAN_POINT('',(11.0099989891966,1.225,1.7));
#19231=CARTESIAN_POINT('',(17.0099989891966,-4.52058611110822E-16,1.7));
#19232=CARTESIAN_POINT('',(17.0099989891966,-4.52058611110822E-16,1.7));
#19233=CARTESIAN_POINT('',(11.0099989891966,-4.675,1.7));
#19234=CARTESIAN_POINT('',(11.0099989891966,-4.675,-0.501));
#19235=CARTESIAN_POINT('',(17.0099989891966,-4.52058611110822E-16,1.7));
#19236=CARTESIAN_POINT('',(11.0099989891966,6.225,1.7));
#19237=CARTESIAN_POINT('',(11.0099989891966,6.225,1.7));
#19238=CARTESIAN_POINT('',(17.0099989891966,6.225,3.3));
#19239=CARTESIAN_POINT('',(11.0099989891966,1.225,1.7));
#19240=CARTESIAN_POINT('',(17.0099989891966,1.225,3.3));
#19241=CARTESIAN_POINT('',(8.46999898919665,-1.225,1.7));
#19242=CARTESIAN_POINT('',(8.46999898919665,-1.225,1.7));
#19243=CARTESIAN_POINT('',(8.46999898919665,-1.225,1.7));
#19244=CARTESIAN_POINT('',(8.46999898919665,-1.225,3.3));
#19245=CARTESIAN_POINT('',(14.4699989891967,-1.225,3.3));
#19246=CARTESIAN_POINT('',(6.76999898919665,-1.225,3.3));
#19247=CARTESIAN_POINT('',(6.76999898919665,-1.225,1.7));
#19248=CARTESIAN_POINT('',(6.76999898919665,-1.225,1.7));
#19249=CARTESIAN_POINT('',(8.46999898919665,-1.225,1.7));
#19250=CARTESIAN_POINT('',(6.76999898919665,-1.225,1.7));
#19251=CARTESIAN_POINT('',(6.76999898919665,-4.675,-0.501));
#19252=CARTESIAN_POINT('',(6.76999898919665,-4.675,1.7));
#19253=CARTESIAN_POINT('',(6.76999898919665,-2.775,-0.501));
#19254=CARTESIAN_POINT('',(6.76999898919665,-2.775,1.7));
#19255=CARTESIAN_POINT('',(6.76999898919665,-1.225,1.7));
#19256=CARTESIAN_POINT('',(6.76999898919665,-4.52058611110823E-16,3.3));
#19257=CARTESIAN_POINT('',(6.76999898919665,-6.225,3.3));
#19258=CARTESIAN_POINT('',(6.76999898919665,-6.225,1.7));
#19259=CARTESIAN_POINT('',(6.76999898919665,-6.225,1.7));
#19260=CARTESIAN_POINT('',(6.76999898919665,-1.225,1.7));
#19261=CARTESIAN_POINT('',(8.46999898919665,-2.775,-0.501));
#19262=CARTESIAN_POINT('',(8.46999898919665,-2.775,-0.501));
#19263=CARTESIAN_POINT('',(8.46999898919665,-2.775,1.7));
#19264=CARTESIAN_POINT('',(8.46999898919665,-2.775,1.7));
#19265=CARTESIAN_POINT('',(8.46999898919665,-1.225,1.7));
#19266=CARTESIAN_POINT('',(8.46999898919665,-4.675,-0.501));
#19267=CARTESIAN_POINT('',(8.46999898919665,-4.675,1.7));
#19268=CARTESIAN_POINT('',(8.46999898919665,-1.225,1.7));
#19269=CARTESIAN_POINT('',(8.46999898919665,-6.225,1.7));
#19270=CARTESIAN_POINT('',(8.46999898919665,-6.225,1.7));
#19271=CARTESIAN_POINT('',(8.46999898919665,-6.225,3.3));
#19272=CARTESIAN_POINT('',(8.46999898919665,-4.52058611110823E-16,3.3));
#19273=CARTESIAN_POINT('',(8.46999898919665,-1.225,1.7));
#19274=CARTESIAN_POINT('',(8.46999898919665,1.225,1.7));
#19275=CARTESIAN_POINT('',(8.46999898919665,4.675,-0.501));
#19276=CARTESIAN_POINT('',(8.46999898919665,4.675,1.7));
#19277=CARTESIAN_POINT('',(8.46999898919665,2.775,-0.501));
#19278=CARTESIAN_POINT('',(8.46999898919665,2.775,1.7));
#19279=CARTESIAN_POINT('',(8.46999898919665,1.225,1.7));
#19280=CARTESIAN_POINT('',(8.46999898919665,1.225,1.7));
#19281=CARTESIAN_POINT('',(8.46999898919665,1.225,1.7));
#19282=CARTESIAN_POINT('',(8.46999898919665,1.225,3.3));
#19283=CARTESIAN_POINT('',(8.46999898919665,-4.52058611110823E-16,3.3));
#19284=CARTESIAN_POINT('',(8.46999898919665,6.225,3.3));
#19285=CARTESIAN_POINT('',(8.46999898919665,6.225,1.7));
#19286=CARTESIAN_POINT('',(8.46999898919665,6.225,1.7));
#19287=CARTESIAN_POINT('',(8.46999898919665,1.225,1.7));
#19288=CARTESIAN_POINT('',(8.46999898919665,2.775,-0.501));
#19289=CARTESIAN_POINT('',(6.76999898919665,2.775,-0.501));
#19290=CARTESIAN_POINT('',(6.76999898919665,2.775,1.7));
#19291=CARTESIAN_POINT('',(8.46999898919665,2.775,1.7));
#19292=CARTESIAN_POINT('',(6.76999898919665,1.225,1.7));
#19293=CARTESIAN_POINT('',(6.76999898919665,4.675,-0.501));
#19294=CARTESIAN_POINT('',(6.76999898919665,4.675,1.7));
#19295=CARTESIAN_POINT('',(6.76999898919665,1.225,1.7));
#19296=CARTESIAN_POINT('',(6.76999898919665,6.225,1.7));
#19297=CARTESIAN_POINT('',(6.76999898919665,6.225,1.7));
#19298=CARTESIAN_POINT('',(6.76999898919665,6.225,3.3));
#19299=CARTESIAN_POINT('',(6.76999898919665,-4.52058611110823E-16,3.3));
#19300=CARTESIAN_POINT('',(6.76999898919665,1.225,3.3));
#19301=CARTESIAN_POINT('',(6.76999898919665,1.225,1.7));
#19302=CARTESIAN_POINT('',(6.76999898919665,1.225,1.7));
#19303=CARTESIAN_POINT('',(6.76999898919665,1.225,1.7));
#19304=CARTESIAN_POINT('',(8.46999898919665,4.675,-0.501));
#19305=CARTESIAN_POINT('',(8.46999898919665,4.675,1.7));
#19306=CARTESIAN_POINT('',(8.46999898919665,-6.225,1.7));
#19307=CARTESIAN_POINT('',(14.4699989891967,-6.225,3.3));
#19308=CARTESIAN_POINT('',(8.46999898919665,-6.225,1.7));
#19309=CARTESIAN_POINT('',(14.4699989891967,-4.52058611110823E-16,1.7));
#19310=CARTESIAN_POINT('',(8.46999898919665,1.225,1.7));
#19311=CARTESIAN_POINT('',(14.4699989891967,-4.52058611110823E-16,1.7));
#19312=CARTESIAN_POINT('',(14.4699989891967,-4.52058611110823E-16,1.7));
#19313=CARTESIAN_POINT('',(8.46999898919665,-4.675,1.7));
#19314=CARTESIAN_POINT('',(8.46999898919665,-4.675,-0.501));
#19315=CARTESIAN_POINT('',(14.4699989891967,-4.52058611110823E-16,1.7));
#19316=CARTESIAN_POINT('',(8.46999898919665,6.225,1.7));
#19317=CARTESIAN_POINT('',(8.46999898919665,6.225,1.7));
#19318=CARTESIAN_POINT('',(14.4699989891967,6.225,3.3));
#19319=CARTESIAN_POINT('',(8.46999898919665,1.225,1.7));
#19320=CARTESIAN_POINT('',(14.4699989891967,1.225,3.3));
#19321=CARTESIAN_POINT('',(5.92999898919665,-1.225,1.7));
#19322=CARTESIAN_POINT('',(5.92999898919665,-1.225,1.7));
#19323=CARTESIAN_POINT('',(5.92999898919665,-1.225,1.7));
#19324=CARTESIAN_POINT('',(5.92999898919665,-1.225,3.3));
#19325=CARTESIAN_POINT('',(11.9299989891967,-1.225,3.3));
#19326=CARTESIAN_POINT('',(4.22999898919665,-1.225,3.3));
#19327=CARTESIAN_POINT('',(4.22999898919665,-1.225,1.7));
#19328=CARTESIAN_POINT('',(4.22999898919665,-1.225,1.7));
#19329=CARTESIAN_POINT('',(5.92999898919665,-1.225,1.7));
#19330=CARTESIAN_POINT('',(4.22999898919665,-1.225,1.7));
#19331=CARTESIAN_POINT('',(4.22999898919665,-4.675,-0.501));
#19332=CARTESIAN_POINT('',(4.22999898919665,-4.675,1.7));
#19333=CARTESIAN_POINT('',(4.22999898919665,-2.775,-0.501));
#19334=CARTESIAN_POINT('',(4.22999898919665,-2.775,1.7));
#19335=CARTESIAN_POINT('',(4.22999898919665,-1.225,1.7));
#19336=CARTESIAN_POINT('',(4.22999898919665,4.15303126877581E-16,3.3));
#19337=CARTESIAN_POINT('',(4.22999898919665,-6.225,3.3));
#19338=CARTESIAN_POINT('',(4.22999898919665,-6.225,1.7));
#19339=CARTESIAN_POINT('',(4.22999898919665,-6.225,1.7));
#19340=CARTESIAN_POINT('',(4.22999898919665,-1.225,1.7));
#19341=CARTESIAN_POINT('',(5.92999898919665,-2.775,-0.501));
#19342=CARTESIAN_POINT('',(5.92999898919665,-2.775,-0.501));
#19343=CARTESIAN_POINT('',(5.92999898919665,-2.775,1.7));
#19344=CARTESIAN_POINT('',(5.92999898919665,-2.775,1.7));
#19345=CARTESIAN_POINT('',(5.92999898919665,-1.225,1.7));
#19346=CARTESIAN_POINT('',(5.92999898919665,-4.675,-0.501));
#19347=CARTESIAN_POINT('',(5.92999898919665,-4.675,1.7));
#19348=CARTESIAN_POINT('',(5.92999898919665,-1.225,1.7));
#19349=CARTESIAN_POINT('',(5.92999898919665,-6.225,1.7));
#19350=CARTESIAN_POINT('',(5.92999898919665,-6.225,1.7));
#19351=CARTESIAN_POINT('',(5.92999898919665,-6.225,3.3));
#19352=CARTESIAN_POINT('',(5.92999898919665,4.15303126877581E-16,3.3));
#19353=CARTESIAN_POINT('',(5.92999898919665,-1.225,1.7));
#19354=CARTESIAN_POINT('',(5.92999898919665,1.225,1.7));
#19355=CARTESIAN_POINT('',(5.92999898919665,4.675,-0.501));
#19356=CARTESIAN_POINT('',(5.92999898919665,4.675,1.7));
#19357=CARTESIAN_POINT('',(5.92999898919665,2.775,-0.501));
#19358=CARTESIAN_POINT('',(5.92999898919665,2.775,1.7));
#19359=CARTESIAN_POINT('',(5.92999898919665,1.225,1.7));
#19360=CARTESIAN_POINT('',(5.92999898919665,1.225,1.7));
#19361=CARTESIAN_POINT('',(5.92999898919665,1.225,1.7));
#19362=CARTESIAN_POINT('',(5.92999898919665,1.225,3.3));
#19363=CARTESIAN_POINT('',(5.92999898919665,4.15303126877581E-16,3.3));
#19364=CARTESIAN_POINT('',(5.92999898919665,6.225,3.3));
#19365=CARTESIAN_POINT('',(5.92999898919665,6.225,1.7));
#19366=CARTESIAN_POINT('',(5.92999898919665,6.225,1.7));
#19367=CARTESIAN_POINT('',(5.92999898919665,1.225,1.7));
#19368=CARTESIAN_POINT('',(5.92999898919665,2.775,-0.501));
#19369=CARTESIAN_POINT('',(4.22999898919665,2.775,-0.501));
#19370=CARTESIAN_POINT('',(4.22999898919665,2.775,1.7));
#19371=CARTESIAN_POINT('',(5.92999898919665,2.775,1.7));
#19372=CARTESIAN_POINT('',(4.22999898919665,1.225,1.7));
#19373=CARTESIAN_POINT('',(4.22999898919665,4.675,-0.501));
#19374=CARTESIAN_POINT('',(4.22999898919665,4.675,1.7));
#19375=CARTESIAN_POINT('',(4.22999898919665,1.225,1.7));
#19376=CARTESIAN_POINT('',(4.22999898919665,6.225,1.7));
#19377=CARTESIAN_POINT('',(4.22999898919665,6.225,1.7));
#19378=CARTESIAN_POINT('',(4.22999898919665,6.225,3.3));
#19379=CARTESIAN_POINT('',(4.22999898919665,4.15303126877581E-16,3.3));
#19380=CARTESIAN_POINT('',(4.22999898919665,1.225,3.3));
#19381=CARTESIAN_POINT('',(4.22999898919665,1.225,1.7));
#19382=CARTESIAN_POINT('',(4.22999898919665,1.225,1.7));
#19383=CARTESIAN_POINT('',(4.22999898919665,1.225,1.7));
#19384=CARTESIAN_POINT('',(5.92999898919665,4.675,-0.501));
#19385=CARTESIAN_POINT('',(5.92999898919665,4.675,1.7));
#19386=CARTESIAN_POINT('',(5.92999898919665,-6.225,1.7));
#19387=CARTESIAN_POINT('',(11.9299989891967,-6.225,3.3));
#19388=CARTESIAN_POINT('',(5.92999898919665,-6.225,1.7));
#19389=CARTESIAN_POINT('',(11.9299989891967,4.15303126877581E-16,1.7));
#19390=CARTESIAN_POINT('',(5.92999898919665,1.225,1.7));
#19391=CARTESIAN_POINT('',(11.9299989891967,4.15303126877581E-16,1.7));
#19392=CARTESIAN_POINT('',(11.9299989891967,4.15303126877581E-16,1.7));
#19393=CARTESIAN_POINT('',(5.92999898919665,-4.675,1.7));
#19394=CARTESIAN_POINT('',(5.92999898919665,-4.675,-0.501));
#19395=CARTESIAN_POINT('',(11.9299989891967,4.15303126877581E-16,1.7));
#19396=CARTESIAN_POINT('',(5.92999898919665,6.225,1.7));
#19397=CARTESIAN_POINT('',(5.92999898919665,6.225,1.7));
#19398=CARTESIAN_POINT('',(11.9299989891967,6.225,3.3));
#19399=CARTESIAN_POINT('',(5.92999898919665,1.225,1.7));
#19400=CARTESIAN_POINT('',(11.9299989891967,1.225,3.3));
#19401=CARTESIAN_POINT('',(3.38999898919665,-1.225,1.7));
#19402=CARTESIAN_POINT('',(3.38999898919665,-1.225,1.7));
#19403=CARTESIAN_POINT('',(3.38999898919665,-1.225,1.7));
#19404=CARTESIAN_POINT('',(3.38999898919665,-1.225,3.3));
#19405=CARTESIAN_POINT('',(9.38999898919665,-1.225,3.3));
#19406=CARTESIAN_POINT('',(1.68999898919665,-1.225,3.3));
#19407=CARTESIAN_POINT('',(1.68999898919665,-1.225,1.7));
#19408=CARTESIAN_POINT('',(1.68999898919665,-1.225,1.7));
#19409=CARTESIAN_POINT('',(3.38999898919665,-1.225,1.7));
#19410=CARTESIAN_POINT('',(1.68999898919665,-1.225,1.7));
#19411=CARTESIAN_POINT('',(1.68999898919665,-4.675,-0.501));
#19412=CARTESIAN_POINT('',(1.68999898919665,-4.675,1.7));
#19413=CARTESIAN_POINT('',(1.68999898919665,-2.775,-0.501));
#19414=CARTESIAN_POINT('',(1.68999898919665,-2.775,1.7));
#19415=CARTESIAN_POINT('',(1.68999898919665,-1.225,1.7));
#19416=CARTESIAN_POINT('',(1.68999898919665,4.15303126877581E-16,3.3));
#19417=CARTESIAN_POINT('',(1.68999898919665,-6.225,3.3));
#19418=CARTESIAN_POINT('',(1.68999898919665,-6.225,1.7));
#19419=CARTESIAN_POINT('',(1.68999898919665,-6.225,1.7));
#19420=CARTESIAN_POINT('',(1.68999898919665,-1.225,1.7));
#19421=CARTESIAN_POINT('',(3.38999898919665,-2.775,-0.501));
#19422=CARTESIAN_POINT('',(3.38999898919665,-2.775,-0.501));
#19423=CARTESIAN_POINT('',(3.38999898919665,-2.775,1.7));
#19424=CARTESIAN_POINT('',(3.38999898919665,-2.775,1.7));
#19425=CARTESIAN_POINT('',(3.38999898919665,-1.225,1.7));
#19426=CARTESIAN_POINT('',(3.38999898919665,-4.675,-0.501));
#19427=CARTESIAN_POINT('',(3.38999898919665,-4.675,1.7));
#19428=CARTESIAN_POINT('',(3.38999898919665,-1.225,1.7));
#19429=CARTESIAN_POINT('',(3.38999898919665,-6.225,1.7));
#19430=CARTESIAN_POINT('',(3.38999898919665,-6.225,1.7));
#19431=CARTESIAN_POINT('',(3.38999898919665,-6.225,3.3));
#19432=CARTESIAN_POINT('',(3.38999898919665,4.15303126877581E-16,3.3));
#19433=CARTESIAN_POINT('',(3.38999898919665,-1.225,1.7));
#19434=CARTESIAN_POINT('',(3.38999898919665,1.225,1.7));
#19435=CARTESIAN_POINT('',(3.38999898919665,4.675,-0.501));
#19436=CARTESIAN_POINT('',(3.38999898919665,4.675,1.7));
#19437=CARTESIAN_POINT('',(3.38999898919665,2.775,-0.501));
#19438=CARTESIAN_POINT('',(3.38999898919665,2.775,1.7));
#19439=CARTESIAN_POINT('',(3.38999898919665,1.225,1.7));
#19440=CARTESIAN_POINT('',(3.38999898919665,1.225,1.7));
#19441=CARTESIAN_POINT('',(3.38999898919665,1.225,1.7));
#19442=CARTESIAN_POINT('',(3.38999898919665,1.225,3.3));
#19443=CARTESIAN_POINT('',(3.38999898919665,4.15303126877581E-16,3.3));
#19444=CARTESIAN_POINT('',(3.38999898919665,6.225,3.3));
#19445=CARTESIAN_POINT('',(3.38999898919665,6.225,1.7));
#19446=CARTESIAN_POINT('',(3.38999898919665,6.225,1.7));
#19447=CARTESIAN_POINT('',(3.38999898919665,1.225,1.7));
#19448=CARTESIAN_POINT('',(3.38999898919665,2.775,-0.501));
#19449=CARTESIAN_POINT('',(1.68999898919665,2.775,-0.501));
#19450=CARTESIAN_POINT('',(1.68999898919665,2.775,1.7));
#19451=CARTESIAN_POINT('',(3.38999898919665,2.775,1.7));
#19452=CARTESIAN_POINT('',(1.68999898919665,1.225,1.7));
#19453=CARTESIAN_POINT('',(1.68999898919665,4.675,-0.501));
#19454=CARTESIAN_POINT('',(1.68999898919665,4.675,1.7));
#19455=CARTESIAN_POINT('',(1.68999898919665,1.225,1.7));
#19456=CARTESIAN_POINT('',(1.68999898919665,6.225,1.7));
#19457=CARTESIAN_POINT('',(1.68999898919665,6.225,1.7));
#19458=CARTESIAN_POINT('',(1.68999898919665,6.225,3.3));
#19459=CARTESIAN_POINT('',(1.68999898919665,4.15303126877581E-16,3.3));
#19460=CARTESIAN_POINT('',(1.68999898919665,1.225,3.3));
#19461=CARTESIAN_POINT('',(1.68999898919665,1.225,1.7));
#19462=CARTESIAN_POINT('',(1.68999898919665,1.225,1.7));
#19463=CARTESIAN_POINT('',(1.68999898919665,1.225,1.7));
#19464=CARTESIAN_POINT('',(3.38999898919665,4.675,-0.501));
#19465=CARTESIAN_POINT('',(3.38999898919665,4.675,1.7));
#19466=CARTESIAN_POINT('',(3.38999898919665,-6.225,1.7));
#19467=CARTESIAN_POINT('',(9.38999898919665,-6.225,3.3));
#19468=CARTESIAN_POINT('',(3.38999898919665,-6.225,1.7));
#19469=CARTESIAN_POINT('',(9.38999898919665,4.15303126877581E-16,1.7));
#19470=CARTESIAN_POINT('',(3.38999898919665,1.225,1.7));
#19471=CARTESIAN_POINT('',(9.38999898919665,4.15303126877581E-16,1.7));
#19472=CARTESIAN_POINT('',(9.38999898919665,4.15303126877581E-16,1.7));
#19473=CARTESIAN_POINT('',(3.38999898919665,-4.675,1.7));
#19474=CARTESIAN_POINT('',(3.38999898919665,-4.675,-0.501));
#19475=CARTESIAN_POINT('',(9.38999898919665,4.15303126877581E-16,1.7));
#19476=CARTESIAN_POINT('',(3.38999898919665,6.225,1.7));
#19477=CARTESIAN_POINT('',(3.38999898919665,6.225,1.7));
#19478=CARTESIAN_POINT('',(9.38999898919665,6.225,3.3));
#19479=CARTESIAN_POINT('',(3.38999898919665,1.225,1.7));
#19480=CARTESIAN_POINT('',(9.38999898919665,1.225,3.3));
#19481=CARTESIAN_POINT('',(0.84999898919665,-1.225,1.7));
#19482=CARTESIAN_POINT('',(0.84999898919665,-1.225,1.7));
#19483=CARTESIAN_POINT('',(0.84999898919665,-1.225,1.7));
#19484=CARTESIAN_POINT('',(0.84999898919665,-1.225,3.3));
#19485=CARTESIAN_POINT('',(6.84999898919665,-1.225,3.3));
#19486=CARTESIAN_POINT('',(-0.850001010803351,-1.225,3.3));
#19487=CARTESIAN_POINT('',(-0.850001010803351,-1.225,1.7));
#19488=CARTESIAN_POINT('',(-0.850001010803351,-1.225,1.7));
#19489=CARTESIAN_POINT('',(0.84999898919665,-1.225,1.7));
#19490=CARTESIAN_POINT('',(-0.850001010803351,-1.225,1.7));
#19491=CARTESIAN_POINT('',(-0.850001010803351,-4.675,-0.501));
#19492=CARTESIAN_POINT('',(-0.850001010803351,-4.675,1.7));
#19493=CARTESIAN_POINT('',(-0.850001010803351,-2.775,-0.501));
#19494=CARTESIAN_POINT('',(-0.850001010803351,-2.775,1.7));
#19495=CARTESIAN_POINT('',(-0.850001010803351,-1.225,1.7));
#19496=CARTESIAN_POINT('',(-0.850001010803351,4.15303126877581E-16,3.3));
#19497=CARTESIAN_POINT('',(-0.850001010803351,-6.225,3.3));
#19498=CARTESIAN_POINT('',(-0.850001010803351,-6.225,1.7));
#19499=CARTESIAN_POINT('',(-0.850001010803351,-6.225,1.7));
#19500=CARTESIAN_POINT('',(-0.850001010803351,-1.225,1.7));
#19501=CARTESIAN_POINT('',(0.84999898919665,-2.775,-0.501));
#19502=CARTESIAN_POINT('',(0.84999898919665,-2.775,-0.501));
#19503=CARTESIAN_POINT('',(0.84999898919665,-2.775,1.7));
#19504=CARTESIAN_POINT('',(0.84999898919665,-2.775,1.7));
#19505=CARTESIAN_POINT('',(0.84999898919665,-1.225,1.7));
#19506=CARTESIAN_POINT('',(0.84999898919665,-4.675,-0.501));
#19507=CARTESIAN_POINT('',(0.84999898919665,-4.675,1.7));
#19508=CARTESIAN_POINT('',(0.84999898919665,-1.225,1.7));
#19509=CARTESIAN_POINT('',(0.84999898919665,-6.225,1.7));
#19510=CARTESIAN_POINT('',(0.84999898919665,-6.225,1.7));
#19511=CARTESIAN_POINT('',(0.84999898919665,-6.225,3.3));
#19512=CARTESIAN_POINT('',(0.84999898919665,4.15303126877581E-16,3.3));
#19513=CARTESIAN_POINT('',(0.84999898919665,-1.225,1.7));
#19514=CARTESIAN_POINT('',(0.84999898919665,1.225,1.7));
#19515=CARTESIAN_POINT('',(0.84999898919665,4.675,-0.501));
#19516=CARTESIAN_POINT('',(0.84999898919665,4.675,1.7));
#19517=CARTESIAN_POINT('',(0.84999898919665,2.775,-0.501));
#19518=CARTESIAN_POINT('',(0.84999898919665,2.775,1.7));
#19519=CARTESIAN_POINT('',(0.84999898919665,1.225,1.7));
#19520=CARTESIAN_POINT('',(0.84999898919665,1.225,1.7));
#19521=CARTESIAN_POINT('',(0.84999898919665,1.225,1.7));
#19522=CARTESIAN_POINT('',(0.84999898919665,1.225,3.3));
#19523=CARTESIAN_POINT('',(0.84999898919665,4.15303126877581E-16,3.3));
#19524=CARTESIAN_POINT('',(0.84999898919665,6.225,3.3));
#19525=CARTESIAN_POINT('',(0.84999898919665,6.225,1.7));
#19526=CARTESIAN_POINT('',(0.84999898919665,6.225,1.7));
#19527=CARTESIAN_POINT('',(0.84999898919665,1.225,1.7));
#19528=CARTESIAN_POINT('',(0.84999898919665,2.775,-0.501));
#19529=CARTESIAN_POINT('',(-0.850001010803351,2.775,-0.501));
#19530=CARTESIAN_POINT('',(-0.850001010803351,2.775,1.7));
#19531=CARTESIAN_POINT('',(0.84999898919665,2.775,1.7));
#19532=CARTESIAN_POINT('',(-0.850001010803351,1.225,1.7));
#19533=CARTESIAN_POINT('',(-0.850001010803351,4.675,-0.501));
#19534=CARTESIAN_POINT('',(-0.850001010803351,4.675,1.7));
#19535=CARTESIAN_POINT('',(-0.850001010803351,1.225,1.7));
#19536=CARTESIAN_POINT('',(-0.850001010803351,6.225,1.7));
#19537=CARTESIAN_POINT('',(-0.850001010803351,6.225,1.7));
#19538=CARTESIAN_POINT('',(-0.850001010803351,6.225,3.3));
#19539=CARTESIAN_POINT('',(-0.850001010803351,4.15303126877581E-16,3.3));
#19540=CARTESIAN_POINT('',(-0.850001010803351,1.225,3.3));
#19541=CARTESIAN_POINT('',(-0.850001010803351,1.225,1.7));
#19542=CARTESIAN_POINT('',(-0.850001010803351,1.225,1.7));
#19543=CARTESIAN_POINT('',(-0.850001010803351,1.225,1.7));
#19544=CARTESIAN_POINT('',(0.84999898919665,4.675,-0.501));
#19545=CARTESIAN_POINT('',(0.84999898919665,4.675,1.7));
#19546=CARTESIAN_POINT('',(0.84999898919665,-6.225,1.7));
#19547=CARTESIAN_POINT('',(6.84999898919665,-6.225,3.3));
#19548=CARTESIAN_POINT('',(0.84999898919665,-6.225,1.7));
#19549=CARTESIAN_POINT('',(6.84999898919665,4.15303126877581E-16,1.7));
#19550=CARTESIAN_POINT('',(0.84999898919665,1.225,1.7));
#19551=CARTESIAN_POINT('',(6.84999898919665,4.15303126877581E-16,1.7));
#19552=CARTESIAN_POINT('',(6.84999898919665,4.15303126877581E-16,1.7));
#19553=CARTESIAN_POINT('',(0.84999898919665,-4.675,1.7));
#19554=CARTESIAN_POINT('',(0.84999898919665,-4.675,-0.501));
#19555=CARTESIAN_POINT('',(6.84999898919665,4.15303126877581E-16,1.7));
#19556=CARTESIAN_POINT('',(0.84999898919665,6.225,1.7));
#19557=CARTESIAN_POINT('',(0.84999898919665,6.225,1.7));
#19558=CARTESIAN_POINT('',(6.84999898919665,6.225,3.3));
#19559=CARTESIAN_POINT('',(0.84999898919665,1.225,1.7));
#19560=CARTESIAN_POINT('',(6.84999898919665,1.225,3.3));
#19561=CARTESIAN_POINT('',(-1.69000101080335,-1.225,1.7));
#19562=CARTESIAN_POINT('',(-1.69000101080335,-1.225,1.7));
#19563=CARTESIAN_POINT('',(-1.69000101080335,-1.225,1.7));
#19564=CARTESIAN_POINT('',(-1.69000101080335,-1.225,3.3));
#19565=CARTESIAN_POINT('',(4.30999898919665,-1.225,3.3));
#19566=CARTESIAN_POINT('',(-3.39000101080335,-1.225,3.3));
#19567=CARTESIAN_POINT('',(-3.39000101080335,-1.225,1.7));
#19568=CARTESIAN_POINT('',(-3.39000101080335,-1.225,1.7));
#19569=CARTESIAN_POINT('',(-1.69000101080335,-1.225,1.7));
#19570=CARTESIAN_POINT('',(-3.39000101080335,-1.225,1.7));
#19571=CARTESIAN_POINT('',(-3.39000101080335,-4.675,-0.501));
#19572=CARTESIAN_POINT('',(-3.39000101080335,-4.675,1.7));
#19573=CARTESIAN_POINT('',(-3.39000101080335,-2.775,-0.501));
#19574=CARTESIAN_POINT('',(-3.39000101080335,-2.775,1.7));
#19575=CARTESIAN_POINT('',(-3.39000101080335,-1.225,1.7));
#19576=CARTESIAN_POINT('',(-3.39000101080335,1.28266486486598E-15,3.3));
#19577=CARTESIAN_POINT('',(-3.39000101080335,-6.225,3.3));
#19578=CARTESIAN_POINT('',(-3.39000101080335,-6.225,1.7));
#19579=CARTESIAN_POINT('',(-3.39000101080335,-6.225,1.7));
#19580=CARTESIAN_POINT('',(-3.39000101080335,-1.225,1.7));
#19581=CARTESIAN_POINT('',(-1.69000101080335,-2.775,-0.501));
#19582=CARTESIAN_POINT('',(-1.69000101080335,-2.775,-0.501));
#19583=CARTESIAN_POINT('',(-1.69000101080335,-2.775,1.7));
#19584=CARTESIAN_POINT('',(-1.69000101080335,-2.775,1.7));
#19585=CARTESIAN_POINT('',(-1.69000101080335,-1.225,1.7));
#19586=CARTESIAN_POINT('',(-1.69000101080335,-4.675,-0.501));
#19587=CARTESIAN_POINT('',(-1.69000101080335,-4.675,1.7));
#19588=CARTESIAN_POINT('',(-1.69000101080335,-1.225,1.7));
#19589=CARTESIAN_POINT('',(-1.69000101080335,-6.225,1.7));
#19590=CARTESIAN_POINT('',(-1.69000101080335,-6.225,1.7));
#19591=CARTESIAN_POINT('',(-1.69000101080335,-6.225,3.3));
#19592=CARTESIAN_POINT('',(-1.69000101080335,1.28266486486598E-15,3.3));
#19593=CARTESIAN_POINT('',(-1.69000101080335,-1.225,1.7));
#19594=CARTESIAN_POINT('',(-1.69000101080335,1.225,1.7));
#19595=CARTESIAN_POINT('',(-1.69000101080335,4.675,-0.501));
#19596=CARTESIAN_POINT('',(-1.69000101080335,4.675,1.7));
#19597=CARTESIAN_POINT('',(-1.69000101080335,2.775,-0.501));
#19598=CARTESIAN_POINT('',(-1.69000101080335,2.775,1.7));
#19599=CARTESIAN_POINT('',(-1.69000101080335,1.225,1.7));
#19600=CARTESIAN_POINT('',(-1.69000101080335,1.225,1.7));
#19601=CARTESIAN_POINT('',(-1.69000101080335,1.225,1.7));
#19602=CARTESIAN_POINT('',(-1.69000101080335,1.225,3.3));
#19603=CARTESIAN_POINT('',(-1.69000101080335,1.28266486486598E-15,3.3));
#19604=CARTESIAN_POINT('',(-1.69000101080335,6.225,3.3));
#19605=CARTESIAN_POINT('',(-1.69000101080335,6.225,1.7));
#19606=CARTESIAN_POINT('',(-1.69000101080335,6.225,1.7));
#19607=CARTESIAN_POINT('',(-1.69000101080335,1.225,1.7));
#19608=CARTESIAN_POINT('',(-1.69000101080335,2.775,-0.501));
#19609=CARTESIAN_POINT('',(-3.39000101080335,2.775,-0.501));
#19610=CARTESIAN_POINT('',(-3.39000101080335,2.775,1.7));
#19611=CARTESIAN_POINT('',(-1.69000101080335,2.775,1.7));
#19612=CARTESIAN_POINT('',(-3.39000101080335,1.225,1.7));
#19613=CARTESIAN_POINT('',(-3.39000101080335,4.675,-0.501));
#19614=CARTESIAN_POINT('',(-3.39000101080335,4.675,1.7));
#19615=CARTESIAN_POINT('',(-3.39000101080335,1.225,1.7));
#19616=CARTESIAN_POINT('',(-3.39000101080335,6.225,1.7));
#19617=CARTESIAN_POINT('',(-3.39000101080335,6.225,1.7));
#19618=CARTESIAN_POINT('',(-3.39000101080335,6.225,3.3));
#19619=CARTESIAN_POINT('',(-3.39000101080335,1.28266486486598E-15,3.3));
#19620=CARTESIAN_POINT('',(-3.39000101080335,1.225,3.3));
#19621=CARTESIAN_POINT('',(-3.39000101080335,1.225,1.7));
#19622=CARTESIAN_POINT('',(-3.39000101080335,1.225,1.7));
#19623=CARTESIAN_POINT('',(-3.39000101080335,1.225,1.7));
#19624=CARTESIAN_POINT('',(-1.69000101080335,4.675,-0.501));
#19625=CARTESIAN_POINT('',(-1.69000101080335,4.675,1.7));
#19626=CARTESIAN_POINT('',(-1.69000101080335,-6.225,1.7));
#19627=CARTESIAN_POINT('',(4.30999898919665,-6.225,3.3));
#19628=CARTESIAN_POINT('',(-1.69000101080335,-6.225,1.7));
#19629=CARTESIAN_POINT('',(4.30999898919665,1.28266486486598E-15,1.7));
#19630=CARTESIAN_POINT('',(-1.69000101080335,1.225,1.7));
#19631=CARTESIAN_POINT('',(4.30999898919665,1.28266486486598E-15,1.7));
#19632=CARTESIAN_POINT('',(4.30999898919665,1.28266486486598E-15,1.7));
#19633=CARTESIAN_POINT('',(-1.69000101080335,-4.675,1.7));
#19634=CARTESIAN_POINT('',(-1.69000101080335,-4.675,-0.501));
#19635=CARTESIAN_POINT('',(4.30999898919665,1.28266486486598E-15,1.7));
#19636=CARTESIAN_POINT('',(-1.69000101080335,6.225,1.7));
#19637=CARTESIAN_POINT('',(-1.69000101080335,6.225,1.7));
#19638=CARTESIAN_POINT('',(4.30999898919665,6.225,3.3));
#19639=CARTESIAN_POINT('',(-1.69000101080335,1.225,1.7));
#19640=CARTESIAN_POINT('',(4.30999898919665,1.225,3.3));
#19641=CARTESIAN_POINT('',(10.2299989891966,-7.45,3.3));
#19642=CARTESIAN_POINT('',(-11.4711031572938,-7.45,2.7));
#19643=CARTESIAN_POINT('',(-11.4211031572938,-7.45,2.7));
#19644=CARTESIAN_POINT('',(-11.5700010108034,-7.45,2.7));
#19645=CARTESIAN_POINT('',(-11.5700010108034,-7.45,3.3));
#19646=CARTESIAN_POINT('',(12.5699989891966,-7.45,3.3));
#19647=CARTESIAN_POINT('',(12.5699989891966,-7.45,3.3));
#19648=CARTESIAN_POINT('',(10.2299989891966,-7.45,3.3));
#19649=CARTESIAN_POINT('',(-8.92000101080335,-7.45,3.3));
#19650=CARTESIAN_POINT('',(-8.92000101080335,-7.45,3.3));
#19651=CARTESIAN_POINT('',(-8.92000101080335,-7.45,3.));
#19652=CARTESIAN_POINT('',(-11.4711031572938,-7.45,3.));
#19653=CARTESIAN_POINT('',(-11.4211031572938,-7.45,3.));
#19654=CARTESIAN_POINT('',(-11.4211031572938,-7.45,3.3));
#19655=CARTESIAN_POINT('',(12.7699989891966,7.45,3.3));
#19656=CARTESIAN_POINT('',(12.7699989891966,7.25,3.3));
#19657=CARTESIAN_POINT('',(12.7699989891966,7.25,3.3));
#19658=CARTESIAN_POINT('',(12.7699989891966,7.45,3.3));
#19659=CARTESIAN_POINT('',(12.7699989891966,-7.25,3.3));
#19660=CARTESIAN_POINT('',(12.7699989891966,-7.25,3.3));
#19661=CARTESIAN_POINT('',(10.2299989891966,7.45,3.3));
#19662=CARTESIAN_POINT('',(10.2299989891966,7.45,3.3));
#19663=CARTESIAN_POINT('',(12.5699989891966,7.45,3.3));
#19664=CARTESIAN_POINT('',(-8.92000101080335,7.45,3.3));
#19665=CARTESIAN_POINT('',(12.5699989891966,7.45,3.3));
#19666=CARTESIAN_POINT('',(-11.5700010108034,7.45,3.3));
#19667=CARTESIAN_POINT('',(-11.5700010108033,7.45,2.7));
#19668=CARTESIAN_POINT('',(10.2299989891967,7.45,2.70000000000003));
#19669=CARTESIAN_POINT('',(-11.4211031572938,7.45,2.7));
#19670=CARTESIAN_POINT('',(-11.4211031572938,7.45,3.3));
#19671=CARTESIAN_POINT('',(-11.4211031572938,7.45,3.));
#19672=CARTESIAN_POINT('',(10.2299989891966,7.45,3.));
#19673=CARTESIAN_POINT('',(-8.92000101080335,7.45,3.));
#19674=CARTESIAN_POINT('',(-8.92000101080335,7.45,3.3));
#19675=CARTESIAN_POINT('',(-11.7700010108033,7.45,3.3));
#19676=CARTESIAN_POINT('',(-11.7700010108033,-7.25,3.3));
#19677=CARTESIAN_POINT('',(-11.7700010108033,-7.25,2.7));
#19678=CARTESIAN_POINT('',(-11.7700010108033,-7.5,2.7));
#19679=CARTESIAN_POINT('',(-11.7700010108033,7.25,2.7));
#19680=CARTESIAN_POINT('',(-11.7700010108033,7.25,3.3));
#19681=CARTESIAN_POINT('',(-0.77000101080335,1.73472347597681E-15,3.3));
#19682=CARTESIAN_POINT('',(12.5699989891966,7.25,3.3));
#19683=CARTESIAN_POINT('',(-8.92000101080335,7.4,3.3));
#19684=CARTESIAN_POINT('',(-8.97000101080335,7.4,3.3));
#19685=CARTESIAN_POINT('',(-8.97000101080335,-7.5,3.3));
#19686=CARTESIAN_POINT('',(-8.97000101080335,1.05,3.3));
#19687=CARTESIAN_POINT('',(-8.92000101080335,1.05,3.3));
#19688=CARTESIAN_POINT('',(-8.92000101080335,1.,3.3));
#19689=CARTESIAN_POINT('',(-0.77000101080335,1.,3.3));
#19690=CARTESIAN_POINT('',(-7.97000101080335,1.,3.3));
#19691=CARTESIAN_POINT('',(-7.97000101080335,-0.999999999999998,3.3));
#19692=CARTESIAN_POINT('',(-7.97000101080335,-0.999999999999998,3.3));
#19693=CARTESIAN_POINT('',(-8.97000101080335,-0.999999999999998,3.3));
#19694=CARTESIAN_POINT('',(-8.92000101080335,-0.999999999999998,3.3));
#19695=CARTESIAN_POINT('',(-8.92000101080335,-1.05,3.3));
#19696=CARTESIAN_POINT('',(-8.97000101080335,-1.05,3.3));
#19697=CARTESIAN_POINT('',(-8.97000101080335,1.73472347597681E-15,3.3));
#19698=CARTESIAN_POINT('',(-8.97000101080335,-7.4,3.3));
#19699=CARTESIAN_POINT('',(-8.92000101080335,-7.4,3.3));
#19700=CARTESIAN_POINT('',(12.5699989891966,-7.25,3.3));
#19701=CARTESIAN_POINT('',(-0.77000101080335,6.225,3.3));
#19702=CARTESIAN_POINT('',(-8.47000101080335,6.225,3.3));
#19703=CARTESIAN_POINT('',(-6.77000101080335,6.225,3.3));
#19704=CARTESIAN_POINT('',(-6.77000101080335,1.73472347597681E-15,3.3));
#19705=CARTESIAN_POINT('',(-6.77000101080335,1.225,3.3));
#19706=CARTESIAN_POINT('',(-0.77000101080335,1.225,3.3));
#19707=CARTESIAN_POINT('',(-8.47000101080335,1.225,3.3));
#19708=CARTESIAN_POINT('',(-8.47000101080335,1.73472347597681E-15,3.3));
#19709=CARTESIAN_POINT('',(-0.77000101080335,-6.225,3.3));
#19710=CARTESIAN_POINT('',(-6.77000101080335,-6.225,3.3));
#19711=CARTESIAN_POINT('',(-8.47000101080335,-6.225,3.3));
#19712=CARTESIAN_POINT('',(-8.47000101080335,1.73472347597681E-15,3.3));
#19713=CARTESIAN_POINT('',(-8.47000101080335,-1.225,3.3));
#19714=CARTESIAN_POINT('',(-0.77000101080335,-1.225,3.3));
#19715=CARTESIAN_POINT('',(-6.77000101080335,-1.225,3.3));
#19716=CARTESIAN_POINT('',(-6.77000101080335,1.73472347597681E-15,3.3));
#19717=CARTESIAN_POINT('',(-11.4711031572938,-7.5,3.));
#19718=CARTESIAN_POINT('',(-11.4211031572938,7.4,3.));
#19719=CARTESIAN_POINT('',(-11.4711031572938,7.4,3.));
#19720=CARTESIAN_POINT('',(-11.4711031572938,-7.5,3.));
#19721=CARTESIAN_POINT('',(-11.4711031572938,-7.4,3.));
#19722=CARTESIAN_POINT('',(-11.4211031572938,-7.4,3.));
#19723=CARTESIAN_POINT('',(-8.92000101080335,-7.4,3.));
#19724=CARTESIAN_POINT('',(-8.97000101080335,-7.4,3.));
#19725=CARTESIAN_POINT('',(-8.97000101080335,-7.5,3.));
#19726=CARTESIAN_POINT('',(-8.97000101080335,-1.05,3.));
#19727=CARTESIAN_POINT('',(-8.92000101080335,-1.05,3.));
#19728=CARTESIAN_POINT('',(-8.92000101080335,-0.999999999999998,3.));
#19729=CARTESIAN_POINT('',(-11.4711031572938,-0.999999999999999,3.));
#19730=CARTESIAN_POINT('',(-7.97000101080335,-0.999999999999998,3.));
#19731=CARTESIAN_POINT('',(-7.97000101080335,-0.999999999999998,3.));
#19732=CARTESIAN_POINT('',(-7.97000101080335,1.,3.));
#19733=CARTESIAN_POINT('',(-8.97000101080335,1.,3.));
#19734=CARTESIAN_POINT('',(-8.92000101080335,1.,3.));
#19735=CARTESIAN_POINT('',(-8.92000101080335,1.05,3.));
#19736=CARTESIAN_POINT('',(-8.97000101080335,1.05,3.));
#19737=CARTESIAN_POINT('',(-8.97000101080335,-7.5,3.));
#19738=CARTESIAN_POINT('',(-8.97000101080335,7.4,3.));
#19739=CARTESIAN_POINT('',(-8.92000101080335,7.4,3.));
#19740=CARTESIAN_POINT('',(-0.77000101080335,1.73472347597681E-15,1.7));
#19741=CARTESIAN_POINT('',(-6.77000101080335,-4.675,1.7));
#19742=CARTESIAN_POINT('',(-8.47000101080335,-4.675,1.7));
#19743=CARTESIAN_POINT('',(-6.77000101080335,-4.675,1.7));
#19744=CARTESIAN_POINT('',(-8.47000101080335,-1.225,1.7));
#19745=CARTESIAN_POINT('',(-8.47000101080335,-6.225,1.7));
#19746=CARTESIAN_POINT('',(-6.77000101080335,-6.225,1.7));
#19747=CARTESIAN_POINT('',(-6.77000101080335,-6.225,1.7));
#19748=CARTESIAN_POINT('',(-6.77000101080335,-1.225,1.7));
#19749=CARTESIAN_POINT('',(-0.77000101080335,1.73472347597681E-15,1.7));
#19750=CARTESIAN_POINT('',(-6.77000101080335,-2.775,1.7));
#19751=CARTESIAN_POINT('',(-6.77000101080335,-2.775,1.7));
#19752=CARTESIAN_POINT('',(-8.47000101080335,-2.775,1.7));
#19753=CARTESIAN_POINT('',(-6.77000101080335,-1.225,1.7));
#19754=CARTESIAN_POINT('',(-6.77000101080335,-1.225,1.7));
#19755=CARTESIAN_POINT('',(-6.77000101080335,-1.225,1.7));
#19756=CARTESIAN_POINT('',(-8.47000101080335,-1.225,1.7));
#19757=CARTESIAN_POINT('',(-8.47000101080335,-1.225,1.7));
#19758=CARTESIAN_POINT('',(-0.77000101080335,1.73472347597681E-15,1.7));
#19759=CARTESIAN_POINT('',(-6.77000101080335,2.775,1.7));
#19760=CARTESIAN_POINT('',(-8.47000101080335,2.775,1.7));
#19761=CARTESIAN_POINT('',(-6.77000101080335,2.775,1.7));
#19762=CARTESIAN_POINT('',(-8.47000101080335,1.225,1.7));
#19763=CARTESIAN_POINT('',(-8.47000101080335,1.225,1.7));
#19764=CARTESIAN_POINT('',(-6.77000101080335,1.225,1.7));
#19765=CARTESIAN_POINT('',(-6.77000101080335,1.225,1.7));
#19766=CARTESIAN_POINT('',(-6.77000101080335,1.225,1.7));
#19767=CARTESIAN_POINT('',(-8.97000101080335,-7.5,3.));
#19768=CARTESIAN_POINT('',(-8.97000101080335,-7.4,3.));
#19769=CARTESIAN_POINT('',(-8.97000101080335,-1.05,3.));
#19770=CARTESIAN_POINT('',(-11.4711031572938,-7.5,2.7));
#19771=CARTESIAN_POINT('',(-11.5700010108034,-7.25,2.7));
#19772=CARTESIAN_POINT('',(-11.4211031572938,-7.4,2.7));
#19773=CARTESIAN_POINT('',(-11.4711031572938,-7.4,2.7));
#19774=CARTESIAN_POINT('',(-11.4711031572938,-7.5,2.7));
#19775=CARTESIAN_POINT('',(-11.4711031572938,7.4,2.7));
#19776=CARTESIAN_POINT('',(-11.4211031572938,7.4,2.7));
#19777=CARTESIAN_POINT('',(-11.5700010108033,7.25,2.7));
#19778=CARTESIAN_POINT('',(-11.4711031572938,-7.5,3.));
#19779=CARTESIAN_POINT('',(-11.4711031572938,7.4,3.));
#19780=CARTESIAN_POINT('',(-11.4711031572938,-7.4,3.));
#19781=CARTESIAN_POINT('',(-8.97000101080335,-7.5,3.));
#19782=CARTESIAN_POINT('',(-8.97000101080335,1.05,3.));
#19783=CARTESIAN_POINT('',(-8.97000101080335,7.4,3.));
#19784=CARTESIAN_POINT('',(-8.97000101080335,-0.999999999999998,0.763932022500211));
#19785=CARTESIAN_POINT('',(-8.92000101080335,-0.999999999999998,0.763932022500211));
#19786=CARTESIAN_POINT('',(-7.97000101080335,-0.999999999999998,0.763932022500211));
#19787=CARTESIAN_POINT('',(-7.97000101080335,-0.999999999999998,0.763932022500211));
#19788=CARTESIAN_POINT('',(-7.97000101080335,1.,0.763932022500211));
#19789=CARTESIAN_POINT('',(-8.97000101080335,1.,0.763932022500211));
#19790=CARTESIAN_POINT('',(-8.92000101080335,1.,0.763932022500211));
#19791=CARTESIAN_POINT('',(-9.22000101080335,0.450000000000029,-0.5));
#19792=CARTESIAN_POINT('',(-9.22000101080335,0.35000000000003,-0.5));
#19793=CARTESIAN_POINT('',(-9.22000101080335,0.35000000000003,-0.5));
#19794=CARTESIAN_POINT('',(-9.22000101080335,0.450000000000029,-0.5));
#19795=CARTESIAN_POINT('',(-9.22000101080335,-0.34999999999997,-0.5));
#19796=CARTESIAN_POINT('',(-9.22000101080335,-0.34999999999997,-0.5));
#19797=CARTESIAN_POINT('',(-7.52000101080335,0.450000000000029,-0.5));
#19798=CARTESIAN_POINT('',(-7.52000101080335,0.450000000000029,-0.5));
#19799=CARTESIAN_POINT('',(-9.12000101080335,0.450000000000029,-0.5));
#19800=CARTESIAN_POINT('',(-7.62000101080335,0.450000000000029,-0.5));
#19801=CARTESIAN_POINT('',(-9.12000101080335,0.450000000000029,-0.5));
#19802=CARTESIAN_POINT('',(-7.62000101080335,0.450000000000029,-0.5));
#19803=CARTESIAN_POINT('',(-7.52000101080335,0.450000000000029,-0.5));
#19804=CARTESIAN_POINT('',(-7.52000101080335,0.450000000000029,-0.5));
#19805=CARTESIAN_POINT('',(-7.52000101080335,0.35000000000003,-0.5));
#19806=CARTESIAN_POINT('',(-7.52000101080335,-0.34999999999997,-0.5));
#19807=CARTESIAN_POINT('',(-7.52000101080335,0.35000000000003,-0.5));
#19808=CARTESIAN_POINT('',(-7.52000101080335,-0.34999999999997,-0.5));
#19809=CARTESIAN_POINT('',(-7.52000101080335,-0.44999999999997,-0.5));
#19810=CARTESIAN_POINT('',(-7.52000101080335,-0.44999999999997,-0.5));
#19811=CARTESIAN_POINT('',(-7.62000101080335,-0.44999999999997,-0.5));
#19812=CARTESIAN_POINT('',(-9.12000101080335,-0.44999999999997,-0.5));
#19813=CARTESIAN_POINT('',(-7.62000101080335,-0.44999999999997,-0.5));
#19814=CARTESIAN_POINT('',(-9.12000101080335,-0.44999999999997,-0.5));
#19815=CARTESIAN_POINT('',(-0.77000101080335,1.73472347597681E-15,-0.5));
#19816=CARTESIAN_POINT('',(-9.12000101080335,0.35000000000003,-0.5));
#19817=CARTESIAN_POINT('',(-7.62000101080335,0.35000000000003,-0.5));
#19818=CARTESIAN_POINT('',(-7.62000101080335,-0.34999999999997,-0.5));
#19819=CARTESIAN_POINT('',(-9.12000101080335,-0.34999999999997,-0.5));
#19820=CARTESIAN_POINT('',(-8.47000101080335,-1.225,1.7));
#19821=CARTESIAN_POINT('',(-8.47000101080335,-4.675,-0.501));
#19822=CARTESIAN_POINT('',(-8.47000101080335,-2.775,-0.501));
#19823=CARTESIAN_POINT('',(-8.47000101080335,-1.225,1.7));
#19824=CARTESIAN_POINT('',(-8.47000101080335,-6.225,1.7));
#19825=CARTESIAN_POINT('',(-6.77000101080335,-1.225,1.7));
#19826=CARTESIAN_POINT('',(-6.77000101080335,-1.225,1.7));
#19827=CARTESIAN_POINT('',(-6.77000101080335,-1.225,1.7));
#19828=CARTESIAN_POINT('',(-6.77000101080335,-2.775,-0.501));
#19829=CARTESIAN_POINT('',(-6.77000101080335,-4.675,-0.501));
#19830=CARTESIAN_POINT('',(-6.77000101080335,-6.225,1.7));
#19831=CARTESIAN_POINT('',(-6.77000101080335,-6.225,1.7));
#19832=CARTESIAN_POINT('',(-6.77000101080335,1.225,1.7));
#19833=CARTESIAN_POINT('',(-6.77000101080335,4.675,-0.501));
#19834=CARTESIAN_POINT('',(-6.77000101080335,4.675,1.7));
#19835=CARTESIAN_POINT('',(-6.77000101080335,2.775,-0.501));
#19836=CARTESIAN_POINT('',(-6.77000101080335,1.225,1.7));
#19837=CARTESIAN_POINT('',(-6.77000101080335,6.225,1.7));
#19838=CARTESIAN_POINT('',(-6.77000101080335,6.225,1.7));
#19839=CARTESIAN_POINT('',(-6.77000101080335,1.225,1.7));
#19840=CARTESIAN_POINT('',(-6.77000101080335,1.225,1.7));
#19841=CARTESIAN_POINT('',(-8.47000101080335,1.225,1.7));
#19842=CARTESIAN_POINT('',(-8.47000101080335,1.225,1.7));
#19843=CARTESIAN_POINT('',(-8.47000101080335,2.775,-0.501));
#19844=CARTESIAN_POINT('',(-8.47000101080335,4.675,-0.501));
#19845=CARTESIAN_POINT('',(-8.47000101080335,4.675,1.7));
#19846=CARTESIAN_POINT('',(-8.47000101080335,1.225,1.7));
#19847=CARTESIAN_POINT('',(-8.47000101080335,6.225,1.7));
#19848=CARTESIAN_POINT('',(-8.47000101080335,6.225,1.7));
#19849=CARTESIAN_POINT('',(-6.77000101080335,6.225,1.7));
#19850=CARTESIAN_POINT('',(-6.77000101080335,6.225,1.7));
#19851=CARTESIAN_POINT('',(-0.77000101080335,1.73472347597681E-15,1.7));
#19852=CARTESIAN_POINT('',(-6.77000101080335,4.675,1.7));
#19853=CARTESIAN_POINT('',(-6.77000101080335,-2.775,-0.501));
#19854=CARTESIAN_POINT('',(-6.77000101080335,-4.675,-0.501));
#19855=CARTESIAN_POINT('',(-6.77000101080335,2.775,-0.501));
#19856=CARTESIAN_POINT('',(-6.77000101080335,4.675,-0.501));
#19857=CARTESIAN_POINT('',(-8.92000101080335,7.4,3.3));
#19858=CARTESIAN_POINT('',(-8.92000101080335,1.05,3.));
#19859=CARTESIAN_POINT('',(-8.92000101080335,-1.05,0.763932022500211));
#19860=CARTESIAN_POINT('',(-8.92000101080335,-7.4,3.));
#19861=CARTESIAN_POINT('',(-11.4211031572938,-7.4,3.));
#19862=CARTESIAN_POINT('',(-11.4211031572938,7.4,3.3));
#19863=CARTESIAN_POINT('',(-11.5700010108033,7.25,3.3));
#19864=CARTESIAN_POINT('',(12.5699989891966,-7.25,3.3));
#19865=CARTESIAN_POINT('',(12.5699989891966,7.25,3.3));
#19866=CARTESIAN_POINT('',(-11.5700010108034,-7.25,3.3));
#19867=CARTESIAN_POINT('',(-9.12000101080335,-0.34999999999997,-0.5));
#19868=CARTESIAN_POINT('',(-7.62000101080335,-0.34999999999997,-0.5));
#19869=CARTESIAN_POINT('',(-7.62000101080335,0.35000000000003,-0.5));
#19870=CARTESIAN_POINT('',(-9.12000101080335,0.35000000000003,-0.5));
#19871=CARTESIAN_POINT('',(-1.27,0.,4.4));
#19872=CARTESIAN_POINT('',(2.95,7.45,3.3));
#19873=CARTESIAN_POINT('',(2.95,7.45,3.3));
#19874=CARTESIAN_POINT('',(2.95,-0.98,3.3));
#19875=CARTESIAN_POINT('',(2.95,-7.35,3.3));
#19876=CARTESIAN_POINT('',(2.95,-7.35,3.));
#19877=CARTESIAN_POINT('',(2.95,-7.35,3.));
#19878=CARTESIAN_POINT('',(2.95,7.45,3.));
#19879=CARTESIAN_POINT('',(2.95,-0.98,3.));
#19880=CARTESIAN_POINT('',(2.95,-0.98,5.4769395622785));
#19881=CARTESIAN_POINT('',(0.35,7.45,3.3));
#19882=CARTESIAN_POINT('',(0.35,-7.45,3.3));
#19883=CARTESIAN_POINT('',(0.35,-7.45,3.3));
#19884=CARTESIAN_POINT('',(2.85,-7.45,3.3));
#19885=CARTESIAN_POINT('',(2.95,-7.35,3.3));
#19886=CARTESIAN_POINT('',(3.93,-0.98,3.3));
#19887=CARTESIAN_POINT('',(3.83,-0.98,3.3));
#19888=CARTESIAN_POINT('',(3.93,-0.88,3.3));
#19889=CARTESIAN_POINT('',(3.93,-0.88,3.3));
#19890=CARTESIAN_POINT('',(3.93,-0.98,3.3));
#19891=CARTESIAN_POINT('',(3.93,0.863879074894659,3.3));
#19892=CARTESIAN_POINT('',(3.83,0.963879074894658,3.3));
#19893=CARTESIAN_POINT('',(3.83,0.963879074894658,3.3));
#19894=CARTESIAN_POINT('',(3.93,0.963879074894658,3.3));
#19895=CARTESIAN_POINT('',(2.95,0.963879074894658,3.3));
#19896=CARTESIAN_POINT('',(2.95,7.45,3.3));
#19897=CARTESIAN_POINT('',(2.95,7.35,3.3));
#19898=CARTESIAN_POINT('',(2.85,7.45,3.3));
#19899=CARTESIAN_POINT('',(2.85,7.45,3.3));
#19900=CARTESIAN_POINT('',(0.35,7.45,3.3));
#19901=CARTESIAN_POINT('',(0.35,7.45,3.3));
#19902=CARTESIAN_POINT('',(0.35,7.45,3.3));
#19903=CARTESIAN_POINT('',(2.95,7.45,3.3));
#19904=CARTESIAN_POINT('',(2.95,7.45,3.));
#19905=CARTESIAN_POINT('',(2.95,7.35,3.));
#19906=CARTESIAN_POINT('',(2.95,0.963879074894658,3.));
#19907=CARTESIAN_POINT('',(2.95,7.35,3.3));
#19908=CARTESIAN_POINT('',(2.95,0.963879074894658,5.4769395622785));
#19909=CARTESIAN_POINT('',(2.95,7.45,3.));
#19910=CARTESIAN_POINT('',(2.95,-7.35,3.));
#19911=CARTESIAN_POINT('',(2.85,-7.45,3.));
#19912=CARTESIAN_POINT('',(2.95,-7.45,3.));
#19913=CARTESIAN_POINT('',(0.35,-7.45,3.));
#19914=CARTESIAN_POINT('',(0.35,7.45,3.));
#19915=CARTESIAN_POINT('',(0.35,7.45,3.));
#19916=CARTESIAN_POINT('',(2.95,7.45,3.));
#19917=CARTESIAN_POINT('',(2.85,7.45,3.));
#19918=CARTESIAN_POINT('',(2.85,7.45,3.));
#19919=CARTESIAN_POINT('',(3.93,0.963879074894658,3.));
#19920=CARTESIAN_POINT('',(3.83,0.963879074894658,3.));
#19921=CARTESIAN_POINT('',(3.83,0.963879074894658,3.));
#19922=CARTESIAN_POINT('',(3.93,0.863879074894659,3.));
#19923=CARTESIAN_POINT('',(3.93,-0.98,3.));
#19924=CARTESIAN_POINT('',(3.93,-0.88,3.));
#19925=CARTESIAN_POINT('',(3.93,-0.88,3.));
#19926=CARTESIAN_POINT('',(3.83,-0.98,3.));
#19927=CARTESIAN_POINT('',(3.93,-0.98,3.));
#19928=CARTESIAN_POINT('',(0.35,7.45,2.8));
#19929=CARTESIAN_POINT('',(0.35,-7.45,2.8));
#19930=CARTESIAN_POINT('',(0.150000000000001,-7.45,2.8));
#19931=CARTESIAN_POINT('',(0.150000000000001,7.45,2.8));
#19932=CARTESIAN_POINT('',(0.150000000000001,7.45,2.8));
#19933=CARTESIAN_POINT('',(0.35,7.45,2.8));
#19934=CARTESIAN_POINT('',(0.150000000000001,7.45,2.8));
#19935=CARTESIAN_POINT('',(0.150000000000001,-7.45,2.8));
#19936=CARTESIAN_POINT('',(0.150000000000001,-7.45,0.1));
#19937=CARTESIAN_POINT('',(0.150000000000001,-7.35,0.));
#19938=CARTESIAN_POINT('',(0.150000000000001,-7.35,0.));
#19939=CARTESIAN_POINT('',(0.150000000000001,7.45,0.));
#19940=CARTESIAN_POINT('',(0.150000000000001,7.35,0.));
#19941=CARTESIAN_POINT('',(0.150000000000001,7.45,0.1));
#19942=CARTESIAN_POINT('',(0.150000000000001,7.45,0.1));
#19943=CARTESIAN_POINT('',(0.150000000000001,7.45,2.8));
#19944=CARTESIAN_POINT('',(0.150000000000001,7.45,0.));
#19945=CARTESIAN_POINT('',(-0.149999999999999,-7.35,0.));
#19946=CARTESIAN_POINT('',(-0.149999999999999,-7.35,0.));
#19947=CARTESIAN_POINT('',(-0.149999999999999,7.45,0.));
#19948=CARTESIAN_POINT('',(-0.149999999999999,7.35,0.));
#19949=CARTESIAN_POINT('',(0.150000000000001,7.35,0.));
#19950=CARTESIAN_POINT('',(-0.149999999999999,7.45,0.));
#19951=CARTESIAN_POINT('',(-0.149999999999999,-7.35,9.29316147844702E-17));
#19952=CARTESIAN_POINT('',(-0.149999999999999,-7.45,0.1));
#19953=CARTESIAN_POINT('',(-0.149999999999999,-7.45,0.));
#19954=CARTESIAN_POINT('',(-0.149999999999999,-7.45,2.8));
#19955=CARTESIAN_POINT('',(-0.149999999999999,7.45,2.8));
#19956=CARTESIAN_POINT('',(-0.149999999999999,7.45,2.8));
#19957=CARTESIAN_POINT('',(-0.149999999999999,7.45,0.));
#19958=CARTESIAN_POINT('',(-0.149999999999999,7.45,0.1));
#19959=CARTESIAN_POINT('',(-0.149999999999999,7.45,0.1));
#19960=CARTESIAN_POINT('',(0.35,7.45,2.8));
#19961=CARTESIAN_POINT('',(0.35,-7.45,2.8));
#19962=CARTESIAN_POINT('',(0.35,7.45,2.8));
#19963=CARTESIAN_POINT('',(0.35,7.45,2.8));
#19964=CARTESIAN_POINT('',(0.35,7.45,0.1));
#19965=CARTESIAN_POINT('',(2.85,7.45,2.8));
#19966=CARTESIAN_POINT('',(0.35,-7.45,2.8));
#19967=CARTESIAN_POINT('',(0.150000000000001,-7.45,0.1));
#19968=CARTESIAN_POINT('',(2.85,-7.45,3.3));
#19969=CARTESIAN_POINT('',(3.93,-0.98,5.4769395622785));
#19970=CARTESIAN_POINT('',(3.83,-0.98,5.4769395622785));
#19971=CARTESIAN_POINT('',(3.93,0.963879074894658,5.4769395622785));
#19972=CARTESIAN_POINT('',(3.83,0.963879074894658,5.4769395622785));
#19973=CARTESIAN_POINT('',(3.93,-0.98,5.4769395622785));
#19974=CARTESIAN_POINT('',(3.93,-0.88,5.4769395622785));
#19975=CARTESIAN_POINT('',(3.93,0.863879074894659,5.4769395622785));
#19976=CARTESIAN_POINT('',(0.150000000000001,-7.35,0.));
#19977=CARTESIAN_POINT('',(2.95,-7.35,3.3));
#19978=CARTESIAN_POINT('',(3.93,-0.88,5.4769395622785));
#19979=CARTESIAN_POINT('',(3.83,0.963879074894658,5.4769395622785));
#19980=CARTESIAN_POINT('',(0.35,7.45,0.1));
#19981=CARTESIAN_POINT('',(2.85,7.45,2.8));
#19982=CARTESIAN_POINT('',(-13.19,0.,4.4));
#19983=CARTESIAN_POINT('',(-1.32,0.,1.9));
#19984=CARTESIAN_POINT('',(1.22,5.375,1.9));
#19985=CARTESIAN_POINT('',(1.79,5.375,1.9));
#19986=CARTESIAN_POINT('',(3.29,5.375,1.9));
#19987=CARTESIAN_POINT('',(3.29,3.11060286983428E-16,1.9));
#19988=CARTESIAN_POINT('',(3.29,2.075,1.9));
#19989=CARTESIAN_POINT('',(1.22,2.075,1.9));
#19990=CARTESIAN_POINT('',(1.79,2.075,1.9));
#19991=CARTESIAN_POINT('',(1.79,3.11060286983428E-16,1.9));
#19992=CARTESIAN_POINT('',(1.22,5.375,1.9));
#19993=CARTESIAN_POINT('',(4.33,5.375,1.9));
#19994=CARTESIAN_POINT('',(5.83,5.375,1.9));
#19995=CARTESIAN_POINT('',(5.83,3.11060286983428E-16,1.9));
#19996=CARTESIAN_POINT('',(5.83,2.075,1.9));
#19997=CARTESIAN_POINT('',(1.22,2.075,1.9));
#19998=CARTESIAN_POINT('',(4.33,2.075,1.9));
#19999=CARTESIAN_POINT('',(4.33,3.11060286983428E-16,1.9));
#20000=CARTESIAN_POINT('',(1.22,5.375,1.9));
#20001=CARTESIAN_POINT('',(6.87,5.375,1.9));
#20002=CARTESIAN_POINT('',(8.37,5.375,1.9));
#20003=CARTESIAN_POINT('',(8.37,3.11060286983428E-16,1.9));
#20004=CARTESIAN_POINT('',(8.37,2.075,1.9));
#20005=CARTESIAN_POINT('',(1.22,2.075,1.9));
#20006=CARTESIAN_POINT('',(6.87,2.075,1.9));
#20007=CARTESIAN_POINT('',(6.87,3.11060286983428E-16,1.9));
#20008=CARTESIAN_POINT('',(1.22,5.375,1.9));
#20009=CARTESIAN_POINT('',(9.41,5.375,1.9));
#20010=CARTESIAN_POINT('',(10.91,5.375,1.9));
#20011=CARTESIAN_POINT('',(10.91,3.11060286983428E-16,1.9));
#20012=CARTESIAN_POINT('',(10.91,2.075,1.9));
#20013=CARTESIAN_POINT('',(1.22,2.075,1.9));
#20014=CARTESIAN_POINT('',(9.41,2.075,1.9));
#20015=CARTESIAN_POINT('',(9.41,3.11060286983428E-16,1.9));
#20016=CARTESIAN_POINT('',(9.5,5.3794308781942,1.9));
#20017=CARTESIAN_POINT('',(1.57,5.3794308781942,1.9));
#20018=CARTESIAN_POINT('',(11.7944308781942,5.3794308781942,1.9));
#20019=CARTESIAN_POINT('',(1.57,-1.80077257384087E-16,1.9));
#20020=CARTESIAN_POINT('',(1.57,2.07056912180582,1.9));
#20021=CARTESIAN_POINT('',(9.5,2.07056912180582,1.9));
#20022=CARTESIAN_POINT('',(11.7944308781942,2.07056912180582,1.9));
#20023=CARTESIAN_POINT('',(11.7944308781942,3.72500000000001,1.9));
#20024=CARTESIAN_POINT('',(-1.32,0.,1.9));
#20025=CARTESIAN_POINT('',(1.22,-5.375,1.9));
#20026=CARTESIAN_POINT('',(3.29,-5.375,1.9));
#20027=CARTESIAN_POINT('',(1.79,-5.375,1.9));
#20028=CARTESIAN_POINT('',(1.79,3.11060286983428E-16,1.9));
#20029=CARTESIAN_POINT('',(1.79,-2.075,1.9));
#20030=CARTESIAN_POINT('',(1.22,-2.075,1.9));
#20031=CARTESIAN_POINT('',(3.29,-2.075,1.9));
#20032=CARTESIAN_POINT('',(3.29,3.11060286983428E-16,1.9));
#20033=CARTESIAN_POINT('',(1.22,-5.375,1.9));
#20034=CARTESIAN_POINT('',(5.83,-5.375,1.9));
#20035=CARTESIAN_POINT('',(4.33,-5.375,1.9));
#20036=CARTESIAN_POINT('',(4.33,3.11060286983428E-16,1.9));
#20037=CARTESIAN_POINT('',(4.33,-2.075,1.9));
#20038=CARTESIAN_POINT('',(1.22,-2.075,1.9));
#20039=CARTESIAN_POINT('',(5.83,-2.075,1.9));
#20040=CARTESIAN_POINT('',(5.83,3.11060286983428E-16,1.9));
#20041=CARTESIAN_POINT('',(1.22,-5.375,1.9));
#20042=CARTESIAN_POINT('',(8.37,-5.375,1.9));
#20043=CARTESIAN_POINT('',(6.87,-5.375,1.9));
#20044=CARTESIAN_POINT('',(6.87,3.11060286983428E-16,1.9));
#20045=CARTESIAN_POINT('',(6.87,-2.075,1.9));
#20046=CARTESIAN_POINT('',(1.22,-2.075,1.9));
#20047=CARTESIAN_POINT('',(8.37,-2.075,1.9));
#20048=CARTESIAN_POINT('',(8.37,3.11060286983428E-16,1.9));
#20049=CARTESIAN_POINT('',(1.22,-5.375,1.9));
#20050=CARTESIAN_POINT('',(10.91,-5.375,1.9));
#20051=CARTESIAN_POINT('',(9.41,-5.375,1.9));
#20052=CARTESIAN_POINT('',(9.41,3.11060286983428E-16,1.9));
#20053=CARTESIAN_POINT('',(9.41,-2.075,1.9));
#20054=CARTESIAN_POINT('',(1.22,-2.075,1.9));
#20055=CARTESIAN_POINT('',(10.91,-2.075,1.9));
#20056=CARTESIAN_POINT('',(10.91,3.11060286983428E-16,1.9));
#20057=CARTESIAN_POINT('',(9.5,-2.07056912180582,1.9));
#20058=CARTESIAN_POINT('',(11.7944308781942,-2.07056912180582,1.9));
#20059=CARTESIAN_POINT('',(1.57,-2.07056912180582,1.9));
#20060=CARTESIAN_POINT('',(1.57,-1.80077257384087E-16,1.9));
#20061=CARTESIAN_POINT('',(1.57,-5.3794308781942,1.9));
#20062=CARTESIAN_POINT('',(9.5,-5.3794308781942,1.9));
#20063=CARTESIAN_POINT('',(11.7944308781942,-5.3794308781942,1.9));
#20064=CARTESIAN_POINT('',(11.7944308781942,3.72500000000001,1.9));
#20065=CARTESIAN_POINT('',(-2.205,-1.25,1.8));
#20066=CARTESIAN_POINT('',(16.28,-1.25,0.));
#20067=CARTESIAN_POINT('',(-4.205,-1.25,0.));
#20068=CARTESIAN_POINT('',(-5.955,-1.25,0.));
#20069=CARTESIAN_POINT('',(-4.205,-1.25,1.8));
#20070=CARTESIAN_POINT('',(-4.205,-1.25,1.8));
#20071=CARTESIAN_POINT('',(-2.205,-1.25,1.8));
#20072=CARTESIAN_POINT('',(-5.955,-1.25,1.8));
#20073=CARTESIAN_POINT('',(-5.955,-1.25,1.8));
#20074=CARTESIAN_POINT('',(-5.955,-6.2,1.8));
#20075=CARTESIAN_POINT('',(-5.955,-6.45,0.));
#20076=CARTESIAN_POINT('',(-5.955,-6.2,0.));
#20077=CARTESIAN_POINT('',(-5.955,-6.2,1.8));
#20078=CARTESIAN_POINT('',(-5.955,-6.2,1.8));
#20079=CARTESIAN_POINT('',(-5.955,-6.2,1.8));
#20080=CARTESIAN_POINT('',(-5.83,-2.075,-0.801));
#20081=CARTESIAN_POINT('',(-5.83,-5.375,-0.801));
#20082=CARTESIAN_POINT('',(-5.83,-5.375,1.8));
#20083=CARTESIAN_POINT('',(-5.83,-5.375,1.9));
#20084=CARTESIAN_POINT('',(-5.83,-2.075,1.8));
#20085=CARTESIAN_POINT('',(-5.83,-2.075,1.8));
#20086=CARTESIAN_POINT('',(-5.83,-2.075,-0.801));
#20087=CARTESIAN_POINT('',(-5.83,-2.075,1.9));
#20088=CARTESIAN_POINT('',(-5.83,0.,1.9));
#20089=CARTESIAN_POINT('',(-4.33,-2.075,-0.801));
#20090=CARTESIAN_POINT('',(-4.33,-2.075,1.8));
#20091=CARTESIAN_POINT('',(-4.33,-2.075,1.8));
#20092=CARTESIAN_POINT('',(-4.33,-2.075,-0.801));
#20093=CARTESIAN_POINT('',(-4.33,-2.075,1.9));
#20094=CARTESIAN_POINT('',(-1.32,-2.075,1.9));
#20095=CARTESIAN_POINT('',(1.22,3.11060286983428E-16,1.8));
#20096=CARTESIAN_POINT('',(-4.205,-6.2,1.8));
#20097=CARTESIAN_POINT('',(-4.205,-6.2,1.8));
#20098=CARTESIAN_POINT('',(-4.205,-6.2,1.8));
#20099=CARTESIAN_POINT('',(-4.33,-5.375,1.8));
#20100=CARTESIAN_POINT('',(-4.33,-5.375,1.8));
#20101=CARTESIAN_POINT('',(-4.33,-2.075,1.8));
#20102=CARTESIAN_POINT('',(-4.33,-5.375,-0.801));
#20103=CARTESIAN_POINT('',(-4.33,-5.375,-0.801));
#20104=CARTESIAN_POINT('',(-4.33,-5.375,1.9));
#20105=CARTESIAN_POINT('',(-1.32,-5.375,1.9));
#20106=CARTESIAN_POINT('',(-4.33,-2.075,-0.801));
#20107=CARTESIAN_POINT('',(-4.33,0.,1.9));
#20108=CARTESIAN_POINT('',(-4.205,-6.2,1.8));
#20109=CARTESIAN_POINT('',(-4.205,-6.45,0.));
#20110=CARTESIAN_POINT('',(-4.205,-6.2,0.));
#20111=CARTESIAN_POINT('',(-4.205,-6.2,1.8));
#20112=CARTESIAN_POINT('',(-4.205,-6.2,1.8));
#20113=CARTESIAN_POINT('',(14.28,-6.2,0.));
#20114=CARTESIAN_POINT('',(0.679999999999999,0.,3.7));
#20115=CARTESIAN_POINT('',(8.28,-1.,3.7));
#20116=CARTESIAN_POINT('',(-5.72,-1.,3.7));
#20117=CARTESIAN_POINT('',(8.28,-1.,3.7));
#20118=CARTESIAN_POINT('',(8.28,1.,3.7));
#20119=CARTESIAN_POINT('',(8.28,1.,3.7));
#20120=CARTESIAN_POINT('',(8.28,1.,3.7));
#20121=CARTESIAN_POINT('',(-5.72,1.,3.7));
#20122=CARTESIAN_POINT('',(-5.72,1.,3.7));
#20123=CARTESIAN_POINT('',(-1.32,0.,1.9));
#20124=CARTESIAN_POINT('',(-1.32,5.375,1.9));
#20125=CARTESIAN_POINT('',(-5.83,5.375,1.9));
#20126=CARTESIAN_POINT('',(-4.33,5.375,1.9));
#20127=CARTESIAN_POINT('',(-4.33,0.,1.9));
#20128=CARTESIAN_POINT('',(-4.33,2.075,1.9));
#20129=CARTESIAN_POINT('',(-1.32,2.075,1.9));
#20130=CARTESIAN_POINT('',(-5.83,2.075,1.9));
#20131=CARTESIAN_POINT('',(-5.83,0.,1.9));
#20132=CARTESIAN_POINT('',(1.22,5.375,1.9));
#20133=CARTESIAN_POINT('',(-0.749999999999999,5.375,1.9));
#20134=CARTESIAN_POINT('',(0.75,5.375,1.9));
#20135=CARTESIAN_POINT('',(0.75,3.11060286983428E-16,1.9));
#20136=CARTESIAN_POINT('',(0.75,2.075,1.9));
#20137=CARTESIAN_POINT('',(1.22,2.075,1.9));
#20138=CARTESIAN_POINT('',(-0.749999999999999,2.075,1.9));
#20139=CARTESIAN_POINT('',(-0.749999999999999,3.11060286983428E-16,1.9));
#20140=CARTESIAN_POINT('',(1.22,5.375,1.9));
#20141=CARTESIAN_POINT('',(-3.29,5.375,1.9));
#20142=CARTESIAN_POINT('',(-1.79,5.375,1.9));
#20143=CARTESIAN_POINT('',(-1.79,3.11060286983428E-16,1.9));
#20144=CARTESIAN_POINT('',(-1.79,2.075,1.9));
#20145=CARTESIAN_POINT('',(1.22,2.075,1.9));
#20146=CARTESIAN_POINT('',(-3.29,2.075,1.9));
#20147=CARTESIAN_POINT('',(-3.29,3.11060286983428E-16,1.9));
#20148=CARTESIAN_POINT('',(9.5,2.07056912180582,1.9));
#20149=CARTESIAN_POINT('',(0.97,2.07056912180582,1.9));
#20150=CARTESIAN_POINT('',(-9.25443087819416,2.07056912180582,1.9));
#20151=CARTESIAN_POINT('',(0.97,-1.42690975574242E-16,1.9));
#20152=CARTESIAN_POINT('',(0.97,5.3794308781942,1.9));
#20153=CARTESIAN_POINT('',(9.5,5.3794308781942,1.9));
#20154=CARTESIAN_POINT('',(-9.25443087819416,5.3794308781942,1.9));
#20155=CARTESIAN_POINT('',(-9.25443087819416,3.72500000000001,1.9));
#20156=CARTESIAN_POINT('',(-8.37,2.075,1.9));
#20157=CARTESIAN_POINT('',(-8.37,5.375,1.9));
#20158=CARTESIAN_POINT('',(-8.37,2.075,1.9));
#20159=CARTESIAN_POINT('',(-6.87,5.375,1.9));
#20160=CARTESIAN_POINT('',(-6.87,5.375,1.9));
#20161=CARTESIAN_POINT('',(-6.87,2.075,1.9));
#20162=CARTESIAN_POINT('',(-6.87,2.075,1.9));
#20163=CARTESIAN_POINT('',(-6.87,2.075,1.9));
#20164=CARTESIAN_POINT('',(8.28,-1.,3.7));
#20165=CARTESIAN_POINT('',(8.28,-1.,3.7));
#20166=CARTESIAN_POINT('',(8.28,-1.,3.9));
#20167=CARTESIAN_POINT('',(-5.72,-1.,3.7));
#20168=CARTESIAN_POINT('',(-5.72,-1.,3.9));
#20169=CARTESIAN_POINT('',(8.28,-1.,3.9));
#20170=CARTESIAN_POINT('',(8.28,1.,3.7));
#20171=CARTESIAN_POINT('',(8.28,1.,3.9));
#20172=CARTESIAN_POINT('',(8.28,1.,3.9));
#20173=CARTESIAN_POINT('',(8.28,1.,3.7));
#20174=CARTESIAN_POINT('',(8.28,1.,3.7));
#20175=CARTESIAN_POINT('',(-5.72,1.,3.7));
#20176=CARTESIAN_POINT('',(-5.72,1.,3.9));
#20177=CARTESIAN_POINT('',(8.28,1.,3.9));
#20178=CARTESIAN_POINT('',(-5.72,1.,3.7));
#20179=CARTESIAN_POINT('',(-5.72,1.,3.9));
#20180=CARTESIAN_POINT('',(9.5,5.625,3.9));
#20181=CARTESIAN_POINT('',(1.57,5.625,3.9));
#20182=CARTESIAN_POINT('',(1.57,5.60044308781942,3.7));
#20183=CARTESIAN_POINT('',(11.7702186477232,5.35521864772322,1.70280720725044));
#20184=CARTESIAN_POINT('',(12.04,5.625,3.9));
#20185=CARTESIAN_POINT('',(9.5,5.625,3.9));
#20186=CARTESIAN_POINT('',(-9.49999999999997,5.625,3.9));
#20187=CARTESIAN_POINT('',(-9.22193919672809,5.34693919672812,1.63537649011291));
#20188=CARTESIAN_POINT('',(0.97,5.625,3.9));
#20189=CARTESIAN_POINT('',(0.97,5.60044308781942,3.7));
#20190=CARTESIAN_POINT('',(9.5,5.60044308781942,3.7));
#20191=CARTESIAN_POINT('',(-9.25443087819416,3.72500000000001,1.9));
#20192=CARTESIAN_POINT('',(-9.49999999999997,-6.45,3.9));
#20193=CARTESIAN_POINT('',(-9.49999999999997,1.825,3.9));
#20194=CARTESIAN_POINT('',(-9.23021864772319,2.09478135227678,1.70280720725043));
#20195=CARTESIAN_POINT('',(9.5,1.825,3.9));
#20196=CARTESIAN_POINT('',(1.57,1.825,3.9));
#20197=CARTESIAN_POINT('',(1.57,1.84955691218058,3.7));
#20198=CARTESIAN_POINT('',(9.5,1.84955691218058,3.7));
#20199=CARTESIAN_POINT('',(0.97,1.84955691218058,3.7));
#20200=CARTESIAN_POINT('',(0.97,1.825,3.9));
#20201=CARTESIAN_POINT('',(9.5,1.825,3.9));
#20202=CARTESIAN_POINT('',(12.04,1.825,3.9));
#20203=CARTESIAN_POINT('',(12.0028276610363,1.86217233896371,3.59725559394141));
#20204=CARTESIAN_POINT('',(11.7944308781942,3.72500000000001,1.9));
#20205=CARTESIAN_POINT('',(12.04,3.72500000000001,3.9));
#20206=CARTESIAN_POINT('',(9.41,2.075,-0.801));
#20207=CARTESIAN_POINT('',(9.41,2.075,1.8));
#20208=CARTESIAN_POINT('',(9.41,5.375,1.8));
#20209=CARTESIAN_POINT('',(9.41,2.075,1.8));
#20210=CARTESIAN_POINT('',(9.41,5.375,-0.801));
#20211=CARTESIAN_POINT('',(9.41,2.075,-0.801));
#20212=CARTESIAN_POINT('',(10.91,5.375,-0.801));
#20213=CARTESIAN_POINT('',(10.91,5.375,1.8));
#20214=CARTESIAN_POINT('',(10.91,5.375,1.8));
#20215=CARTESIAN_POINT('',(10.91,5.375,-0.801));
#20216=CARTESIAN_POINT('',(10.91,2.075,-0.801));
#20217=CARTESIAN_POINT('',(10.91,2.075,1.8));
#20218=CARTESIAN_POINT('',(10.91,2.075,1.8));
#20219=CARTESIAN_POINT('',(10.91,2.075,-0.801));
#20220=CARTESIAN_POINT('',(10.91,2.075,-0.801));
#20221=CARTESIAN_POINT('',(10.91,2.075,1.8));
#20222=CARTESIAN_POINT('',(6.87,2.075,-0.801));
#20223=CARTESIAN_POINT('',(6.87,2.075,1.8));
#20224=CARTESIAN_POINT('',(6.87,5.375,1.8));
#20225=CARTESIAN_POINT('',(6.87,2.075,1.8));
#20226=CARTESIAN_POINT('',(6.87,5.375,-0.801));
#20227=CARTESIAN_POINT('',(6.87,2.075,-0.801));
#20228=CARTESIAN_POINT('',(8.37,5.375,-0.801));
#20229=CARTESIAN_POINT('',(8.37,5.375,1.8));
#20230=CARTESIAN_POINT('',(8.37,5.375,1.8));
#20231=CARTESIAN_POINT('',(8.37,5.375,-0.801));
#20232=CARTESIAN_POINT('',(8.37,2.075,-0.801));
#20233=CARTESIAN_POINT('',(8.37,2.075,1.8));
#20234=CARTESIAN_POINT('',(8.37,2.075,1.8));
#20235=CARTESIAN_POINT('',(8.37,2.075,-0.801));
#20236=CARTESIAN_POINT('',(8.37,2.075,-0.801));
#20237=CARTESIAN_POINT('',(8.37,2.075,1.8));
#20238=CARTESIAN_POINT('',(4.33,2.075,-0.801));
#20239=CARTESIAN_POINT('',(4.33,2.075,1.8));
#20240=CARTESIAN_POINT('',(4.33,5.375,1.8));
#20241=CARTESIAN_POINT('',(4.33,2.075,1.8));
#20242=CARTESIAN_POINT('',(4.33,5.375,-0.801));
#20243=CARTESIAN_POINT('',(4.33,2.075,-0.801));
#20244=CARTESIAN_POINT('',(5.83,5.375,-0.801));
#20245=CARTESIAN_POINT('',(5.83,5.375,1.8));
#20246=CARTESIAN_POINT('',(5.83,5.375,1.8));
#20247=CARTESIAN_POINT('',(5.83,5.375,-0.801));
#20248=CARTESIAN_POINT('',(5.83,2.075,-0.801));
#20249=CARTESIAN_POINT('',(5.83,2.075,1.8));
#20250=CARTESIAN_POINT('',(5.83,2.075,1.8));
#20251=CARTESIAN_POINT('',(5.83,2.075,-0.801));
#20252=CARTESIAN_POINT('',(5.83,2.075,-0.801));
#20253=CARTESIAN_POINT('',(5.83,2.075,1.8));
#20254=CARTESIAN_POINT('',(1.79,2.075,-0.801));
#20255=CARTESIAN_POINT('',(1.79,2.075,1.8));
#20256=CARTESIAN_POINT('',(1.79,5.375,1.8));
#20257=CARTESIAN_POINT('',(1.79,2.075,1.8));
#20258=CARTESIAN_POINT('',(1.79,5.375,-0.801));
#20259=CARTESIAN_POINT('',(1.79,2.075,-0.801));
#20260=CARTESIAN_POINT('',(3.29,5.375,-0.801));
#20261=CARTESIAN_POINT('',(3.29,5.375,1.8));
#20262=CARTESIAN_POINT('',(3.29,5.375,1.8));
#20263=CARTESIAN_POINT('',(3.29,5.375,-0.801));
#20264=CARTESIAN_POINT('',(3.29,2.075,-0.801));
#20265=CARTESIAN_POINT('',(3.29,2.075,1.8));
#20266=CARTESIAN_POINT('',(3.29,2.075,1.8));
#20267=CARTESIAN_POINT('',(3.29,2.075,-0.801));
#20268=CARTESIAN_POINT('',(3.29,2.075,-0.801));
#20269=CARTESIAN_POINT('',(3.29,2.075,1.8));
#20270=CARTESIAN_POINT('',(-0.749999999999999,2.075,-0.801));
#20271=CARTESIAN_POINT('',(-0.749999999999999,2.075,1.8));
#20272=CARTESIAN_POINT('',(-0.749999999999999,5.375,1.8));
#20273=CARTESIAN_POINT('',(-0.749999999999999,2.075,1.8));
#20274=CARTESIAN_POINT('',(-0.749999999999999,5.375,-0.801));
#20275=CARTESIAN_POINT('',(-0.749999999999999,2.075,-0.801));
#20276=CARTESIAN_POINT('',(0.75,5.375,-0.801));
#20277=CARTESIAN_POINT('',(0.75,5.375,1.8));
#20278=CARTESIAN_POINT('',(0.75,5.375,1.8));
#20279=CARTESIAN_POINT('',(0.75,5.375,-0.801));
#20280=CARTESIAN_POINT('',(0.75,2.075,-0.801));
#20281=CARTESIAN_POINT('',(0.75,2.075,1.8));
#20282=CARTESIAN_POINT('',(0.75,2.075,1.8));
#20283=CARTESIAN_POINT('',(0.75,2.075,-0.801));
#20284=CARTESIAN_POINT('',(0.75,2.075,-0.801));
#20285=CARTESIAN_POINT('',(0.75,2.075,1.8));
#20286=CARTESIAN_POINT('',(-3.29,2.075,-0.801));
#20287=CARTESIAN_POINT('',(-3.29,2.075,1.8));
#20288=CARTESIAN_POINT('',(-3.29,5.375,1.8));
#20289=CARTESIAN_POINT('',(-3.29,2.075,1.8));
#20290=CARTESIAN_POINT('',(-3.29,5.375,-0.801));
#20291=CARTESIAN_POINT('',(-3.29,2.075,-0.801));
#20292=CARTESIAN_POINT('',(-1.79,5.375,-0.801));
#20293=CARTESIAN_POINT('',(-1.79,5.375,1.8));
#20294=CARTESIAN_POINT('',(-1.79,5.375,1.8));
#20295=CARTESIAN_POINT('',(-1.79,5.375,-0.801));
#20296=CARTESIAN_POINT('',(-1.79,2.075,-0.801));
#20297=CARTESIAN_POINT('',(-1.79,2.075,1.8));
#20298=CARTESIAN_POINT('',(-1.79,2.075,1.8));
#20299=CARTESIAN_POINT('',(-1.79,2.075,-0.801));
#20300=CARTESIAN_POINT('',(-1.79,2.075,-0.801));
#20301=CARTESIAN_POINT('',(-1.79,2.075,1.8));
#20302=CARTESIAN_POINT('',(-15.67,5.,-0.8));
#20303=CARTESIAN_POINT('',(-15.67,5.,-0.8));
#20304=CARTESIAN_POINT('',(-15.67,4.6,-0.8));
#20305=CARTESIAN_POINT('',(-15.67,-3.5,-0.8));
#20306=CARTESIAN_POINT('',(-15.67,-3.5,-0.8));
#20307=CARTESIAN_POINT('',(-15.67,-3.9,-0.8));
#20308=CARTESIAN_POINT('',(-8.37,2.075,-0.801));
#20309=CARTESIAN_POINT('',(-8.37,2.075,1.8));
#20310=CARTESIAN_POINT('',(-8.37,5.375,1.8));
#20311=CARTESIAN_POINT('',(-8.37,2.075,1.8));
#20312=CARTESIAN_POINT('',(-8.37,5.375,-0.801));
#20313=CARTESIAN_POINT('',(-8.37,2.075,-0.801));
#20314=CARTESIAN_POINT('',(-6.87,5.375,-0.801));
#20315=CARTESIAN_POINT('',(-6.87,5.375,1.8));
#20316=CARTESIAN_POINT('',(-6.87,5.375,1.8));
#20317=CARTESIAN_POINT('',(-6.87,5.375,-0.801));
#20318=CARTESIAN_POINT('',(-6.87,2.075,-0.801));
#20319=CARTESIAN_POINT('',(-6.87,2.075,1.8));
#20320=CARTESIAN_POINT('',(-6.87,2.075,1.8));
#20321=CARTESIAN_POINT('',(-6.87,2.075,-0.801));
#20322=CARTESIAN_POINT('',(-6.87,2.075,-0.801));
#20323=CARTESIAN_POINT('',(-6.87,2.075,1.8));
#20324=CARTESIAN_POINT('',(15.57,5.,-0.8));
#20325=CARTESIAN_POINT('',(15.57,5.,-0.8));
#20326=CARTESIAN_POINT('',(15.57,4.6,-0.8));
#20327=CARTESIAN_POINT('',(15.57,-5.,-0.8));
#20328=CARTESIAN_POINT('',(15.57,-5.,-0.8));
#20329=CARTESIAN_POINT('',(15.57,-5.4,-0.8));
#20330=CARTESIAN_POINT('',(-5.83,2.075,-0.801));
#20331=CARTESIAN_POINT('',(-5.83,2.075,1.8));
#20332=CARTESIAN_POINT('',(-5.83,5.375,1.8));
#20333=CARTESIAN_POINT('',(-5.83,2.075,1.8));
#20334=CARTESIAN_POINT('',(-5.83,5.375,-0.801));
#20335=CARTESIAN_POINT('',(-5.83,2.075,-0.801));
#20336=CARTESIAN_POINT('',(-4.33,5.375,-0.801));
#20337=CARTESIAN_POINT('',(-4.33,5.375,1.8));
#20338=CARTESIAN_POINT('',(-4.33,5.375,1.8));
#20339=CARTESIAN_POINT('',(-4.33,5.375,-0.801));
#20340=CARTESIAN_POINT('',(-4.33,2.075,-0.801));
#20341=CARTESIAN_POINT('',(-4.33,2.075,1.8));
#20342=CARTESIAN_POINT('',(-4.33,2.075,1.8));
#20343=CARTESIAN_POINT('',(-4.33,2.075,-0.801));
#20344=CARTESIAN_POINT('',(-4.33,2.075,-0.801));
#20345=CARTESIAN_POINT('',(-4.33,2.075,1.8));
#20346=CARTESIAN_POINT('',(14.28,-6.45,3.9));
#20347=CARTESIAN_POINT('',(-15.67,-5.3776427755281E-14,3.9));
#20348=CARTESIAN_POINT('',(-14.17,-5.3776427755281E-14,3.9));
#20349=CARTESIAN_POINT('',(15.57,0.,3.9));
#20350=CARTESIAN_POINT('',(17.07,0.,3.9));
#20351=CARTESIAN_POINT('',(-16.92,7.35,3.9));
#20352=CARTESIAN_POINT('',(16.82,7.35,3.9));
#20353=CARTESIAN_POINT('',(-16.92,7.35,3.9));
#20354=CARTESIAN_POINT('',(-16.92,6.45,3.9));
#20355=CARTESIAN_POINT('',(-17.82,6.45,3.9));
#20356=CARTESIAN_POINT('',(-17.82,-4.25,3.9));
#20357=CARTESIAN_POINT('',(-17.82,-4.25,3.9));
#20358=CARTESIAN_POINT('',(-16.92,-4.25,3.9));
#20359=CARTESIAN_POINT('',(-16.92,-5.15,3.9));
#20360=CARTESIAN_POINT('',(-12.02,-5.15,3.9));
#20361=CARTESIAN_POINT('',(-11.92,-5.15,3.9));
#20362=CARTESIAN_POINT('',(-11.92,-6.45,3.9));
#20363=CARTESIAN_POINT('',(-11.92,-6.45,3.9));
#20364=CARTESIAN_POINT('',(-11.02,-6.45,3.9));
#20365=CARTESIAN_POINT('',(-11.02,-7.35,3.9));
#20366=CARTESIAN_POINT('',(14.28,-7.35,3.9));
#20367=CARTESIAN_POINT('',(16.82,-7.35,3.9));
#20368=CARTESIAN_POINT('',(16.82,-6.45,3.9));
#20369=CARTESIAN_POINT('',(17.72,-6.45,3.9));
#20370=CARTESIAN_POINT('',(17.72,6.45,3.9));
#20371=CARTESIAN_POINT('',(17.72,6.45,3.9));
#20372=CARTESIAN_POINT('',(16.82,6.45,3.9));
#20373=CARTESIAN_POINT('',(12.04,3.72500000000001,3.9));
#20374=CARTESIAN_POINT('',(12.04,-1.825,3.9));
#20375=CARTESIAN_POINT('',(12.04,-5.625,3.9));
#20376=CARTESIAN_POINT('',(9.5,-5.625,3.9));
#20377=CARTESIAN_POINT('',(-9.49999999999997,-5.625,3.9));
#20378=CARTESIAN_POINT('',(-9.49999999999997,3.72500000000001,3.9));
#20379=CARTESIAN_POINT('',(-9.49999999999997,-1.825,3.9));
#20380=CARTESIAN_POINT('',(9.5,-1.825,3.9));
#20381=CARTESIAN_POINT('',(-16.92,-4.25,3.8));
#20382=CARTESIAN_POINT('',(-17.82,-4.25,3.8));
#20383=CARTESIAN_POINT('',(-17.92,-4.25,3.8));
#20384=CARTESIAN_POINT('',(-16.92,-4.25,3.8));
#20385=CARTESIAN_POINT('',(-16.92,-5.25,3.8));
#20386=CARTESIAN_POINT('',(-16.92,-5.15,3.8));
#20387=CARTESIAN_POINT('',(14.28,-5.14999999999999,3.8));
#20388=CARTESIAN_POINT('',(-16.92,-5.25,3.8));
#20389=CARTESIAN_POINT('',(-12.02,-5.25,3.8));
#20390=CARTESIAN_POINT('',(-11.92,-5.15,3.8));
#20391=CARTESIAN_POINT('',(-11.92,-6.44999999999992,3.8));
#20392=CARTESIAN_POINT('',(-12.02,-5.15,3.8));
#20393=CARTESIAN_POINT('',(-12.02,-6.45,3.8));
#20394=CARTESIAN_POINT('',(-11.92,-6.45,3.8));
#20395=CARTESIAN_POINT('',(-11.02,-6.45,3.8));
#20396=CARTESIAN_POINT('',(-11.02,-7.35,3.8));
#20397=CARTESIAN_POINT('',(-11.02,-7.45,3.8));
#20398=CARTESIAN_POINT('',(-11.02,-6.45,3.8));
#20399=CARTESIAN_POINT('',(14.28,-7.35,3.8));
#20400=CARTESIAN_POINT('',(-11.02,-7.45,3.8));
#20401=CARTESIAN_POINT('',(16.82,-7.45,3.8));
#20402=CARTESIAN_POINT('',(16.82,-7.35,3.8));
#20403=CARTESIAN_POINT('',(16.82,-6.45,3.8));
#20404=CARTESIAN_POINT('',(17.72,-6.45,3.8));
#20405=CARTESIAN_POINT('',(17.82,-6.45,3.8));
#20406=CARTESIAN_POINT('',(16.82,-6.45,3.8));
#20407=CARTESIAN_POINT('',(17.72,-6.45,3.8));
#20408=CARTESIAN_POINT('',(17.72,6.45,3.8));
#20409=CARTESIAN_POINT('',(17.82,6.45,3.8));
#20410=CARTESIAN_POINT('',(17.82,-6.45,3.8));
#20411=CARTESIAN_POINT('',(16.82,6.45,3.8));
#20412=CARTESIAN_POINT('',(16.82,7.35,3.8));
#20413=CARTESIAN_POINT('',(16.82,7.45,3.8));
#20414=CARTESIAN_POINT('',(16.82,6.45,3.8));
#20415=CARTESIAN_POINT('',(14.28,7.35,3.8));
#20416=CARTESIAN_POINT('',(14.28,7.45,3.8));
#20417=CARTESIAN_POINT('',(-16.92,7.45,3.8));
#20418=CARTESIAN_POINT('',(-16.92,7.35,3.8));
#20419=CARTESIAN_POINT('',(-16.92,6.45,3.8));
#20420=CARTESIAN_POINT('',(-16.92,6.45,3.8));
#20421=CARTESIAN_POINT('',(-17.92,6.45,3.8));
#20422=CARTESIAN_POINT('',(-17.82,6.45,3.8));
#20423=CARTESIAN_POINT('',(-17.82,-6.45,3.8));
#20424=CARTESIAN_POINT('',(-17.92,6.45,3.8));
#20425=CARTESIAN_POINT('',(16.46,2.17742200888399E-15,1.8));
#20426=CARTESIAN_POINT('',(9.285,-6.2,1.8));
#20427=CARTESIAN_POINT('',(9.285,-6.2,1.8));
#20428=CARTESIAN_POINT('',(9.285,-1.25,1.8));
#20429=CARTESIAN_POINT('',(11.035,-1.25,1.8));
#20430=CARTESIAN_POINT('',(11.035,-1.25,1.8));
#20431=CARTESIAN_POINT('',(11.035,-6.2,1.8));
#20432=CARTESIAN_POINT('',(11.035,-6.2,1.8));
#20433=CARTESIAN_POINT('',(11.035,-6.2,1.8));
#20434=CARTESIAN_POINT('',(10.91,-5.375,1.8));
#20435=CARTESIAN_POINT('',(10.91,-5.375,1.8));
#20436=CARTESIAN_POINT('',(9.41,-5.375,1.8));
#20437=CARTESIAN_POINT('',(10.91,-2.075,1.8));
#20438=CARTESIAN_POINT('',(10.91,-2.075,1.8));
#20439=CARTESIAN_POINT('',(10.91,-2.075,1.8));
#20440=CARTESIAN_POINT('',(9.41,-2.075,1.8));
#20441=CARTESIAN_POINT('',(9.41,-2.075,1.8));
#20442=CARTESIAN_POINT('',(16.46,2.17742200888399E-15,1.8));
#20443=CARTESIAN_POINT('',(11.035,6.2,1.8));
#20444=CARTESIAN_POINT('',(11.035,6.2,1.8));
#20445=CARTESIAN_POINT('',(11.035,1.25,1.8));
#20446=CARTESIAN_POINT('',(11.035,1.25,1.8));
#20447=CARTESIAN_POINT('',(9.285,1.25,1.8));
#20448=CARTESIAN_POINT('',(9.285,6.2,1.8));
#20449=CARTESIAN_POINT('',(9.285,6.2,1.8));
#20450=CARTESIAN_POINT('',(11.035,6.2,1.8));
#20451=CARTESIAN_POINT('',(13.92,1.86636172190057E-15,1.8));
#20452=CARTESIAN_POINT('',(6.745,-6.2,1.8));
#20453=CARTESIAN_POINT('',(6.745,-6.2,1.8));
#20454=CARTESIAN_POINT('',(6.745,-1.25,1.8));
#20455=CARTESIAN_POINT('',(8.495,-1.25,1.8));
#20456=CARTESIAN_POINT('',(8.495,-1.25,1.8));
#20457=CARTESIAN_POINT('',(8.495,-6.2,1.8));
#20458=CARTESIAN_POINT('',(8.495,-6.2,1.8));
#20459=CARTESIAN_POINT('',(8.495,-6.2,1.8));
#20460=CARTESIAN_POINT('',(8.37,-5.375,1.8));
#20461=CARTESIAN_POINT('',(8.37,-5.375,1.8));
#20462=CARTESIAN_POINT('',(6.87,-5.375,1.8));
#20463=CARTESIAN_POINT('',(8.37,-2.075,1.8));
#20464=CARTESIAN_POINT('',(8.37,-2.075,1.8));
#20465=CARTESIAN_POINT('',(8.37,-2.075,1.8));
#20466=CARTESIAN_POINT('',(6.87,-2.075,1.8));
#20467=CARTESIAN_POINT('',(6.87,-2.075,1.8));
#20468=CARTESIAN_POINT('',(13.92,1.86636172190057E-15,1.8));
#20469=CARTESIAN_POINT('',(8.495,6.2,1.8));
#20470=CARTESIAN_POINT('',(8.495,6.2,1.8));
#20471=CARTESIAN_POINT('',(8.495,1.25,1.8));
#20472=CARTESIAN_POINT('',(8.495,1.25,1.8));
#20473=CARTESIAN_POINT('',(6.745,1.25,1.8));
#20474=CARTESIAN_POINT('',(6.745,6.2,1.8));
#20475=CARTESIAN_POINT('',(6.745,6.2,1.8));
#20476=CARTESIAN_POINT('',(8.495,6.2,1.8));
#20477=CARTESIAN_POINT('',(11.38,1.55530143491714E-15,1.8));
#20478=CARTESIAN_POINT('',(4.205,-6.2,1.8));
#20479=CARTESIAN_POINT('',(4.205,-6.2,1.8));
#20480=CARTESIAN_POINT('',(4.205,-1.25,1.8));
#20481=CARTESIAN_POINT('',(7.955,-1.25,1.8));
#20482=CARTESIAN_POINT('',(5.955,-1.25,1.8));
#20483=CARTESIAN_POINT('',(5.955,-6.2,1.8));
#20484=CARTESIAN_POINT('',(5.955,-6.2,1.8));
#20485=CARTESIAN_POINT('',(5.955,-6.2,1.8));
#20486=CARTESIAN_POINT('',(5.83,-5.375,1.8));
#20487=CARTESIAN_POINT('',(5.83,-5.375,1.8));
#20488=CARTESIAN_POINT('',(4.33,-5.375,1.8));
#20489=CARTESIAN_POINT('',(5.83,-2.075,1.8));
#20490=CARTESIAN_POINT('',(5.83,-2.075,1.8));
#20491=CARTESIAN_POINT('',(5.83,-2.075,1.8));
#20492=CARTESIAN_POINT('',(4.33,-2.075,1.8));
#20493=CARTESIAN_POINT('',(4.33,-2.075,1.8));
#20494=CARTESIAN_POINT('',(11.38,1.55530143491714E-15,1.8));
#20495=CARTESIAN_POINT('',(5.955,6.2,1.8));
#20496=CARTESIAN_POINT('',(5.955,6.2,1.8));
#20497=CARTESIAN_POINT('',(5.955,1.25,1.8));
#20498=CARTESIAN_POINT('',(7.955,1.25,1.8));
#20499=CARTESIAN_POINT('',(4.205,1.25,1.8));
#20500=CARTESIAN_POINT('',(4.205,6.2,1.8));
#20501=CARTESIAN_POINT('',(4.205,6.2,1.8));
#20502=CARTESIAN_POINT('',(5.955,6.2,1.8));
#20503=CARTESIAN_POINT('',(8.84,1.24424114793371E-15,1.8));
#20504=CARTESIAN_POINT('',(1.665,-6.2,1.8));
#20505=CARTESIAN_POINT('',(1.665,-6.2,1.8));
#20506=CARTESIAN_POINT('',(1.665,-1.25,1.8));
#20507=CARTESIAN_POINT('',(5.415,-1.25,1.8));
#20508=CARTESIAN_POINT('',(3.415,-1.25,1.8));
#20509=CARTESIAN_POINT('',(3.415,-6.2,1.8));
#20510=CARTESIAN_POINT('',(3.415,-6.2,1.8));
#20511=CARTESIAN_POINT('',(3.415,-6.2,1.8));
#20512=CARTESIAN_POINT('',(3.29,-5.375,1.8));
#20513=CARTESIAN_POINT('',(3.29,-5.375,1.8));
#20514=CARTESIAN_POINT('',(1.79,-5.375,1.8));
#20515=CARTESIAN_POINT('',(3.29,-2.075,1.8));
#20516=CARTESIAN_POINT('',(3.29,-2.075,1.8));
#20517=CARTESIAN_POINT('',(3.29,-2.075,1.8));
#20518=CARTESIAN_POINT('',(1.79,-2.075,1.8));
#20519=CARTESIAN_POINT('',(1.79,-2.075,1.8));
#20520=CARTESIAN_POINT('',(8.84,1.24424114793371E-15,1.8));
#20521=CARTESIAN_POINT('',(3.415,6.2,1.8));
#20522=CARTESIAN_POINT('',(3.415,6.2,1.8));
#20523=CARTESIAN_POINT('',(3.415,1.25,1.8));
#20524=CARTESIAN_POINT('',(5.415,1.25,1.8));
#20525=CARTESIAN_POINT('',(1.665,1.25,1.8));
#20526=CARTESIAN_POINT('',(1.665,6.2,1.8));
#20527=CARTESIAN_POINT('',(1.665,6.2,1.8));
#20528=CARTESIAN_POINT('',(3.415,6.2,1.8));
#20529=CARTESIAN_POINT('',(6.3,9.33180860950283E-16,1.8));
#20530=CARTESIAN_POINT('',(-0.874999999999999,-6.2,1.8));
#20531=CARTESIAN_POINT('',(-0.874999999999999,-6.2,1.8));
#20532=CARTESIAN_POINT('',(-0.874999999999999,-1.25,1.8));
#20533=CARTESIAN_POINT('',(2.875,-1.25,1.8));
#20534=CARTESIAN_POINT('',(0.875,-1.25,1.8));
#20535=CARTESIAN_POINT('',(0.875,-6.2,1.8));
#20536=CARTESIAN_POINT('',(0.875,-6.2,1.8));
#20537=CARTESIAN_POINT('',(0.875,-6.2,1.8));
#20538=CARTESIAN_POINT('',(0.75,-5.375,1.8));
#20539=CARTESIAN_POINT('',(0.75,-5.375,1.8));
#20540=CARTESIAN_POINT('',(-0.749999999999999,-5.375,1.8));
#20541=CARTESIAN_POINT('',(0.75,-2.075,1.8));
#20542=CARTESIAN_POINT('',(0.75,-2.075,1.8));
#20543=CARTESIAN_POINT('',(0.75,-2.075,1.8));
#20544=CARTESIAN_POINT('',(-0.749999999999999,-2.075,1.8));
#20545=CARTESIAN_POINT('',(-0.749999999999999,-2.075,1.8));
#20546=CARTESIAN_POINT('',(6.3,9.33180860950283E-16,1.8));
#20547=CARTESIAN_POINT('',(0.875,6.2,1.8));
#20548=CARTESIAN_POINT('',(0.875,6.2,1.8));
#20549=CARTESIAN_POINT('',(0.875,1.25,1.8));
#20550=CARTESIAN_POINT('',(2.875,1.25,1.8));
#20551=CARTESIAN_POINT('',(-0.874999999999999,1.25,1.8));
#20552=CARTESIAN_POINT('',(-0.874999999999999,6.2,1.8));
#20553=CARTESIAN_POINT('',(-0.874999999999999,6.2,1.8));
#20554=CARTESIAN_POINT('',(0.875,6.2,1.8));
#20555=CARTESIAN_POINT('',(3.76,6.22120573966855E-16,1.8));
#20556=CARTESIAN_POINT('',(-3.415,-6.2,1.8));
#20557=CARTESIAN_POINT('',(-3.415,-6.2,1.8));
#20558=CARTESIAN_POINT('',(-3.415,-1.25,1.8));
#20559=CARTESIAN_POINT('',(0.334999999999999,-1.25,1.8));
#20560=CARTESIAN_POINT('',(-1.665,-1.25,1.8));
#20561=CARTESIAN_POINT('',(-1.665,-6.2,1.8));
#20562=CARTESIAN_POINT('',(-1.665,-6.2,1.8));
#20563=CARTESIAN_POINT('',(-1.665,-6.2,1.8));
#20564=CARTESIAN_POINT('',(-1.79,-5.375,1.8));
#20565=CARTESIAN_POINT('',(-1.79,-5.375,1.8));
#20566=CARTESIAN_POINT('',(-3.29,-5.375,1.8));
#20567=CARTESIAN_POINT('',(-1.79,-2.075,1.8));
#20568=CARTESIAN_POINT('',(-1.79,-2.075,1.8));
#20569=CARTESIAN_POINT('',(-1.79,-2.075,1.8));
#20570=CARTESIAN_POINT('',(-3.29,-2.075,1.8));
#20571=CARTESIAN_POINT('',(-3.29,-2.075,1.8));
#20572=CARTESIAN_POINT('',(3.76,6.22120573966855E-16,1.8));
#20573=CARTESIAN_POINT('',(-1.665,6.2,1.8));
#20574=CARTESIAN_POINT('',(-1.665,6.2,1.8));
#20575=CARTESIAN_POINT('',(-1.665,1.25,1.8));
#20576=CARTESIAN_POINT('',(0.334999999999999,1.25,1.8));
#20577=CARTESIAN_POINT('',(-3.415,1.25,1.8));
#20578=CARTESIAN_POINT('',(-3.415,6.2,1.8));
#20579=CARTESIAN_POINT('',(-3.415,6.2,1.8));
#20580=CARTESIAN_POINT('',(-1.665,6.2,1.8));
#20581=CARTESIAN_POINT('',(-15.67,-5.3776427755281E-14,3.9));
#20582=CARTESIAN_POINT('',(-15.67,-5.3776427755281E-14,3.2));
#20583=CARTESIAN_POINT('',(-14.87,-5.3776427755281E-14,3.2));
#20584=CARTESIAN_POINT('',(15.57,0.,3.9));
#20585=CARTESIAN_POINT('',(15.57,0.,3.2));
#20586=CARTESIAN_POINT('',(16.37,0.,3.2));
#20587=CARTESIAN_POINT('',(-15.67,5.,-0.5));
#20588=CARTESIAN_POINT('',(-15.67,5.,-0.5));
#20589=CARTESIAN_POINT('',(-15.67,4.3,-0.5));
#20590=CARTESIAN_POINT('',(-15.67,-3.5,-0.5));
#20591=CARTESIAN_POINT('',(-15.67,-3.5,-0.5));
#20592=CARTESIAN_POINT('',(-15.67,-4.2,-0.5));
#20593=CARTESIAN_POINT('',(-1.32,0.,1.8));
#20594=CARTESIAN_POINT('',(-8.495,-6.2,1.8));
#20595=CARTESIAN_POINT('',(-8.495,-6.2,1.8));
#20596=CARTESIAN_POINT('',(-8.495,-1.25,1.8));
#20597=CARTESIAN_POINT('',(-6.745,-1.25,1.8));
#20598=CARTESIAN_POINT('',(-6.745,-1.25,1.8));
#20599=CARTESIAN_POINT('',(-6.745,-6.2,1.8));
#20600=CARTESIAN_POINT('',(-6.745,-6.2,1.8));
#20601=CARTESIAN_POINT('',(-6.745,-6.2,1.8));
#20602=CARTESIAN_POINT('',(-6.87,-5.375,1.8));
#20603=CARTESIAN_POINT('',(-6.87,-5.375,1.8));
#20604=CARTESIAN_POINT('',(-8.37,-5.375,1.8));
#20605=CARTESIAN_POINT('',(-6.87,-2.075,1.8));
#20606=CARTESIAN_POINT('',(-6.87,-2.075,1.8));
#20607=CARTESIAN_POINT('',(-6.87,-2.075,1.8));
#20608=CARTESIAN_POINT('',(-8.37,-2.075,1.8));
#20609=CARTESIAN_POINT('',(-8.37,-2.075,1.8));
#20610=CARTESIAN_POINT('',(-1.32,0.,1.8));
#20611=CARTESIAN_POINT('',(-6.745,6.2,1.8));
#20612=CARTESIAN_POINT('',(-6.745,6.2,1.8));
#20613=CARTESIAN_POINT('',(-6.745,1.25,1.8));
#20614=CARTESIAN_POINT('',(-6.745,1.25,1.8));
#20615=CARTESIAN_POINT('',(-8.495,1.25,1.8));
#20616=CARTESIAN_POINT('',(-8.495,6.2,1.8));
#20617=CARTESIAN_POINT('',(-8.495,6.2,1.8));
#20618=CARTESIAN_POINT('',(-6.745,6.2,1.8));
#20619=CARTESIAN_POINT('',(15.57,5.,-0.5));
#20620=CARTESIAN_POINT('',(15.57,5.,-0.5));
#20621=CARTESIAN_POINT('',(15.57,4.3,-0.5));
#20622=CARTESIAN_POINT('',(15.57,-5.,-0.5));
#20623=CARTESIAN_POINT('',(15.57,-5.,-0.5));
#20624=CARTESIAN_POINT('',(15.57,-5.7,-0.5));
#20625=CARTESIAN_POINT('',(1.22,3.11060286983428E-16,1.8));
#20626=CARTESIAN_POINT('',(-4.205,6.2,1.8));
#20627=CARTESIAN_POINT('',(-4.205,6.2,1.8));
#20628=CARTESIAN_POINT('',(-4.205,1.25,1.8));
#20629=CARTESIAN_POINT('',(-2.205,1.25,1.8));
#20630=CARTESIAN_POINT('',(-5.955,1.25,1.8));
#20631=CARTESIAN_POINT('',(-5.955,6.2,1.8));
#20632=CARTESIAN_POINT('',(-5.955,6.2,1.8));
#20633=CARTESIAN_POINT('',(-4.205,6.2,1.8));
#20634=CARTESIAN_POINT('',(-16.92,-4.25,3.9));
#20635=CARTESIAN_POINT('',(-16.92,-5.25,3.9));
#20636=CARTESIAN_POINT('',(-16.92,-5.25,0.));
#20637=CARTESIAN_POINT('',(-17.92,-4.25,3.9));
#20638=CARTESIAN_POINT('',(-17.92,-4.25,0.));
#20639=CARTESIAN_POINT('',(-16.92,-4.25,0.));
#20640=CARTESIAN_POINT('',(-16.92,-5.25,3.9));
#20641=CARTESIAN_POINT('',(-12.02,-5.25,3.9));
#20642=CARTESIAN_POINT('',(-12.02,-5.25,0.));
#20643=CARTESIAN_POINT('',(14.28,-5.24999999999999,0.));
#20644=CARTESIAN_POINT('',(-12.02,-5.25,3.9));
#20645=CARTESIAN_POINT('',(-12.02,-6.45,3.9));
#20646=CARTESIAN_POINT('',(-12.02,-6.45,0.));
#20647=CARTESIAN_POINT('',(-12.02,-6.44999999999992,0.));
#20648=CARTESIAN_POINT('',(-11.02,-6.45,3.9));
#20649=CARTESIAN_POINT('',(-11.02,-7.45,3.9));
#20650=CARTESIAN_POINT('',(-11.02,-7.45,0.));
#20651=CARTESIAN_POINT('',(-11.02,-6.45,0.));
#20652=CARTESIAN_POINT('',(-11.02,-7.45,3.9));
#20653=CARTESIAN_POINT('',(14.28,-7.45,0.));
#20654=CARTESIAN_POINT('',(16.82,-7.45,0.));
#20655=CARTESIAN_POINT('',(16.82,-7.45,3.9));
#20656=CARTESIAN_POINT('',(16.82,-6.45,3.9));
#20657=CARTESIAN_POINT('',(17.82,-6.45,3.9));
#20658=CARTESIAN_POINT('',(17.82,-6.45,0.));
#20659=CARTESIAN_POINT('',(16.82,-6.45,0.));
#20660=CARTESIAN_POINT('',(17.82,-6.45,3.9));
#20661=CARTESIAN_POINT('',(17.82,6.45,3.9));
#20662=CARTESIAN_POINT('',(17.82,6.45,0.));
#20663=CARTESIAN_POINT('',(17.82,-6.45,0.));
#20664=CARTESIAN_POINT('',(16.82,6.45,3.9));
#20665=CARTESIAN_POINT('',(16.82,7.45,3.9));
#20666=CARTESIAN_POINT('',(16.82,7.45,0.));
#20667=CARTESIAN_POINT('',(16.82,6.45,0.));
#20668=CARTESIAN_POINT('',(14.28,7.45,3.9));
#20669=CARTESIAN_POINT('',(-16.92,7.45,3.9));
#20670=CARTESIAN_POINT('',(-16.92,7.45,0.));
#20671=CARTESIAN_POINT('',(14.28,7.45,0.));
#20672=CARTESIAN_POINT('',(-16.92,6.45,3.9));
#20673=CARTESIAN_POINT('',(-17.92,6.45,3.9));
#20674=CARTESIAN_POINT('',(-17.92,6.45,0.));
#20675=CARTESIAN_POINT('',(-16.92,6.45,0.));
#20676=CARTESIAN_POINT('',(-17.92,6.45,3.9));
#20677=CARTESIAN_POINT('',(-17.92,-6.45,0.));
#20678=CARTESIAN_POINT('',(11.035,-6.2,1.8));
#20679=CARTESIAN_POINT('',(16.82,-6.2,3.2921273220755E-32));
#20680=CARTESIAN_POINT('',(9.285,-6.2,3.2921273220755E-32));
#20681=CARTESIAN_POINT('',(11.035,-6.2,3.2921273220755E-32));
#20682=CARTESIAN_POINT('',(9.285,-6.2,1.8));
#20683=CARTESIAN_POINT('',(11.035,-6.2,1.8));
#20684=CARTESIAN_POINT('',(9.285,-6.2,1.8));
#20685=CARTESIAN_POINT('',(9.285,-6.45,3.2921273220755E-32));
#20686=CARTESIAN_POINT('',(9.285,-1.25,3.2921273220755E-32));
#20687=CARTESIAN_POINT('',(9.285,-1.25,1.8));
#20688=CARTESIAN_POINT('',(11.035,-1.25,1.8));
#20689=CARTESIAN_POINT('',(16.82,-1.25,3.2921273220755E-32));
#20690=CARTESIAN_POINT('',(11.035,-1.25,3.2921273220755E-32));
#20691=CARTESIAN_POINT('',(11.035,-1.25,1.8));
#20692=CARTESIAN_POINT('',(11.035,-6.2,1.8));
#20693=CARTESIAN_POINT('',(11.035,-6.45,3.2921273220755E-32));
#20694=CARTESIAN_POINT('',(9.285,6.2,1.8));
#20695=CARTESIAN_POINT('',(9.285,-6.45,3.2921273220755E-32));
#20696=CARTESIAN_POINT('',(9.285,6.2,3.2921273220755E-32));
#20697=CARTESIAN_POINT('',(9.285,1.25,3.2921273220755E-32));
#20698=CARTESIAN_POINT('',(9.285,6.2,1.8));
#20699=CARTESIAN_POINT('',(9.285,1.25,1.8));
#20700=CARTESIAN_POINT('',(11.035,6.2,1.8));
#20701=CARTESIAN_POINT('',(16.82,6.2,3.2921273220755E-32));
#20702=CARTESIAN_POINT('',(11.035,6.2,3.2921273220755E-32));
#20703=CARTESIAN_POINT('',(11.035,6.2,1.8));
#20704=CARTESIAN_POINT('',(11.035,6.2,1.8));
#20705=CARTESIAN_POINT('',(11.035,-6.45,3.2921273220755E-32));
#20706=CARTESIAN_POINT('',(11.035,1.25,3.2921273220755E-32));
#20707=CARTESIAN_POINT('',(11.035,1.25,1.8));
#20708=CARTESIAN_POINT('',(11.035,1.25,1.8));
#20709=CARTESIAN_POINT('',(16.82,1.25,3.2921273220755E-32));
#20710=CARTESIAN_POINT('',(8.495,-6.2,1.8));
#20711=CARTESIAN_POINT('',(16.82,-6.2,3.2921273220755E-32));
#20712=CARTESIAN_POINT('',(6.745,-6.2,3.2921273220755E-32));
#20713=CARTESIAN_POINT('',(8.495,-6.2,3.2921273220755E-32));
#20714=CARTESIAN_POINT('',(6.745,-6.2,1.8));
#20715=CARTESIAN_POINT('',(8.495,-6.2,1.8));
#20716=CARTESIAN_POINT('',(6.745,-6.2,1.8));
#20717=CARTESIAN_POINT('',(6.745,-6.45,3.2921273220755E-32));
#20718=CARTESIAN_POINT('',(6.745,-1.25,3.2921273220755E-32));
#20719=CARTESIAN_POINT('',(6.745,-1.25,1.8));
#20720=CARTESIAN_POINT('',(8.495,-1.25,1.8));
#20721=CARTESIAN_POINT('',(16.82,-1.25,3.2921273220755E-32));
#20722=CARTESIAN_POINT('',(8.495,-1.25,3.2921273220755E-32));
#20723=CARTESIAN_POINT('',(8.495,-1.25,1.8));
#20724=CARTESIAN_POINT('',(8.495,-6.2,1.8));
#20725=CARTESIAN_POINT('',(8.495,-6.45,3.2921273220755E-32));
#20726=CARTESIAN_POINT('',(6.745,6.2,1.8));
#20727=CARTESIAN_POINT('',(6.745,-6.45,3.2921273220755E-32));
#20728=CARTESIAN_POINT('',(6.745,6.2,3.2921273220755E-32));
#20729=CARTESIAN_POINT('',(6.745,1.25,3.2921273220755E-32));
#20730=CARTESIAN_POINT('',(6.745,6.2,1.8));
#20731=CARTESIAN_POINT('',(6.745,1.25,1.8));
#20732=CARTESIAN_POINT('',(8.495,6.2,1.8));
#20733=CARTESIAN_POINT('',(16.82,6.2,3.2921273220755E-32));
#20734=CARTESIAN_POINT('',(8.495,6.2,3.2921273220755E-32));
#20735=CARTESIAN_POINT('',(8.495,6.2,1.8));
#20736=CARTESIAN_POINT('',(8.495,6.2,1.8));
#20737=CARTESIAN_POINT('',(8.495,-6.45,3.2921273220755E-32));
#20738=CARTESIAN_POINT('',(8.495,1.25,3.2921273220755E-32));
#20739=CARTESIAN_POINT('',(8.495,1.25,1.8));
#20740=CARTESIAN_POINT('',(8.495,1.25,1.8));
#20741=CARTESIAN_POINT('',(16.82,1.25,3.2921273220755E-32));
#20742=CARTESIAN_POINT('',(5.955,-6.2,1.8));
#20743=CARTESIAN_POINT('',(16.82,-6.2,3.2921273220755E-32));
#20744=CARTESIAN_POINT('',(4.205,-6.2,3.2921273220755E-32));
#20745=CARTESIAN_POINT('',(5.955,-6.2,3.2921273220755E-32));
#20746=CARTESIAN_POINT('',(4.205,-6.2,1.8));
#20747=CARTESIAN_POINT('',(5.955,-6.2,1.8));
#20748=CARTESIAN_POINT('',(4.205,-6.2,1.8));
#20749=CARTESIAN_POINT('',(4.205,-6.45,3.2921273220755E-32));
#20750=CARTESIAN_POINT('',(4.205,-1.25,3.2921273220755E-32));
#20751=CARTESIAN_POINT('',(4.205,-1.25,1.8));
#20752=CARTESIAN_POINT('',(7.955,-1.25,1.8));
#20753=CARTESIAN_POINT('',(18.82,-1.25,3.2921273220755E-32));
#20754=CARTESIAN_POINT('',(5.955,-1.25,3.2921273220755E-32));
#20755=CARTESIAN_POINT('',(5.955,-1.25,1.8));
#20756=CARTESIAN_POINT('',(5.955,-6.2,1.8));
#20757=CARTESIAN_POINT('',(5.955,-6.45,3.2921273220755E-32));
#20758=CARTESIAN_POINT('',(4.205,6.2,1.8));
#20759=CARTESIAN_POINT('',(4.205,-6.45,3.2921273220755E-32));
#20760=CARTESIAN_POINT('',(4.205,6.2,3.2921273220755E-32));
#20761=CARTESIAN_POINT('',(4.205,1.25,3.2921273220755E-32));
#20762=CARTESIAN_POINT('',(4.205,6.2,1.8));
#20763=CARTESIAN_POINT('',(4.205,1.25,1.8));
#20764=CARTESIAN_POINT('',(5.955,6.2,1.8));
#20765=CARTESIAN_POINT('',(16.82,6.2,3.2921273220755E-32));
#20766=CARTESIAN_POINT('',(5.955,6.2,3.2921273220755E-32));
#20767=CARTESIAN_POINT('',(5.955,6.2,1.8));
#20768=CARTESIAN_POINT('',(5.955,6.2,1.8));
#20769=CARTESIAN_POINT('',(5.955,-6.45,3.2921273220755E-32));
#20770=CARTESIAN_POINT('',(5.955,1.25,3.2921273220755E-32));
#20771=CARTESIAN_POINT('',(5.955,1.25,1.8));
#20772=CARTESIAN_POINT('',(7.955,1.25,1.8));
#20773=CARTESIAN_POINT('',(18.82,1.25,3.2921273220755E-32));
#20774=CARTESIAN_POINT('',(3.415,-6.2,1.8));
#20775=CARTESIAN_POINT('',(16.82,-6.2,3.2921273220755E-32));
#20776=CARTESIAN_POINT('',(1.665,-6.2,3.2921273220755E-32));
#20777=CARTESIAN_POINT('',(3.415,-6.2,3.2921273220755E-32));
#20778=CARTESIAN_POINT('',(1.665,-6.2,1.8));
#20779=CARTESIAN_POINT('',(3.415,-6.2,1.8));
#20780=CARTESIAN_POINT('',(1.665,-6.2,1.8));
#20781=CARTESIAN_POINT('',(1.665,-6.45,3.2921273220755E-32));
#20782=CARTESIAN_POINT('',(1.665,-1.25,3.2921273220755E-32));
#20783=CARTESIAN_POINT('',(1.665,-1.25,1.8));
#20784=CARTESIAN_POINT('',(5.415,-1.25,1.8));
#20785=CARTESIAN_POINT('',(18.82,-1.25,3.2921273220755E-32));
#20786=CARTESIAN_POINT('',(3.415,-1.25,3.2921273220755E-32));
#20787=CARTESIAN_POINT('',(3.415,-1.25,1.8));
#20788=CARTESIAN_POINT('',(3.415,-6.2,1.8));
#20789=CARTESIAN_POINT('',(3.415,-6.45,3.2921273220755E-32));
#20790=CARTESIAN_POINT('',(1.665,6.2,1.8));
#20791=CARTESIAN_POINT('',(1.665,-6.45,3.2921273220755E-32));
#20792=CARTESIAN_POINT('',(1.665,6.2,3.2921273220755E-32));
#20793=CARTESIAN_POINT('',(1.665,1.25,3.2921273220755E-32));
#20794=CARTESIAN_POINT('',(1.665,6.2,1.8));
#20795=CARTESIAN_POINT('',(1.665,1.25,1.8));
#20796=CARTESIAN_POINT('',(3.415,6.2,1.8));
#20797=CARTESIAN_POINT('',(16.82,6.2,3.2921273220755E-32));
#20798=CARTESIAN_POINT('',(3.415,6.2,3.2921273220755E-32));
#20799=CARTESIAN_POINT('',(3.415,6.2,1.8));
#20800=CARTESIAN_POINT('',(3.415,6.2,1.8));
#20801=CARTESIAN_POINT('',(3.415,-6.45,3.2921273220755E-32));
#20802=CARTESIAN_POINT('',(3.415,1.25,3.2921273220755E-32));
#20803=CARTESIAN_POINT('',(3.415,1.25,1.8));
#20804=CARTESIAN_POINT('',(5.415,1.25,1.8));
#20805=CARTESIAN_POINT('',(18.82,1.25,3.2921273220755E-32));
#20806=CARTESIAN_POINT('',(0.875,-6.2,1.8));
#20807=CARTESIAN_POINT('',(16.82,-6.2,3.2921273220755E-32));
#20808=CARTESIAN_POINT('',(-0.874999999999999,-6.2,3.2921273220755E-32));
#20809=CARTESIAN_POINT('',(0.874999999999999,-6.2,3.2921273220755E-32));
#20810=CARTESIAN_POINT('',(-0.874999999999999,-6.2,1.8));
#20811=CARTESIAN_POINT('',(0.875,-6.2,1.8));
#20812=CARTESIAN_POINT('',(-0.874999999999999,-6.2,1.8));
#20813=CARTESIAN_POINT('',(-0.874999999999999,-6.45,3.2921273220755E-32));
#20814=CARTESIAN_POINT('',(-0.874999999999999,-1.25,3.2921273220755E-32));
#20815=CARTESIAN_POINT('',(-0.874999999999999,-1.25,1.8));
#20816=CARTESIAN_POINT('',(2.875,-1.25,1.8));
#20817=CARTESIAN_POINT('',(18.82,-1.25,3.2921273220755E-32));
#20818=CARTESIAN_POINT('',(0.874999999999999,-1.25,3.2921273220755E-32));
#20819=CARTESIAN_POINT('',(0.875,-1.25,1.8));
#20820=CARTESIAN_POINT('',(0.875,-6.2,1.8));
#20821=CARTESIAN_POINT('',(0.874999999999999,-6.45,3.2921273220755E-32));
#20822=CARTESIAN_POINT('',(-0.874999999999999,6.2,1.8));
#20823=CARTESIAN_POINT('',(-0.874999999999999,-6.45,3.2921273220755E-32));
#20824=CARTESIAN_POINT('',(-0.874999999999999,6.2,3.2921273220755E-32));
#20825=CARTESIAN_POINT('',(-0.874999999999999,1.25,3.2921273220755E-32));
#20826=CARTESIAN_POINT('',(-0.874999999999999,6.2,1.8));
#20827=CARTESIAN_POINT('',(-0.874999999999999,1.25,1.8));
#20828=CARTESIAN_POINT('',(0.875,6.2,1.8));
#20829=CARTESIAN_POINT('',(16.82,6.2,3.2921273220755E-32));
#20830=CARTESIAN_POINT('',(0.874999999999999,6.2,3.2921273220755E-32));
#20831=CARTESIAN_POINT('',(0.875,6.2,1.8));
#20832=CARTESIAN_POINT('',(0.875,6.2,1.8));
#20833=CARTESIAN_POINT('',(0.874999999999999,-6.45,3.2921273220755E-32));
#20834=CARTESIAN_POINT('',(0.874999999999999,1.25,3.2921273220755E-32));
#20835=CARTESIAN_POINT('',(0.875,1.25,1.8));
#20836=CARTESIAN_POINT('',(2.875,1.25,1.8));
#20837=CARTESIAN_POINT('',(18.82,1.25,3.2921273220755E-32));
#20838=CARTESIAN_POINT('',(-1.665,-6.2,1.8));
#20839=CARTESIAN_POINT('',(16.82,-6.2,3.2921273220755E-32));
#20840=CARTESIAN_POINT('',(-3.415,-6.2,3.2921273220755E-32));
#20841=CARTESIAN_POINT('',(-1.665,-6.2,3.2921273220755E-32));
#20842=CARTESIAN_POINT('',(-3.415,-6.2,1.8));
#20843=CARTESIAN_POINT('',(-1.665,-6.2,1.8));
#20844=CARTESIAN_POINT('',(-3.415,-6.2,1.8));
#20845=CARTESIAN_POINT('',(-3.415,-6.45,3.2921273220755E-32));
#20846=CARTESIAN_POINT('',(-3.415,-1.25,3.2921273220755E-32));
#20847=CARTESIAN_POINT('',(-3.415,-1.25,1.8));
#20848=CARTESIAN_POINT('',(0.334999999999999,-1.25,1.8));
#20849=CARTESIAN_POINT('',(18.82,-1.25,3.2921273220755E-32));
#20850=CARTESIAN_POINT('',(-1.665,-1.25,3.2921273220755E-32));
#20851=CARTESIAN_POINT('',(-1.665,-1.25,1.8));
#20852=CARTESIAN_POINT('',(-1.665,-6.2,1.8));
#20853=CARTESIAN_POINT('',(-1.665,-6.45,3.2921273220755E-32));
#20854=CARTESIAN_POINT('',(-3.415,6.2,1.8));
#20855=CARTESIAN_POINT('',(-3.415,-6.45,3.2921273220755E-32));
#20856=CARTESIAN_POINT('',(-3.415,6.2,3.2921273220755E-32));
#20857=CARTESIAN_POINT('',(-3.415,1.25,3.2921273220755E-32));
#20858=CARTESIAN_POINT('',(-3.415,6.2,1.8));
#20859=CARTESIAN_POINT('',(-3.415,1.25,1.8));
#20860=CARTESIAN_POINT('',(-1.665,6.2,1.8));
#20861=CARTESIAN_POINT('',(16.82,6.2,3.2921273220755E-32));
#20862=CARTESIAN_POINT('',(-1.665,6.2,3.2921273220755E-32));
#20863=CARTESIAN_POINT('',(-1.665,6.2,1.8));
#20864=CARTESIAN_POINT('',(-1.665,6.2,1.8));
#20865=CARTESIAN_POINT('',(-1.665,-6.45,3.2921273220755E-32));
#20866=CARTESIAN_POINT('',(-1.665,1.25,3.2921273220755E-32));
#20867=CARTESIAN_POINT('',(-1.665,1.25,1.8));
#20868=CARTESIAN_POINT('',(0.334999999999999,1.25,1.8));
#20869=CARTESIAN_POINT('',(18.82,1.25,3.2921273220755E-32));
#20870=CARTESIAN_POINT('',(-15.67,-5.3776427755281E-14,3.9));
#20871=CARTESIAN_POINT('',(-15.67,-5.3776427755281E-14,0.));
#20872=CARTESIAN_POINT('',(-15.67,-0.800000000000054,0.));
#20873=CARTESIAN_POINT('',(15.57,0.,3.9));
#20874=CARTESIAN_POINT('',(15.57,0.,0.));
#20875=CARTESIAN_POINT('',(15.57,0.8,0.));
#20876=CARTESIAN_POINT('',(-15.67,5.,-0.8));
#20877=CARTESIAN_POINT('',(-15.67,5.,0.));
#20878=CARTESIAN_POINT('',(-15.67,5.7,0.));
#20879=CARTESIAN_POINT('',(-15.67,-3.5,-0.8));
#20880=CARTESIAN_POINT('',(-15.67,-3.5,0.));
#20881=CARTESIAN_POINT('',(-15.67,-2.8,0.));
#20882=CARTESIAN_POINT('',(-6.745,-6.2,1.8));
#20883=CARTESIAN_POINT('',(-6.745,-6.2,0.));
#20884=CARTESIAN_POINT('',(-6.745,-1.25,0.));
#20885=CARTESIAN_POINT('',(-6.745,-6.2,0.));
#20886=CARTESIAN_POINT('',(-6.745,-6.2,1.8));
#20887=CARTESIAN_POINT('',(-6.745,-1.25,1.8));
#20888=CARTESIAN_POINT('',(-6.745,-6.2,1.8));
#20889=CARTESIAN_POINT('',(-6.745,-6.2,0.));
#20890=CARTESIAN_POINT('',(-8.495,-6.2,0.));
#20891=CARTESIAN_POINT('',(-8.495,-6.2,1.8));
#20892=CARTESIAN_POINT('',(-8.495,-6.2,1.8));
#20893=CARTESIAN_POINT('',(-8.495,-6.2,0.));
#20894=CARTESIAN_POINT('',(-8.495,-1.25,0.));
#20895=CARTESIAN_POINT('',(-8.495,-1.25,1.8));
#20896=CARTESIAN_POINT('',(-6.745,-1.25,1.8));
#20897=CARTESIAN_POINT('',(-6.745,-1.25,0.));
#20898=CARTESIAN_POINT('',(-8.495,6.2,1.8));
#20899=CARTESIAN_POINT('',(-8.495,6.2,0.));
#20900=CARTESIAN_POINT('',(-8.495,1.25,0.));
#20901=CARTESIAN_POINT('',(-8.495,6.2,0.));
#20902=CARTESIAN_POINT('',(-8.495,6.2,1.8));
#20903=CARTESIAN_POINT('',(-8.495,1.25,1.8));
#20904=CARTESIAN_POINT('',(-6.745,6.2,1.8));
#20905=CARTESIAN_POINT('',(-6.745,6.2,0.));
#20906=CARTESIAN_POINT('',(-6.745,6.2,0.));
#20907=CARTESIAN_POINT('',(-6.745,6.2,1.8));
#20908=CARTESIAN_POINT('',(-6.745,6.2,1.8));
#20909=CARTESIAN_POINT('',(-6.745,6.2,0.));
#20910=CARTESIAN_POINT('',(-6.745,1.25,0.));
#20911=CARTESIAN_POINT('',(-6.745,1.25,1.8));
#20912=CARTESIAN_POINT('',(-6.745,1.25,1.8));
#20913=CARTESIAN_POINT('',(-6.745,1.25,0.));
#20914=CARTESIAN_POINT('',(15.57,5.,-0.8));
#20915=CARTESIAN_POINT('',(15.57,5.,0.));
#20916=CARTESIAN_POINT('',(16.27,5.,0.));
#20917=CARTESIAN_POINT('',(15.57,-5.,-0.8));
#20918=CARTESIAN_POINT('',(15.57,-5.,0.));
#20919=CARTESIAN_POINT('',(16.27,-5.,0.));
#20920=CARTESIAN_POINT('',(-5.955,6.2,1.8));
#20921=CARTESIAN_POINT('',(-5.955,-6.45,0.));
#20922=CARTESIAN_POINT('',(-5.955,6.2,0.));
#20923=CARTESIAN_POINT('',(-5.955,1.25,0.));
#20924=CARTESIAN_POINT('',(-5.955,6.2,1.8));
#20925=CARTESIAN_POINT('',(-5.955,1.25,1.8));
#20926=CARTESIAN_POINT('',(-4.205,6.2,1.8));
#20927=CARTESIAN_POINT('',(14.28,6.2,0.));
#20928=CARTESIAN_POINT('',(-4.205,6.2,0.));
#20929=CARTESIAN_POINT('',(-4.205,6.2,1.8));
#20930=CARTESIAN_POINT('',(-4.205,6.2,1.8));
#20931=CARTESIAN_POINT('',(-4.205,-6.45,0.));
#20932=CARTESIAN_POINT('',(-4.205,1.25,0.));
#20933=CARTESIAN_POINT('',(-4.205,1.25,1.8));
#20934=CARTESIAN_POINT('',(-2.205,1.25,1.8));
#20935=CARTESIAN_POINT('',(16.28,1.25,0.));
#20936=CARTESIAN_POINT('',(14.28,-6.45,0.));
#20937=CARTESIAN_POINT('',(-8.37,-2.075,-0.801));
#20938=CARTESIAN_POINT('',(-8.37,-5.375,-0.801));
#20939=CARTESIAN_POINT('',(-8.37,-5.375,1.9));
#20940=CARTESIAN_POINT('',(-8.37,-2.075,-0.801));
#20941=CARTESIAN_POINT('',(-8.37,-2.075,1.9));
#20942=CARTESIAN_POINT('',(-8.37,-2.075,1.9));
#20943=CARTESIAN_POINT('',(-6.87,-5.375,-0.801));
#20944=CARTESIAN_POINT('',(-6.87,-5.375,-0.801));
#20945=CARTESIAN_POINT('',(-6.87,-5.375,1.9));
#20946=CARTESIAN_POINT('',(-6.87,-5.375,1.9));
#20947=CARTESIAN_POINT('',(-6.87,-2.075,-0.801));
#20948=CARTESIAN_POINT('',(-6.87,-2.075,-0.801));
#20949=CARTESIAN_POINT('',(-6.87,-2.075,1.9));
#20950=CARTESIAN_POINT('',(-6.87,-2.075,1.9));
#20951=CARTESIAN_POINT('',(-6.87,-2.075,-0.801));
#20952=CARTESIAN_POINT('',(-6.87,-2.075,1.9));
#20953=CARTESIAN_POINT('',(11.7944308781942,3.72500000000001,1.9));
#20954=CARTESIAN_POINT('',(12.0028276610363,-5.58782766103629,3.59725559394141));
#20955=CARTESIAN_POINT('',(11.879247752164,-1.98575224783596,2.59077800454827));
#20956=CARTESIAN_POINT('',(9.5,-5.625,3.9));
#20957=CARTESIAN_POINT('',(1.57,-5.625,3.9));
#20958=CARTESIAN_POINT('',(1.57,-5.60044308781942,3.7));
#20959=CARTESIAN_POINT('',(9.5,-5.60044308781942,3.7));
#20960=CARTESIAN_POINT('',(0.97,-5.60044308781942,3.7));
#20961=CARTESIAN_POINT('',(0.97,-5.625,3.9));
#20962=CARTESIAN_POINT('',(0.97,-5.3794308781942,1.9));
#20963=CARTESIAN_POINT('',(9.5,-5.3794308781942,1.9));
#20964=CARTESIAN_POINT('',(-9.25443087819416,-5.3794308781942,1.9));
#20965=CARTESIAN_POINT('',(-9.12118954328237,-5.2461895432824,0.814836409952598));
#20966=CARTESIAN_POINT('',(-9.25443087819416,3.72500000000001,1.9));
#20967=CARTESIAN_POINT('',(-9.22193919672809,-2.10306080327188,1.63537649011291));
#20968=CARTESIAN_POINT('',(-9.25443087819416,-2.07056912180582,1.9));
#20969=CARTESIAN_POINT('',(-9.25443087819416,3.72500000000001,1.9));
#20970=CARTESIAN_POINT('',(9.5,-1.825,3.9));
#20971=CARTESIAN_POINT('',(9.5,-1.84955691218058,3.7));
#20972=CARTESIAN_POINT('',(0.97,-1.84955691218058,3.7));
#20973=CARTESIAN_POINT('',(1.57,-1.84955691218058,3.7));
#20974=CARTESIAN_POINT('',(1.57,-1.825,3.9));
#20975=CARTESIAN_POINT('',(9.5,-2.07056912180582,1.9));
#20976=CARTESIAN_POINT('',(0.97,-2.07056912180582,1.9));
#20977=CARTESIAN_POINT('',(0.97,-1.825,3.9));
#20978=CARTESIAN_POINT('',(-1.79,-2.075,-0.801));
#20979=CARTESIAN_POINT('',(-1.79,-2.075,-0.801));
#20980=CARTESIAN_POINT('',(-1.79,-2.075,1.9));
#20981=CARTESIAN_POINT('',(-1.79,-5.375,-0.801));
#20982=CARTESIAN_POINT('',(-1.79,-5.375,1.9));
#20983=CARTESIAN_POINT('',(-1.79,3.11060286983428E-16,1.9));
#20984=CARTESIAN_POINT('',(-1.79,-2.075,-0.801));
#20985=CARTESIAN_POINT('',(-3.29,-2.075,-0.801));
#20986=CARTESIAN_POINT('',(-3.29,-2.075,1.9));
#20987=CARTESIAN_POINT('',(1.22,-2.075,1.9));
#20988=CARTESIAN_POINT('',(-3.29,-2.075,-0.801));
#20989=CARTESIAN_POINT('',(-3.29,-5.375,-0.801));
#20990=CARTESIAN_POINT('',(-3.29,-5.375,1.9));
#20991=CARTESIAN_POINT('',(-3.29,3.11060286983428E-16,1.9));
#20992=CARTESIAN_POINT('',(-1.79,-5.375,-0.801));
#20993=CARTESIAN_POINT('',(1.22,-5.375,1.9));
#20994=CARTESIAN_POINT('',(0.75,-2.075,-0.801));
#20995=CARTESIAN_POINT('',(0.75,-2.075,-0.801));
#20996=CARTESIAN_POINT('',(0.75,-2.075,1.9));
#20997=CARTESIAN_POINT('',(0.75,-5.375,-0.801));
#20998=CARTESIAN_POINT('',(0.75,-5.375,1.9));
#20999=CARTESIAN_POINT('',(0.75,3.11060286983428E-16,1.9));
#21000=CARTESIAN_POINT('',(0.75,-2.075,-0.801));
#21001=CARTESIAN_POINT('',(-0.749999999999999,-2.075,-0.801));
#21002=CARTESIAN_POINT('',(-0.749999999999999,-2.075,1.9));
#21003=CARTESIAN_POINT('',(1.22,-2.075,1.9));
#21004=CARTESIAN_POINT('',(-0.749999999999999,-2.075,-0.801));
#21005=CARTESIAN_POINT('',(-0.749999999999999,-5.375,-0.801));
#21006=CARTESIAN_POINT('',(-0.749999999999999,-5.375,1.9));
#21007=CARTESIAN_POINT('',(-0.749999999999999,3.11060286983428E-16,1.9));
#21008=CARTESIAN_POINT('',(0.75,-5.375,-0.801));
#21009=CARTESIAN_POINT('',(1.22,-5.375,1.9));
#21010=CARTESIAN_POINT('',(3.29,-2.075,-0.801));
#21011=CARTESIAN_POINT('',(3.29,-2.075,-0.801));
#21012=CARTESIAN_POINT('',(3.29,-5.375,-0.801));
#21013=CARTESIAN_POINT('',(3.29,-2.075,-0.801));
#21014=CARTESIAN_POINT('',(1.79,-2.075,-0.801));
#21015=CARTESIAN_POINT('',(1.79,-2.075,-0.801));
#21016=CARTESIAN_POINT('',(1.79,-5.375,-0.801));
#21017=CARTESIAN_POINT('',(3.29,-5.375,-0.801));
#21018=CARTESIAN_POINT('',(5.83,-2.075,-0.801));
#21019=CARTESIAN_POINT('',(5.83,-2.075,-0.801));
#21020=CARTESIAN_POINT('',(5.83,-5.375,-0.801));
#21021=CARTESIAN_POINT('',(5.83,-2.075,-0.801));
#21022=CARTESIAN_POINT('',(4.33,-2.075,-0.801));
#21023=CARTESIAN_POINT('',(4.33,-2.075,-0.801));
#21024=CARTESIAN_POINT('',(4.33,-5.375,-0.801));
#21025=CARTESIAN_POINT('',(5.83,-5.375,-0.801));
#21026=CARTESIAN_POINT('',(8.37,-2.075,-0.801));
#21027=CARTESIAN_POINT('',(8.37,-2.075,-0.801));
#21028=CARTESIAN_POINT('',(8.37,-5.375,-0.801));
#21029=CARTESIAN_POINT('',(8.37,-2.075,-0.801));
#21030=CARTESIAN_POINT('',(6.87,-2.075,-0.801));
#21031=CARTESIAN_POINT('',(6.87,-2.075,-0.801));
#21032=CARTESIAN_POINT('',(6.87,-5.375,-0.801));
#21033=CARTESIAN_POINT('',(8.37,-5.375,-0.801));
#21034=CARTESIAN_POINT('',(10.91,-2.075,-0.801));
#21035=CARTESIAN_POINT('',(10.91,-2.075,-0.801));
#21036=CARTESIAN_POINT('',(10.91,-5.375,-0.801));
#21037=CARTESIAN_POINT('',(10.91,-2.075,-0.801));
#21038=CARTESIAN_POINT('',(9.41,-2.075,-0.801));
#21039=CARTESIAN_POINT('',(9.41,-2.075,-0.801));
#21040=CARTESIAN_POINT('',(9.41,-5.375,-0.801));
#21041=CARTESIAN_POINT('',(10.91,-5.375,-0.801));
#21042=CARTESIAN_POINT('',(-1.32,0.,1.9));
#21043=CARTESIAN_POINT('',(0.97,-1.42690975574242E-16,1.9));
#21044=CARTESIAN_POINT('',(0.970000000000001,6.55,3.8));
#21045=CARTESIAN_POINT('',(0.970000000000001,6.55,3.7));
#21046=CARTESIAN_POINT('',(1.57,6.55,1.8));
#21047=CARTESIAN_POINT('',(1.57,6.55,3.7));
#21048=CARTESIAN_POINT('',(1.57,6.55,3.7));
#21049=CARTESIAN_POINT('',(0.970000000000001,6.55,3.8));
#21050=CARTESIAN_POINT('',(0.970000000000001,6.55,3.7));
#21051=CARTESIAN_POINT('',(1.57,6.55,3.7));
#21052=CARTESIAN_POINT('',(1.57,6.55,3.7));
#21053=CARTESIAN_POINT('',(1.57,6.55,1.8));
#21054=CARTESIAN_POINT('',(-1.27,0.,7.7));
#21055=CARTESIAN_POINT('',(-6.25,14.,0.));
#21056=CARTESIAN_POINT('',(-6.25,14.,0.));
#21057=CARTESIAN_POINT('',(-6.25,14.,-0.8));
#21058=CARTESIAN_POINT('',(-6.25,14.,0.));
#21059=CARTESIAN_POINT('',(-6.25,1.2,0.));
#21060=CARTESIAN_POINT('',(-6.25,1.2,-0.8));
#21061=CARTESIAN_POINT('',(2.9642135623731,0.,0.));
#21062=CARTESIAN_POINT('',(6.15,0.,0.));
#21063=CARTESIAN_POINT('',(6.15,0.,-0.8));
#21064=CARTESIAN_POINT('',(2.9642135623731,8.67361737988404E-16,0.));
#21065=CARTESIAN_POINT('',(2.9642135623731,8.67361737988404E-16,-0.8));
#21066=CARTESIAN_POINT('',(2.9642135623731,1.,0.));
#21067=CARTESIAN_POINT('',(2.25710678118655,0.29289321881345,0.));
#21068=CARTESIAN_POINT('',(2.25710678118655,0.29289321881345,-0.8));
#21069=CARTESIAN_POINT('',(2.04289321881346,0.507106781186549,0.));
#21070=CARTESIAN_POINT('',(2.04289321881345,0.50710678118655,0.));
#21071=CARTESIAN_POINT('',(2.04289321881345,0.50710678118655,-0.8));
#21072=CARTESIAN_POINT('',(1.33578643762691,-0.2,0.));
#21073=CARTESIAN_POINT('',(1.33578643762691,0.8,0.));
#21074=CARTESIAN_POINT('',(1.33578643762691,0.8,-0.8));
#21075=CARTESIAN_POINT('',(-1.3357864376269,0.8,0.));
#21076=CARTESIAN_POINT('',(-1.3357864376269,0.8,0.));
#21077=CARTESIAN_POINT('',(-1.3357864376269,0.8,-0.8));
#21078=CARTESIAN_POINT('',(-1.3357864376269,-0.2,0.));
#21079=CARTESIAN_POINT('',(-2.04289321881345,0.507106781186546,0.));
#21080=CARTESIAN_POINT('',(-2.04289321881345,0.507106781186546,-0.8));
#21081=CARTESIAN_POINT('',(-2.25710678118654,0.292893218813454,0.));
#21082=CARTESIAN_POINT('',(-2.25710678118654,0.292893218813454,0.));
#21083=CARTESIAN_POINT('',(-2.25710678118654,0.292893218813454,-0.8));
#21084=CARTESIAN_POINT('',(-2.96421356237309,1.,0.));
#21085=CARTESIAN_POINT('',(-2.96421356237309,0.,0.));
#21086=CARTESIAN_POINT('',(-2.96421356237309,0.,-0.8));
#21087=CARTESIAN_POINT('',(-5.05,0.,0.));
#21088=CARTESIAN_POINT('',(-5.05,8.67361737988404E-16,0.));
#21089=CARTESIAN_POINT('',(-5.05,8.67361737988404E-16,-0.8));
#21090=CARTESIAN_POINT('',(-5.05,1.2,0.));
#21091=CARTESIAN_POINT('',(6.25,0.,0.));
#21092=CARTESIAN_POINT('',(6.25,0.,0.));
#21093=CARTESIAN_POINT('',(6.25,0.7,0.));
#21094=CARTESIAN_POINT('',(6.25,0.,0.));
#21095=CARTESIAN_POINT('',(0.,0.,0.));
#21096=CARTESIAN_POINT('',(-6.25,13.85,0.));
#21097=CARTESIAN_POINT('',(-6.25,15.6192307692308,0.));
#21098=CARTESIAN_POINT('',(-6.25,15.6192307692308,-1.46963345267012));
#21099=CARTESIAN_POINT('',(-6.25,13.85,0.));
#21100=CARTESIAN_POINT('',(-6.25,13.85,-2.3));
#21101=CARTESIAN_POINT('',(-6.25,15.85,0.));
#21102=CARTESIAN_POINT('',(-6.25,15.85,0.));
#21103=CARTESIAN_POINT('',(-6.25,15.85,0.830662386291809));
#21104=CARTESIAN_POINT('',(-6.25,14.,0.));
#21105=CARTESIAN_POINT('',(-6.25,14.,0.));
#21106=CARTESIAN_POINT('',(-6.25,14.,-0.699999999999992));
#21107=CARTESIAN_POINT('',(-6.25,14.,0.));
#21108=CARTESIAN_POINT('',(-6.25,13.9,0.));
#21109=CARTESIAN_POINT('',(-6.25,13.9,-0.8));
#21110=CARTESIAN_POINT('',(-6.25,14.,0.));
#21111=CARTESIAN_POINT('',(-6.25,8.29361413471522,0.));
#21112=CARTESIAN_POINT('',(-6.25,8.29361413471522,-0.8));
#21113=CARTESIAN_POINT('',(-6.25,10.45,0.));
#21114=CARTESIAN_POINT('',(-6.25,10.45,0.));
#21115=CARTESIAN_POINT('',(-6.25,10.45,-2.3));
#21116=CARTESIAN_POINT('',(-6.25,14.,0.));
#21117=CARTESIAN_POINT('',(-6.25,14.85,0.));
#21118=CARTESIAN_POINT('',(0.,0.,0.));
#21119=CARTESIAN_POINT('',(-14.14,0.,5.2));
#21120=CARTESIAN_POINT('',(1.4,-2.4,0.278007840189032));
#21121=CARTESIAN_POINT('',(-0.50903604892031,-2.4,1.44635174000055));
#21122=CARTESIAN_POINT('',(-0.59407995138394,-2.4,5.53228113137765));
#21123=CARTESIAN_POINT('',(-0.640320883146017,-2.4,7.75392403225622));
#21124=CARTESIAN_POINT('',(1.2435812996617,-2.4,7.79313528094393));
#21125=CARTESIAN_POINT('',(-0.84027757560083,-2.4,7.74976216458275));
#21126=CARTESIAN_POINT('',(-0.708992741375122,-2.4,1.44218987232708));
#21127=CARTESIAN_POINT('',(-0.793997890092355,-2.4,5.52625734219252));
#21128=CARTESIAN_POINT('',(1.24001669929941,-2.4,5.58754486428853));
#21129=CARTESIAN_POINT('',(1.4,2.4,0.278007840189032));
#21130=CARTESIAN_POINT('',(-0.708992741375122,2.4,1.44218987232708));
#21131=CARTESIAN_POINT('',(-0.840277575600829,2.4,7.74976216458274));
#21132=CARTESIAN_POINT('',(-0.793997890092355,2.4,5.52625734219252));
#21133=CARTESIAN_POINT('',(-0.640320883146018,2.4,7.75392403225622));
#21134=CARTESIAN_POINT('',(-0.640320883146017,2.4,7.75392403225622));
#21135=CARTESIAN_POINT('',(-0.50903604892031,2.4,1.44635174000055));
#21136=CARTESIAN_POINT('',(-0.59407995138394,2.4,5.53228113137765));
#21137=CARTESIAN_POINT('',(-0.797720849996434,2.4,5.52614516453727));
#21138=CARTESIAN_POINT('',(1.4,-2.4,0.278007840189032));
#21139=CARTESIAN_POINT('',(0.4,-2.4,0.278007840189032));
#21140=CARTESIAN_POINT('',(0.4,-0.451271344983621,0.278007840189032));
#21141=CARTESIAN_POINT('',(0.4,0.45127134498362,0.278007840189032));
#21142=CARTESIAN_POINT('',(0.4,0.45127134498362,0.278007840189032));
#21143=CARTESIAN_POINT('',(0.4,0.458785620593191,0.411223390171499));
#21144=CARTESIAN_POINT('',(0.427426569647168,0.499783705107618,0.537772806807325));
#21145=CARTESIAN_POINT('',(0.46991233000207,0.565890392631675,0.645345458896703));
#21146=CARTESIAN_POINT('',(0.46991233000207,0.565890392631675,0.645345458896703));
#21147=CARTESIAN_POINT('',(0.46991233000207,-2.4,0.645345458896703));
#21148=CARTESIAN_POINT('',(0.46991233000207,-0.565890392631676,0.645345458896703));
#21149=CARTESIAN_POINT('',(0.46991233000207,-0.565890392631676,0.645345458896703));
#21150=CARTESIAN_POINT('',(0.427464738097485,-0.499843094178152,0.537869448161802));
#21151=CARTESIAN_POINT('',(0.4,-0.458780843489468,0.411138700105022));
#21152=CARTESIAN_POINT('',(0.4,-0.451271344983629,0.27800784018903));
#21153=CARTESIAN_POINT('',(0.46991233000207,-2.4,0.645345458896703));
#21154=CARTESIAN_POINT('',(0.648472973624435,-2.4,1.09745557373964));
#21155=CARTESIAN_POINT('',(0.648472973624435,-0.851627381407174,1.09745557373964));
#21156=CARTESIAN_POINT('',(0.648472973624435,0.851627381407174,1.09745557373964));
#21157=CARTESIAN_POINT('',(0.755211826557258,-0.1,1.36771510057984));
#21158=CARTESIAN_POINT('',(0.576355931434816,-0.755178804524811,0.914857417925211));
#21159=CARTESIAN_POINT('',(0.780130514480277,-1.12164625207591,1.4308084599566));
#21160=CARTESIAN_POINT('',(0.48718892590509,-0.594821195475189,0.689089273879409));
#21161=CARTESIAN_POINT('',(0.308333030782649,-1.25,0.236231591224779));
#21162=CARTESIAN_POINT('',(0.308333030782649,1.25,0.23623159122478));
#21163=CARTESIAN_POINT('',(0.487188925905091,0.59482119547519,0.68908927387941));
#21164=CARTESIAN_POINT('',(-0.0307874546351992,-0.336705588834364,-0.622411156121659));
#21165=CARTESIAN_POINT('',(0.576355931434816,0.75517880452481,0.91485741792521));
#21166=CARTESIAN_POINT('',(0.755211826557258,0.1,1.36771510057984));
#21167=CARTESIAN_POINT('',(-0.281614696373494,-2.4,1.46479319244731));
#21168=CARTESIAN_POINT('',(-0.281614696373494,-0.9,1.46479319244731));
#21169=CARTESIAN_POINT('',(0.718018688806827,-0.9,1.43771746100878));
#21170=CARTESIAN_POINT('',(0.713807945993217,-0.9,1.36922246960986));
#21171=CARTESIAN_POINT('',(0.713807945993217,-0.9,1.36922246960986));
#21172=CARTESIAN_POINT('',(0.704622358089661,-0.9,1.27354942339674));
#21173=CARTESIAN_POINT('',(0.681825528421446,-0.882829998034357,1.1819032273417));
#21174=CARTESIAN_POINT('',(0.648472973624435,-0.851627381407174,1.09745557373964));
#21175=CARTESIAN_POINT('',(0.648472973624435,0.851627381407174,1.09745557373964));
#21176=CARTESIAN_POINT('',(0.681797269319408,0.882803560541563,1.18183167615546));
#21177=CARTESIAN_POINT('',(0.704627741721357,0.9,1.27360549693818));
#21178=CARTESIAN_POINT('',(0.713807945993217,0.9,1.36922246960986));
#21179=CARTESIAN_POINT('',(0.713807945993217,0.9,1.36922246960986));
#21180=CARTESIAN_POINT('',(-0.281614696373494,0.9,1.46479319244731));
#21181=CARTESIAN_POINT('',(0.718018688806827,0.9,1.43771746100878));
#21182=CARTESIAN_POINT('',(0.718018688806827,-2.4,1.43771746100878));
#21183=CARTESIAN_POINT('',(0.718018688806827,-2.4,1.43771746100878));
#21184=CARTESIAN_POINT('',(0.907790823012324,-2.4,8.44408629574869));
#21185=CARTESIAN_POINT('',(0.907790823012324,-1.7,8.44408629574869));
#21186=CARTESIAN_POINT('',(0.907790823012324,1.7,8.44408629574869));
#21187=CARTESIAN_POINT('',(0.88883781100535,-2.4,7.74434292612247));
#21188=CARTESIAN_POINT('',(0.88883781100535,-2.4,7.74434292612247));
#21189=CARTESIAN_POINT('',(0.718018688806827,-2.4,1.43771746100878));
#21190=CARTESIAN_POINT('',(0.828592689415002,-2.4,5.52009886561855));
#21191=CARTESIAN_POINT('',(0.828592689415002,-2.,5.52009886561855));
#21192=CARTESIAN_POINT('',(0.817761927322255,-2.,5.12022817701189));
#21193=CARTESIAN_POINT('',(0.817761927322255,-2.4,5.12022817701189));
#21194=CARTESIAN_POINT('',(0.817761927322255,-0.9,5.12022817701189));
#21195=CARTESIAN_POINT('',(0.718018688806827,-0.9,1.43771746100878));
#21196=CARTESIAN_POINT('',(0.718018688806827,0.9,1.43771746100878));
#21197=CARTESIAN_POINT('',(0.817761927322255,0.9,5.12022817701189));
#21198=CARTESIAN_POINT('',(0.817761927322255,-2.4,5.12022817701189));
#21199=CARTESIAN_POINT('',(0.817761927322255,2.,5.12022817701189));
#21200=CARTESIAN_POINT('',(0.828592689415002,2.,5.52009886561855));
#21201=CARTESIAN_POINT('',(0.828592689415002,2.4,5.52009886561855));
#21202=CARTESIAN_POINT('',(0.718018688806827,2.4,1.43771746100878));
#21203=CARTESIAN_POINT('',(0.88883781100535,2.4,7.74434292612247));
#21204=CARTESIAN_POINT('',(0.907790823012324,1.7,8.44408629574869));
#21205=CARTESIAN_POINT('',(0.70786414597626,-2.4,8.4495014420364));
#21206=CARTESIAN_POINT('',(0.70786414597626,-2.4,8.4495014420364));
#21207=CARTESIAN_POINT('',(0.70786414597626,-1.7,8.4495014420364));
#21208=CARTESIAN_POINT('',(0.70786414597626,1.7,8.4495014420364));
#21209=CARTESIAN_POINT('',(0.70786414597626,-1.7,8.4495014420364));
#21210=CARTESIAN_POINT('',(0.70786414597626,1.7,8.4495014420364));
#21211=CARTESIAN_POINT('',(0.518092011770763,-2.4,1.44313260729648));
#21212=CARTESIAN_POINT('',(0.518092011770763,-2.4,1.44313260729648));
#21213=CARTESIAN_POINT('',(0.688911133969286,-2.4,7.74975807241017));
#21214=CARTESIAN_POINT('',(0.628716436184403,-2.4,5.52737565392562));
#21215=CARTESIAN_POINT('',(0.688911133969286,-2.4,7.74975807241017));
#21216=CARTESIAN_POINT('',(0.70786414597626,1.7,8.4495014420364));
#21217=CARTESIAN_POINT('',(0.688911133969286,2.4,7.74975807241017));
#21218=CARTESIAN_POINT('',(0.518092011770763,2.4,1.44313260729648));
#21219=CARTESIAN_POINT('',(0.628716436184403,2.4,5.52737565392562));
#21220=CARTESIAN_POINT('',(0.628716436184403,2.,5.52737565392562));
#21221=CARTESIAN_POINT('',(0.617885674091656,2.,5.12750496531896));
#21222=CARTESIAN_POINT('',(0.617885674091656,-2.4,5.12750496531896));
#21223=CARTESIAN_POINT('',(0.617885674091656,0.9,5.12750496531896));
#21224=CARTESIAN_POINT('',(0.518092011770763,0.9,1.44313260729648));
#21225=CARTESIAN_POINT('',(0.518092011770763,0.9,1.44313260729648));
#21226=CARTESIAN_POINT('',(0.518092011770763,-2.4,1.44313260729648));
#21227=CARTESIAN_POINT('',(0.518092011770763,-0.9,1.44313260729648));
#21228=CARTESIAN_POINT('',(0.518092011770763,-0.9,1.44313260729648));
#21229=CARTESIAN_POINT('',(0.617885674091656,-0.9,5.12750496531896));
#21230=CARTESIAN_POINT('',(0.617885674091656,-2.4,5.12750496531896));
#21231=CARTESIAN_POINT('',(0.617885674091656,-2.,5.12750496531896));
#21232=CARTESIAN_POINT('',(0.628716436184404,-2.,5.52737565392562));
#21233=CARTESIAN_POINT('',(-0.281614696373494,-2.4,1.46479319244731));
#21234=CARTESIAN_POINT('',(0.46245543962485,-2.4,1.17092309748118));
#21235=CARTESIAN_POINT('',(0.46245543962485,-0.87267157816654,1.17092309748118));
#21236=CARTESIAN_POINT('',(0.46245543962485,0.872671578166539,1.17092309748118));
#21237=CARTESIAN_POINT('',(0.46245543962485,-0.87267157816654,1.17092309748118));
#21238=CARTESIAN_POINT('',(0.488211483935107,-0.890408632917538,1.236136617744));
#21239=CARTESIAN_POINT('',(0.505507906582964,-0.9,1.30453326075086));
#21240=CARTESIAN_POINT('',(0.513499734329974,-0.9,1.37651498399755));
#21241=CARTESIAN_POINT('',(0.513499734329974,-0.9,1.37651498399755));
#21242=CARTESIAN_POINT('',(-0.281614696373494,-0.9,1.46479319244731));
#21243=CARTESIAN_POINT('',(-0.281614696373494,0.9,1.46479319244731));
#21244=CARTESIAN_POINT('',(0.513499734329974,0.9,1.37651498399755));
#21245=CARTESIAN_POINT('',(0.513499734329974,0.9,1.37651498399755));
#21246=CARTESIAN_POINT('',(0.505507906582964,0.9,1.30453326075086));
#21247=CARTESIAN_POINT('',(0.488211483935107,0.890408632917538,1.236136617744));
#21248=CARTESIAN_POINT('',(0.46245543962485,0.87267157816654,1.17092309748118));
#21249=CARTESIAN_POINT('',(0.,-2.4,0.));
#21250=CARTESIAN_POINT('',(0.,0.45,0.));
#21251=CARTESIAN_POINT('',(0.0963476160489697,0.45,0.243949231325951));
#21252=CARTESIAN_POINT('',(0.0715195353267952,0.45,0.181085286623938));
#21253=CARTESIAN_POINT('',(0.0715195353267952,-2.4,0.181085286623938));
#21254=CARTESIAN_POINT('',(0.0715195353267968,-0.45,0.181085286623948));
#21255=CARTESIAN_POINT('',(0.,-0.45,0.));
#21256=CARTESIAN_POINT('',(0.0963476160489692,-0.45,0.24394923132595));
#21257=CARTESIAN_POINT('',(0.0963476160489693,-1.25,0.24394923132595));
#21258=CARTESIAN_POINT('',(0.275203511171411,-0.594821195475189,0.69680691398058));
#21259=CARTESIAN_POINT('',(0.388582391082784,-0.798721348803214,0.983878787029507));
#21260=CARTESIAN_POINT('',(0.364370516701137,-0.755178804524811,0.922575058026381));
#21261=CARTESIAN_POINT('',(0.543226411823578,-0.1,1.37543274068101));
#21262=CARTESIAN_POINT('',(0.543226411823578,0.1,1.37543274068101));
#21263=CARTESIAN_POINT('',(0.364370516701137,0.75517880452481,0.922575058026382));
#21264=CARTESIAN_POINT('',(-0.422335578032693,-0.659630492107063,-1.06934082904875));
#21265=CARTESIAN_POINT('',(0.275203511171411,0.59482119547519,0.696806913980581));
#21266=CARTESIAN_POINT('',(0.0963476160489697,1.25,0.243949231325951));
#21267=CARTESIAN_POINT('',(0.,-2.4,0.));
#21268=CARTESIAN_POINT('',(0.,-0.45,0.));
#21269=CARTESIAN_POINT('',(-0.0948730915358235,-0.45,0.244694034961274));
#21270=CARTESIAN_POINT('',(-0.0715768683943502,-0.45,0.184609065160408));
#21271=CARTESIAN_POINT('',(-0.071576868394347,-2.4,0.184609065160394));
#21272=CARTESIAN_POINT('',(-0.071576868394347,0.45,0.184609065160394));
#21273=CARTESIAN_POINT('',(0.,0.45,0.));
#21274=CARTESIAN_POINT('',(-0.094873091535823,0.45,0.244694034961273));
#21275=CARTESIAN_POINT('',(-0.0948730915358237,1.25,0.244694034961273));
#21276=CARTESIAN_POINT('',(-0.270862270335573,0.594776211190602,0.698600422672603));
#21277=CARTESIAN_POINT('',(0.415590470333191,-0.659409978547266,-1.07187936464455));
#21278=CARTESIAN_POINT('',(-0.358679916783352,0.755223788809398,0.92509725019504));
#21279=CARTESIAN_POINT('',(-0.534669095583103,0.1,1.37900363790637));
#21280=CARTESIAN_POINT('',(-0.4551068222945,0.872619217756802,1.17379883887936));
#21281=CARTESIAN_POINT('',(-0.4551068222945,-2.4,1.17379883887936));
#21282=CARTESIAN_POINT('',(-0.4551068222945,-0.872619217756803,1.17379883887936));
#21283=CARTESIAN_POINT('',(-0.534669095583103,-0.1,1.37900363790637));
#21284=CARTESIAN_POINT('',(-0.358679916783352,-0.755223788809398,0.92509725019504));
#21285=CARTESIAN_POINT('',(-0.38237635442778,-0.798518458753715,0.986214442093796));
#21286=CARTESIAN_POINT('',(-0.270862270335573,-0.594776211190602,0.698600422672604));
#21287=CARTESIAN_POINT('',(-0.0948730915358235,-1.25,0.244694034961274));
#21288=CARTESIAN_POINT('',(0.29079072089894,-2.4,1.46299921069446));
#21289=CARTESIAN_POINT('',(0.29079072089894,-0.9,1.46299921069446));
#21290=CARTESIAN_POINT('',(-0.50903604892031,-0.9,1.44635174000055));
#21291=CARTESIAN_POINT('',(-0.504881771688952,-0.9,1.3799011689668));
#21292=CARTESIAN_POINT('',(-0.504881771688951,-0.9,1.3799011689668));
#21293=CARTESIAN_POINT('',(-0.497351650116802,-0.9,1.30779946264214));
#21294=CARTESIAN_POINT('',(-0.480476395828016,-0.890390137550772,1.23923133625738));
#21295=CARTESIAN_POINT('',(-0.4551068222945,-0.872619217756803,1.17379883887936));
#21296=CARTESIAN_POINT('',(-0.4551068222945,0.872619217756802,1.17379883887936));
#21297=CARTESIAN_POINT('',(-0.480476395828016,0.890390137550771,1.23923133625738));
#21298=CARTESIAN_POINT('',(-0.497351650116801,0.9,1.30779946264214));
#21299=CARTESIAN_POINT('',(-0.504881771688951,0.9,1.3799011689668));
#21300=CARTESIAN_POINT('',(-0.504881771688951,0.9,1.3799011689668));
#21301=CARTESIAN_POINT('',(0.29079072089894,0.9,1.46299921069446));
#21302=CARTESIAN_POINT('',(-0.50903604892031,0.9,1.44635174000055));
#21303=CARTESIAN_POINT('',(-0.50903604892031,-2.4,1.44635174000055));
#21304=CARTESIAN_POINT('',(-0.50903604892031,-2.4,1.44635174000055));
#21305=CARTESIAN_POINT('',(-0.654887420003183,1.7,8.45377245584807));
#21306=CARTESIAN_POINT('',(-0.654887420003183,1.7,8.45377245584807));
#21307=CARTESIAN_POINT('',(-0.654887420003183,-2.4,8.45377245584807));
#21308=CARTESIAN_POINT('',(-0.654887420003183,-1.7,8.45377245584807));
#21309=CARTESIAN_POINT('',(-0.640320883146017,-2.4,7.75392403225622));
#21310=CARTESIAN_POINT('',(-0.59407995138394,-2.,5.53228113137765));
#21311=CARTESIAN_POINT('',(-0.5857558551845,-2.,5.13235040933103));
#21312=CARTESIAN_POINT('',(-0.5857558551845,-2.4,5.13235040933103));
#21313=CARTESIAN_POINT('',(-0.5857558551845,-0.9,5.13235040933103));
#21314=CARTESIAN_POINT('',(-0.50903604892031,-0.9,1.44635174000055));
#21315=CARTESIAN_POINT('',(-0.50903604892031,0.9,1.44635174000055));
#21316=CARTESIAN_POINT('',(-0.5857558551845,0.9,5.13235040933103));
#21317=CARTESIAN_POINT('',(-0.5857558551845,-2.4,5.13235040933103));
#21318=CARTESIAN_POINT('',(-0.5857558551845,2.,5.13235040933103));
#21319=CARTESIAN_POINT('',(-0.59407995138394,2.,5.53228113137765));
#21320=CARTESIAN_POINT('',(-0.854844112457995,-2.4,8.44961058817459));
#21321=CARTESIAN_POINT('',(-0.854844112457995,1.7,8.44961058817459));
#21322=CARTESIAN_POINT('',(-0.854844112457995,1.7,8.44961058817459));
#21323=CARTESIAN_POINT('',(-0.854844112457995,-2.4,8.44961058817459));
#21324=CARTESIAN_POINT('',(-0.854844112457995,-1.7,8.44961058817459));
#21325=CARTESIAN_POINT('',(-0.854844112457995,-1.7,8.44961058817459));
#21326=CARTESIAN_POINT('',(-0.708992741375122,-2.4,1.44218987232708));
#21327=CARTESIAN_POINT('',(-0.854844112457995,1.7,8.44961058817459));
#21328=CARTESIAN_POINT('',(-0.793997890092355,2.,5.52625734219252));
#21329=CARTESIAN_POINT('',(-0.785673793892915,2.,5.12632662014589));
#21330=CARTESIAN_POINT('',(-0.785673793892915,-2.4,5.12632662014589));
#21331=CARTESIAN_POINT('',(-0.785673793892915,0.9,5.1263266201459));
#21332=CARTESIAN_POINT('',(-0.708992741375122,0.9,1.44218987232708));
#21333=CARTESIAN_POINT('',(-0.708992741375122,0.9,1.44218987232708));
#21334=CARTESIAN_POINT('',(-0.708992741375122,-2.4,1.44218987232708));
#21335=CARTESIAN_POINT('',(-0.708992741375122,-0.9,1.44218987232708));
#21336=CARTESIAN_POINT('',(-0.708992741375122,-0.9,1.44218987232708));
#21337=CARTESIAN_POINT('',(-0.785673793892915,-0.9,5.1263266201459));
#21338=CARTESIAN_POINT('',(-0.785673793892915,-2.4,5.1263266201459));
#21339=CARTESIAN_POINT('',(-0.785673793892915,-2.,5.1263266201459));
#21340=CARTESIAN_POINT('',(-0.793997890092355,-2.,5.52625734219252));
#21341=CARTESIAN_POINT('',(-0.84027757560083,-2.4,7.74976216458275));
#21342=CARTESIAN_POINT('',(0.29079072089894,-2.4,1.46299921069446));
#21343=CARTESIAN_POINT('',(-0.641581208092859,-2.4,1.10149874592558));
#21344=CARTESIAN_POINT('',(-0.641581208092859,-0.851556256984945,1.10149874592558));
#21345=CARTESIAN_POINT('',(-0.641581208092859,0.851556256984943,1.10149874592558));
#21346=CARTESIAN_POINT('',(-0.641581208092859,-0.851556256984945,1.10149874592558));
#21347=CARTESIAN_POINT('',(-0.674396818473716,-0.882777424010823,1.18613585412794));
#21348=CARTESIAN_POINT('',(-0.696660688525932,-0.9,1.27812109677025));
#21349=CARTESIAN_POINT('',(-0.705228854349335,-0.9,1.37386444911264));
#21350=CARTESIAN_POINT('',(-0.705228854349335,-0.9,1.37386444911264));
#21351=CARTESIAN_POINT('',(0.29079072089894,-0.9,1.46299921069446));
#21352=CARTESIAN_POINT('',(0.29079072089894,0.9,1.46299921069446));
#21353=CARTESIAN_POINT('',(-0.705228854349335,0.9,1.37386444911264));
#21354=CARTESIAN_POINT('',(-0.705228854349335,0.9,1.37386444911264));
#21355=CARTESIAN_POINT('',(-0.696655654384157,0.9,1.27806484370283));
#21356=CARTESIAN_POINT('',(-0.674424705498537,0.882803956062175,1.18620777956555));
#21357=CARTESIAN_POINT('',(-0.641581208092859,0.851556256984945,1.10149874592558));
#21358=CARTESIAN_POINT('',(-0.467628071008201,-2.4,0.652843660291061));
#21359=CARTESIAN_POINT('',(-0.772370208350488,-1.12366870455691,1.43882609221013));
#21360=CARTESIAN_POINT('',(-0.482891895990563,-0.594776211190602,0.692211692505617));
#21361=CARTESIAN_POINT('',(-0.570709542438342,-0.755223788809398,0.918708520028053));
#21362=CARTESIAN_POINT('',(-0.746698721238092,-0.1,1.37261490773938));
#21363=CARTESIAN_POINT('',(-0.746698721238092,0.1,1.37261490773938));
#21364=CARTESIAN_POINT('',(-0.570709542438342,0.755223788809398,0.918708520028053));
#21365=CARTESIAN_POINT('',(0.0255966164104841,-0.334259732744066,-0.619267714528212));
#21366=CARTESIAN_POINT('',(-0.482891895990562,0.594776211190601,0.692211692505616));
#21367=CARTESIAN_POINT('',(-0.306902717190813,1.25,0.238305304794286));
#21368=CARTESIAN_POINT('',(-0.467628071008201,0.568619835874651,0.652843660291061));
#21369=CARTESIAN_POINT('',(-0.467628071008201,-2.4,0.652843660291061));
#21370=CARTESIAN_POINT('',(-0.467628071008201,-0.56861983587465,0.652843660291061));
#21371=CARTESIAN_POINT('',(-0.306902717190813,-1.25,0.238305304794288));
#21372=CARTESIAN_POINT('',(-1.4,-2.4,0.291343195522189));
#21373=CARTESIAN_POINT('',(-0.467628071008201,0.568619835874651,0.652843660291061));
#21374=CARTESIAN_POINT('',(-0.426594343997052,0.502779667667181,0.547010614594788));
#21375=CARTESIAN_POINT('',(-0.399999999999998,0.461117896862948,0.422485374707357));
#21376=CARTESIAN_POINT('',(-0.4,0.451949635524783,0.29134319552217));
#21377=CARTESIAN_POINT('',(-0.4,0.451949635524715,0.291343195522189));
#21378=CARTESIAN_POINT('',(-0.4,-2.4,0.291343195522189));
#21379=CARTESIAN_POINT('',(-0.4,-0.451949635524715,0.291343195522189));
#21380=CARTESIAN_POINT('',(-0.4,-0.451949635524715,0.291343195522189));
#21381=CARTESIAN_POINT('',(-0.4,-0.461124388974115,0.422578237419643));
#21382=CARTESIAN_POINT('',(-0.426554689772746,-0.502716040963282,0.546908339524043));
#21383=CARTESIAN_POINT('',(-0.467628071008201,-0.56861983587465,0.652843660291061));
#21384=CARTESIAN_POINT('',(-0.4,-2.4,0.291343195522189));
#21385=CARTESIAN_POINT('',(-0.4,0.45,0.291343195522189));
#21386=CARTESIAN_POINT('',(-0.4,0.45,0.235500161799244));
#21387=CARTESIAN_POINT('',(-0.4,0.45,-3.8));
#21388=CARTESIAN_POINT('',(-0.4,-2.4,-3.8));
#21389=CARTESIAN_POINT('',(-0.4,-0.45,-3.8));
#21390=CARTESIAN_POINT('',(-0.4,-0.45,0.291343195522189));
#21391=CARTESIAN_POINT('',(-0.4,-0.45,0.235500161799245));
#21392=CARTESIAN_POINT('',(-0.4,-1.25,0.235500161799245));
#21393=CARTESIAN_POINT('',(-0.4,1.25,0.235500161799244));
#21394=CARTESIAN_POINT('',(-0.4,-2.4,-4.));
#21395=CARTESIAN_POINT('',(-3.,-0.45,-4.));
#21396=CARTESIAN_POINT('',(-0.2,-0.45,-4.));
#21397=CARTESIAN_POINT('',(0.2,-0.45,-4.));
#21398=CARTESIAN_POINT('',(-0.2,-2.4,-4.));
#21399=CARTESIAN_POINT('',(-0.2,0.45,-4.));
#21400=CARTESIAN_POINT('',(-3.,0.45,-4.));
#21401=CARTESIAN_POINT('',(0.2,0.45,-4.));
#21402=CARTESIAN_POINT('',(0.2,-2.4,-4.));
#21403=CARTESIAN_POINT('',(0.4,-2.4,0.278007840189032));
#21404=CARTESIAN_POINT('',(0.4,-0.45,0.278007840189032));
#21405=CARTESIAN_POINT('',(0.4,-0.45,0.232894320693816));
#21406=CARTESIAN_POINT('',(0.4,-0.45,-3.8));
#21407=CARTESIAN_POINT('',(0.4,-2.4,-3.8));
#21408=CARTESIAN_POINT('',(0.4,0.45,-3.8));
#21409=CARTESIAN_POINT('',(0.4,0.45,0.278007840189032));
#21410=CARTESIAN_POINT('',(0.4,0.45,0.232894320693818));
#21411=CARTESIAN_POINT('',(0.4,1.25,0.232894320693818));
#21412=CARTESIAN_POINT('',(0.4,-1.25,0.232894320693816));
#21413=CARTESIAN_POINT('',(1.4,-2.4,0.278007840189032));
#21414=CARTESIAN_POINT('',(1.60170763949,-2.4,7.7250343752949));
#21415=CARTESIAN_POINT('',(1.58983703951929,-2.4,5.49238464796572));
#21416=CARTESIAN_POINT('',(1.4,2.4,0.278007840189032));
#21417=CARTESIAN_POINT('',(0.888837811005354,2.4,7.74434292612247));
#21418=CARTESIAN_POINT('',(0.632438619803155,2.4,5.52724014236887));
#21419=CARTESIAN_POINT('',(-3.,0.45,-4.));
#21420=CARTESIAN_POINT('',(-0.2,0.45,-3.8));
#21421=CARTESIAN_POINT('',(-0.184022352212872,0.45,0.242007851041018));
#21422=CARTESIAN_POINT('',(-0.00428490220336173,0.45,-3.9512587030396));
#21423=CARTESIAN_POINT('',(-0.01,0.45,-3.6));
#21424=CARTESIAN_POINT('',(-3.,0.45,-3.6));
#21425=CARTESIAN_POINT('',(0.01,0.45,-3.6));
#21426=CARTESIAN_POINT('',(0.00269697918787266,0.45,-4.04885489452997));
#21427=CARTESIAN_POINT('',(0.412401724381643,0.45,0.232442817718806));
#21428=CARTESIAN_POINT('',(0.2,0.45,-3.8));
#21429=CARTESIAN_POINT('',(-3.,-0.45,-4.));
#21430=CARTESIAN_POINT('',(-0.2,-0.45,-3.8));
#21431=CARTESIAN_POINT('',(0.2,-0.45,-3.8));
#21432=CARTESIAN_POINT('',(0.185493511900619,-0.45,0.240703744170412));
#21433=CARTESIAN_POINT('',(0.00269697918787266,-0.45,-4.04885489452997));
#21434=CARTESIAN_POINT('',(0.01,-0.45,-3.6));
#21435=CARTESIAN_POINT('',(-3.,-0.45,-3.6));
#21436=CARTESIAN_POINT('',(-0.01,-0.45,-3.6));
#21437=CARTESIAN_POINT('',(-0.00428490220336173,-0.45,-3.9512587030396));
#21438=CARTESIAN_POINT('',(-0.411800380278946,-0.45,0.235144600894787));
#21439=CARTESIAN_POINT('',(1.0408833315721,-0.9,1.10477171790483));
#21440=CARTESIAN_POINT('',(0.429103596811966,-0.594821195475189,0.691203955522304));
#21441=CARTESIAN_POINT('',(1.03336349086373,-0.755178804524811,0.898219387088902));
#21442=CARTESIAN_POINT('',(1.18658306951542,-0.9,5.10680070210412));
#21443=CARTESIAN_POINT('',(1.05006536329405,-0.9,1.3569805248924));
#21444=CARTESIAN_POINT('',(1.18658306951542,-0.9,5.10680070210412));
#21445=CARTESIAN_POINT('',(1.18658306951542,-2.65,5.10680070210412));
#21446=CARTESIAN_POINT('',(1.18658306951542,-2.,5.10680070210412));
#21447=CARTESIAN_POINT('',(1.18658306951542,0.9,5.10680070210412));
#21448=CARTESIAN_POINT('',(1.05006536329405,0.9,1.3569805248924));
#21449=CARTESIAN_POINT('',(1.18658306951542,0.9,5.10680070210412));
#21450=CARTESIAN_POINT('',(1.0408833315721,0.9,1.10477171790483));
#21451=CARTESIAN_POINT('',(1.03336349086373,0.75517880452481,0.898219387088902));
#21452=CARTESIAN_POINT('',(0.202195384330941,0.59482119547519,0.699464881973913));
#21453=CARTESIAN_POINT('',(1.18658306951542,2.65,5.10680070210412));
#21454=CARTESIAN_POINT('',(0.817761927322255,2.,5.12022817701189));
#21455=CARTESIAN_POINT('',(-1.15458184624643,-2.65,5.1152109376292));
#21456=CARTESIAN_POINT('',(-1.15458184624643,-2.,5.1152109376292));
#21457=CARTESIAN_POINT('',(-1.15458184624643,-0.9,5.1152109376292));
#21458=CARTESIAN_POINT('',(-1.15458184624643,-0.9,5.1152109376292));
#21459=CARTESIAN_POINT('',(-1.04154483927453,-0.9,1.36373080825046));
#21460=CARTESIAN_POINT('',(-1.03394517093978,-0.9,1.1115124816031));
#21461=CARTESIAN_POINT('',(-0.197846374897607,-0.594776211190602,0.700800487179689));
#21462=CARTESIAN_POINT('',(-1.02772081658979,-0.755223788809398,0.90493817211179));
#21463=CARTESIAN_POINT('',(-1.15458184624643,2.65,5.1152109376292));
#21464=CARTESIAN_POINT('',(-0.5857558551845,2.,5.13235040933103));
#21465=CARTESIAN_POINT('',(-1.15458184624643,0.9,5.1152109376292));
#21466=CARTESIAN_POINT('',(-1.15458184624643,0.9,5.1152109376292));
#21467=CARTESIAN_POINT('',(-1.04154483927453,0.9,1.36373080825046));
#21468=CARTESIAN_POINT('',(-1.03394517093978,0.9,1.1115124816031));
#21469=CARTESIAN_POINT('',(-1.02772081658979,0.755223788809398,0.90493817211179));
#21470=CARTESIAN_POINT('',(-0.425624402963681,0.594776211190601,0.693937237033455));
#21471=CARTESIAN_POINT('',(-1.00699868150466,-1.25,0.217210496966465));
#21472=CARTESIAN_POINT('',(-1.04154483927453,-0.1,1.36373080825046));
#21473=CARTESIAN_POINT('',(-2.84159875563275,-1.25,0.350909480273572));
#21474=CARTESIAN_POINT('',(1.05006536329405,-0.1,1.3569805248924));
#21475=CARTESIAN_POINT('',(1.05006536329405,0.1,1.3569805248924));
#21476=CARTESIAN_POINT('',(-1.04154483927453,0.1,1.36373080825046));
#21477=CARTESIAN_POINT('',(-3.12514701464971,1.25,0.153387915040409));
#21478=CARTESIAN_POINT('',(1.00833504943588,1.25,0.210746990518427));
#21479=CARTESIAN_POINT('',(1.58983703951929,-2.,5.49238464796572));
#21480=CARTESIAN_POINT('',(1.24001669929941,-2.,5.58754486428853));
#21481=CARTESIAN_POINT('',(-1.16662890234994,2.,5.51502948202057));
#21482=CARTESIAN_POINT('',(1.20113601522692,2.,5.50653587915402));
#21483=CARTESIAN_POINT('',(-0.854844112457995,1.7,8.44961058817459));
#21484=CARTESIAN_POINT('',(1.2435812996617,-2.4,7.79313528094393));
#21485=CARTESIAN_POINT('',(1.60170763949,-2.4,7.7250343752949));
#21486=CARTESIAN_POINT('',(0.70786414597626,1.7,8.4495014420364));
#21487=CARTESIAN_POINT('',(0.075,2.,0.395000000000151));
#21488=CARTESIAN_POINT('',(0.01,2.,-3.6));
#21489=CARTESIAN_POINT('',(-0.01,2.,-3.6));
#21490=CARTESIAN_POINT('',(-0.01,2.,-3.6));
#21491=CARTESIAN_POINT('',(-0.075,2.,0.395000000000151));
#21492=CARTESIAN_POINT('',(-0.2,-2.4,-3.8));
#21493=CARTESIAN_POINT('',(0.2,-2.4,-3.8));
#21494=CARTESIAN_POINT('',(-8.89,-3.81,0.));
#21495=CARTESIAN_POINT('',(-8.89,3.81,0.));
#21496=CARTESIAN_POINT('',(-6.35,-3.81,0.));
#21497=CARTESIAN_POINT('',(-6.35,3.81,0.));
#21498=CARTESIAN_POINT('',(-3.81,-3.81,0.));
#21499=CARTESIAN_POINT('',(-3.81,3.81,0.));
#21500=CARTESIAN_POINT('',(-1.27,-3.81,0.));
#21501=CARTESIAN_POINT('',(-1.27,3.81,0.));
#21502=CARTESIAN_POINT('',(1.27,-3.81,0.));
#21503=CARTESIAN_POINT('',(1.27,3.81,0.));
#21504=CARTESIAN_POINT('',(3.81,-3.81,0.));
#21505=CARTESIAN_POINT('',(3.81,3.81,0.));
#21506=CARTESIAN_POINT('',(6.35,-3.81,0.));
#21507=CARTESIAN_POINT('',(6.35,3.81,0.));
#21508=CARTESIAN_POINT('',(-2.42861286636753E-14,0.,-4.58425296492286E-16));
#21509=CARTESIAN_POINT('',(-2.35813972515597E-14,0.,-4.58425296492287E-16));
#21510=CARTESIAN_POINT('',(0.499999999999965,0.,-1.3752758894767E-15));
#21511=CARTESIAN_POINT('',(0.,0.,6.86));
#21512=CARTESIAN_POINT('',(1.7347234759768E-15,0.,8.));
#21513=CARTESIAN_POINT('',(-0.381575680566778,-0.119999999999995,8.));
#21514=CARTESIAN_POINT('',(-0.12,-0.381575680566778,8.));
#21515=CARTESIAN_POINT('',(-0.12,-0.38157568056678,8.));
#21516=CARTESIAN_POINT('',(-0.12,-0.35371851561785,7.61997349876908));
#21517=CARTESIAN_POINT('',(-0.12,-0.325610893015372,7.23996595221647));
#21518=CARTESIAN_POINT('',(-0.12,-0.29695366362628,6.86));
#21519=CARTESIAN_POINT('',(-0.12,-0.296953663626282,6.86));
#21520=CARTESIAN_POINT('',(0.,0.,6.86));
#21521=CARTESIAN_POINT('',(-0.29695366362628,-0.119999999999995,6.86));
#21522=CARTESIAN_POINT('',(-0.296953663626283,-0.119999999999995,6.86));
#21523=CARTESIAN_POINT('',(-0.325610890711424,-0.119999999999995,7.23996592166842));
#21524=CARTESIAN_POINT('',(-0.353718551476739,-0.119999999999995,7.61997398795483));
#21525=CARTESIAN_POINT('',(-0.38157568056678,-0.119999999999995,8.));
#21526=CARTESIAN_POINT('',(0.,0.,6.86));
#21527=CARTESIAN_POINT('',(0.,0.,6.86));
#21528=CARTESIAN_POINT('',(-0.12,0.296953663626282,6.86));
#21529=CARTESIAN_POINT('',(-0.29695366362628,0.119999999999995,6.86));
#21530=CARTESIAN_POINT('',(-0.12,0.296953663626298,6.86));
#21531=CARTESIAN_POINT('',(-0.12,0.32561090750485,7.2399661443321));
#21532=CARTESIAN_POINT('',(-0.12,0.35371853444111,7.61997375555536));
#21533=CARTESIAN_POINT('',(-0.12,0.38157568056678,8.));
#21534=CARTESIAN_POINT('',(-0.12,0.381575680566778,8.));
#21535=CARTESIAN_POINT('',(1.7347234759768E-15,0.,8.));
#21536=CARTESIAN_POINT('',(-0.381575680566778,0.119999999999995,8.));
#21537=CARTESIAN_POINT('',(-0.296953663626283,0.119999999999995,6.86));
#21538=CARTESIAN_POINT('',(-0.325610890711424,0.119999999999995,7.23996592166842));
#21539=CARTESIAN_POINT('',(-0.353718551476739,0.119999999999995,7.61997398795483));
#21540=CARTESIAN_POINT('',(-0.38157568056678,0.119999999999995,8.));
#21541=CARTESIAN_POINT('',(0.,0.,6.86));
#21542=CARTESIAN_POINT('',(0.12,-0.381575680566781,8.));
#21543=CARTESIAN_POINT('',(0.12,-0.353718515617851,7.61997349876908));
#21544=CARTESIAN_POINT('',(0.12,-0.325610893015372,7.23996595221647));
#21545=CARTESIAN_POINT('',(0.12,-0.29695366362628,6.86));
#21546=CARTESIAN_POINT('',(0.12,-0.381575680566778,8.));
#21547=CARTESIAN_POINT('',(0.12,-0.296953663626282,6.86));
#21548=CARTESIAN_POINT('',(1.7347234759768E-15,0.,8.));
#21549=CARTESIAN_POINT('',(0.381575680566782,-0.119999999999995,8.));
#21550=CARTESIAN_POINT('',(0.381575680566784,-0.119999999999995,8.));
#21551=CARTESIAN_POINT('',(0.353718508529409,-0.119999999999995,7.61997340206876));
#21552=CARTESIAN_POINT('',(0.325610883646859,-0.119999999999995,7.23996582799941));
#21553=CARTESIAN_POINT('',(0.296953663626283,-0.119999999999995,6.86));
#21554=CARTESIAN_POINT('',(0.29695366362628,-0.119999999999995,6.86));
#21555=CARTESIAN_POINT('',(0.,0.,6.86));
#21556=CARTESIAN_POINT('',(-0.4,0.,8.));
#21557=CARTESIAN_POINT('',(0.12,-0.9,8.));
#21558=CARTESIAN_POINT('',(0.12,-0.9,8.));
#21559=CARTESIAN_POINT('',(0.12,-0.9,8.));
#21560=CARTESIAN_POINT('',(-0.12,-0.9,8.));
#21561=CARTESIAN_POINT('',(-0.12,-0.9,8.));
#21562=CARTESIAN_POINT('',(-0.4,-0.119999999999995,8.));
#21563=CARTESIAN_POINT('',(-0.9,-0.119999999999995,8.));
#21564=CARTESIAN_POINT('',(-0.9,-0.119999999999995,8.));
#21565=CARTESIAN_POINT('',(-0.9,0.119999999999995,8.));
#21566=CARTESIAN_POINT('',(-0.4,0.119999999999995,8.));
#21567=CARTESIAN_POINT('',(-0.12,-0.9,8.));
#21568=CARTESIAN_POINT('',(-0.12,0.9,8.));
#21569=CARTESIAN_POINT('',(0.12,0.9,8.));
#21570=CARTESIAN_POINT('',(0.12,0.9,8.));
#21571=CARTESIAN_POINT('',(0.12,-0.9,8.));
#21572=CARTESIAN_POINT('',(0.12,0.381575680566778,8.));
#21573=CARTESIAN_POINT('',(1.7347234759768E-15,0.,8.));
#21574=CARTESIAN_POINT('',(0.381575680566782,0.119999999999995,8.));
#21575=CARTESIAN_POINT('',(-0.9,0.119999999999995,8.));
#21576=CARTESIAN_POINT('',(0.9,0.119999999999995,8.));
#21577=CARTESIAN_POINT('',(0.9,-0.119999999999995,8.));
#21578=CARTESIAN_POINT('',(0.9,-0.119999999999995,8.));
#21579=CARTESIAN_POINT('',(-0.9,-0.119999999999995,8.));
#21580=CARTESIAN_POINT('',(2.09041935200452E-15,0.,8.));
#21581=CARTESIAN_POINT('',(1.4,0.,8.));
#21582=CARTESIAN_POINT('',(-0.320283434384406,0.,6.86));
#21583=CARTESIAN_POINT('',(0.,0.,6.86));
#21584=CARTESIAN_POINT('',(0.29695366362628,0.119999999999995,6.86));
#21585=CARTESIAN_POINT('',(0.12,0.296953663626282,6.86));
#21586=CARTESIAN_POINT('',(0.12,-0.343984849034917,6.86));
#21587=CARTESIAN_POINT('',(0.12,0.343984849034917,6.86));
#21588=CARTESIAN_POINT('',(0.12,0.343984849034917,6.86));
#21589=CARTESIAN_POINT('',(-0.12,0.343984849034917,6.86));
#21590=CARTESIAN_POINT('',(-0.12,-0.343984849034917,6.86));
#21591=CARTESIAN_POINT('',(-0.343984849034917,0.119999999999995,6.86));
#21592=CARTESIAN_POINT('',(-0.343984849034917,0.119999999999995,6.86));
#21593=CARTESIAN_POINT('',(-0.343984849034917,-0.119999999999995,6.86));
#21594=CARTESIAN_POINT('',(-0.343984849034917,-0.119999999999995,6.86));
#21595=CARTESIAN_POINT('',(-0.343984849034917,-0.119999999999995,6.86));
#21596=CARTESIAN_POINT('',(-0.12,-0.343984849034917,6.86));
#21597=CARTESIAN_POINT('',(-0.12,-0.343984849034917,6.86));
#21598=CARTESIAN_POINT('',(0.12,-0.343984849034917,6.86));
#21599=CARTESIAN_POINT('',(0.12,-0.343984849034917,6.86));
#21600=CARTESIAN_POINT('',(0.12,-0.343984849034917,6.86));
#21601=CARTESIAN_POINT('',(-0.343984849034917,-0.119999999999995,6.86));
#21602=CARTESIAN_POINT('',(0.343984849034914,-0.119999999999995,6.86));
#21603=CARTESIAN_POINT('',(0.343984849034914,-0.119999999999995,6.86));
#21604=CARTESIAN_POINT('',(0.343984849034914,0.119999999999995,6.86));
#21605=CARTESIAN_POINT('',(-0.343984849034917,0.119999999999995,6.86));
#21606=CARTESIAN_POINT('',(0.,0.,6.86));
#21607=CARTESIAN_POINT('',(0.12,0.296953663626298,6.86));
#21608=CARTESIAN_POINT('',(0.12,0.32561090750485,7.2399661443321));
#21609=CARTESIAN_POINT('',(0.12,0.353718534441111,7.61997375555536));
#21610=CARTESIAN_POINT('',(0.12,0.381575680566781,8.));
#21611=CARTESIAN_POINT('',(0.381575680566784,0.119999999999995,8.));
#21612=CARTESIAN_POINT('',(0.353718508529409,0.119999999999995,7.61997340206876));
#21613=CARTESIAN_POINT('',(0.325610883646859,0.119999999999995,7.23996582799941));
#21614=CARTESIAN_POINT('',(0.296953663626283,0.119999999999995,6.86));
#21615=CARTESIAN_POINT('',(0.,0.,6.86));
#21616=CARTESIAN_POINT('',(1.55135335737992E-15,0.,7.80568542494924));
#21617=CARTESIAN_POINT('',(1.4,0.,7.80568542494924));
#21618=CARTESIAN_POINT('',(1.7347234759768E-15,0.,7.90568542494924));
#21619=CARTESIAN_POINT('',(0.,0.,7.32284271247462));
#21620=CARTESIAN_POINT('',(-0.91715728752538,0.,7.32284271247462));
#21621=CARTESIAN_POINT('',(0.,0.,7.04));
#21622=CARTESIAN_POINT('',(0.,0.,7.04));
#21623=CARTESIAN_POINT('',(-0.8,0.,7.04));
#21624=CARTESIAN_POINT('',(0.,0.,12.86));
#21625=CARTESIAN_POINT('',(-2.30312868957691E-14,0.,0.3));
#21626=CARTESIAN_POINT('',(0.799999999999966,0.,0.299999999999998));
#21627=CARTESIAN_POINT('',(0.,-0.119999999999995,-6.));
#21628=CARTESIAN_POINT('',(-0.9,-0.119999999999995,8.));
#21629=CARTESIAN_POINT('',(0.,0.119999999999995,-6.));
#21630=CARTESIAN_POINT('',(-0.9,0.119999999999995,8.));
#21631=CARTESIAN_POINT('',(-0.9,-0.119999999999995,8.));
#21632=CARTESIAN_POINT('',(0.,-0.119999999999995,-6.));
#21633=CARTESIAN_POINT('',(0.9,-0.119999999999995,8.));
#21634=CARTESIAN_POINT('',(0.,0.119999999999995,-6.));
#21635=CARTESIAN_POINT('',(0.9,0.119999999999995,8.));
#21636=CARTESIAN_POINT('',(0.9,-0.119999999999995,8.));
#21637=CARTESIAN_POINT('',(-0.12,0.,-6.));
#21638=CARTESIAN_POINT('',(-0.12,0.343984849034917,6.86));
#21639=CARTESIAN_POINT('',(0.12,0.,-6.));
#21640=CARTESIAN_POINT('',(0.12,0.343984849034917,6.86));
#21641=CARTESIAN_POINT('',(0.12,0.343984849034917,6.86));
#21642=CARTESIAN_POINT('',(0.12,0.,-6.));
#21643=CARTESIAN_POINT('',(0.12,-0.343984849034917,6.86));
#21644=CARTESIAN_POINT('',(-0.12,0.,-6.));
#21645=CARTESIAN_POINT('',(-0.12,-0.343984849034917,6.86));
#21646=CARTESIAN_POINT('',(0.12,-0.343984849034917,6.86));
#21647=CARTESIAN_POINT('',(-2.35813972515597E-14,0.,0.));
#21648=CARTESIAN_POINT('',(-16.94,0.,3.6));
#21649=CARTESIAN_POINT('',(14.3,0.,3.6));
#21650=CARTESIAN_POINT('',(8.89,3.81,0.));
#21651=CARTESIAN_POINT('',(8.89,-3.81,0.));
#21652=MECHANICAL_DESIGN_GEOMETRIC_PRESENTATION_REPRESENTATION('',(#13368,
#13369,#13370,#13371,#13372,#13373,#13374,#13375),#21653);
#21653=(
GEOMETRIC_REPRESENTATION_CONTEXT(3)
GLOBAL_UNCERTAINTY_ASSIGNED_CONTEXT((#21663))
GLOBAL_UNIT_ASSIGNED_CONTEXT((#21675,#21674,#21673))
REPRESENTATION_CONTEXT('ZIF_socket16','TOP_LEVEL_ASSEMBLY_PART')
);
#21654=(
GEOMETRIC_REPRESENTATION_CONTEXT(3)
GLOBAL_UNCERTAINTY_ASSIGNED_CONTEXT((#21664))
GLOBAL_UNIT_ASSIGNED_CONTEXT((#21675,#21674,#21673))
REPRESENTATION_CONTEXT('ZIF_socket16_bottom','COMPONENT_PART')
);
#21655=(
GEOMETRIC_REPRESENTATION_CONTEXT(3)
GLOBAL_UNCERTAINTY_ASSIGNED_CONTEXT((#21665))
GLOBAL_UNIT_ASSIGNED_CONTEXT((#21675,#21674,#21673))
REPRESENTATION_CONTEXT('ZIF_socket16_middle_body','COMPONENT_PART')
);
#21656=(
GEOMETRIC_REPRESENTATION_CONTEXT(3)
GLOBAL_UNCERTAINTY_ASSIGNED_CONTEXT((#21666))
GLOBAL_UNIT_ASSIGNED_CONTEXT((#21675,#21674,#21673))
REPRESENTATION_CONTEXT('ZIF_socket_middle_shield','COMPONENT_PART')
);
#21657=(
GEOMETRIC_REPRESENTATION_CONTEXT(3)
GLOBAL_UNCERTAINTY_ASSIGNED_CONTEXT((#21667))
GLOBAL_UNIT_ASSIGNED_CONTEXT((#21675,#21674,#21673))
REPRESENTATION_CONTEXT('ZIF_socket16_top','COMPONENT_PART')
);
#21658=(
GEOMETRIC_REPRESENTATION_CONTEXT(3)
GLOBAL_UNCERTAINTY_ASSIGNED_CONTEXT((#21668))
GLOBAL_UNIT_ASSIGNED_CONTEXT((#21675,#21674,#21673))
REPRESENTATION_CONTEXT('ZIF_hamdle','COMPONENT_PART')
);
#21659=(
GEOMETRIC_REPRESENTATION_CONTEXT(3)
GLOBAL_UNCERTAINTY_ASSIGNED_CONTEXT((#21669))
GLOBAL_UNIT_ASSIGNED_CONTEXT((#21675,#21674,#21673))
REPRESENTATION_CONTEXT('ZIF_socket_handle','COMPONENT_PART')
);
#21660=(
GEOMETRIC_REPRESENTATION_CONTEXT(3)
GLOBAL_UNCERTAINTY_ASSIGNED_CONTEXT((#21670))
GLOBAL_UNIT_ASSIGNED_CONTEXT((#21675,#21674,#21673))
REPRESENTATION_CONTEXT('ZIF_socket_handle_head','COMPONENT_PART')
);
#21661=(
GEOMETRIC_REPRESENTATION_CONTEXT(3)
GLOBAL_UNCERTAINTY_ASSIGNED_CONTEXT((#21671))
GLOBAL_UNIT_ASSIGNED_CONTEXT((#21675,#21674,#21673))
REPRESENTATION_CONTEXT('ZIF_socket_pin','COMPONENT_PART')
);
#21662=(
GEOMETRIC_REPRESENTATION_CONTEXT(3)
GLOBAL_UNCERTAINTY_ASSIGNED_CONTEXT((#21672))
GLOBAL_UNIT_ASSIGNED_CONTEXT((#21675,#21674,#21673))
REPRESENTATION_CONTEXT('M1.6-L8','COMPONENT_PART')
);
#21663=UNCERTAINTY_MEASURE_WITH_UNIT(LENGTH_MEASURE(0.005),#21675,
'DISTANCE_ACCURACY_VALUE','Maximum Tolerance applied to model');
#21664=UNCERTAINTY_MEASURE_WITH_UNIT(LENGTH_MEASURE(0.005),#21675,
'DISTANCE_ACCURACY_VALUE','Maximum Tolerance applied to model');
#21665=UNCERTAINTY_MEASURE_WITH_UNIT(LENGTH_MEASURE(0.005),#21675,
'DISTANCE_ACCURACY_VALUE','Maximum Tolerance applied to model');
#21666=UNCERTAINTY_MEASURE_WITH_UNIT(LENGTH_MEASURE(0.005),#21675,
'DISTANCE_ACCURACY_VALUE','Maximum Tolerance applied to model');
#21667=UNCERTAINTY_MEASURE_WITH_UNIT(LENGTH_MEASURE(0.005),#21675,
'DISTANCE_ACCURACY_VALUE','Maximum Tolerance applied to model');
#21668=UNCERTAINTY_MEASURE_WITH_UNIT(LENGTH_MEASURE(0.005),#21675,
'DISTANCE_ACCURACY_VALUE','Maximum Tolerance applied to model');
#21669=UNCERTAINTY_MEASURE_WITH_UNIT(LENGTH_MEASURE(0.005),#21675,
'DISTANCE_ACCURACY_VALUE','Maximum Tolerance applied to model');
#21670=UNCERTAINTY_MEASURE_WITH_UNIT(LENGTH_MEASURE(0.005),#21675,
'DISTANCE_ACCURACY_VALUE','Maximum Tolerance applied to model');
#21671=UNCERTAINTY_MEASURE_WITH_UNIT(LENGTH_MEASURE(0.005),#21675,
'DISTANCE_ACCURACY_VALUE','Maximum Tolerance applied to model');
#21672=UNCERTAINTY_MEASURE_WITH_UNIT(LENGTH_MEASURE(0.005),#21675,
'DISTANCE_ACCURACY_VALUE','Maximum Tolerance applied to model');
#21673=(
NAMED_UNIT(*)
SI_UNIT($,.STERADIAN.)
SOLID_ANGLE_UNIT()
);
#21674=(
NAMED_UNIT(*)
PLANE_ANGLE_UNIT()
SI_UNIT($,.RADIAN.)
);
#21675=(
LENGTH_UNIT()
NAMED_UNIT(*)
SI_UNIT(.MILLI.,.METRE.)
);
#21676=PRODUCT_DEFINITION_SHAPE('','',#21711);
#21677=PRODUCT_DEFINITION_SHAPE('','',#21712);
#21678=PRODUCT_DEFINITION_SHAPE(' ','NAUO PRDDFN',#110);
#21679=PRODUCT_DEFINITION_SHAPE('','',#21713);
#21680=PRODUCT_DEFINITION_SHAPE(' ','NAUO PRDDFN',#111);
#21681=PRODUCT_DEFINITION_SHAPE('','',#21714);
#21682=PRODUCT_DEFINITION_SHAPE(' ','NAUO PRDDFN',#112);
#21683=PRODUCT_DEFINITION_SHAPE('','',#21715);
#21684=PRODUCT_DEFINITION_SHAPE(' ','NAUO PRDDFN',#113);
#21685=PRODUCT_DEFINITION_SHAPE('','',#21716);
#21686=PRODUCT_DEFINITION_SHAPE('','',#21717);
#21687=PRODUCT_DEFINITION_SHAPE(' ','NAUO PRDDFN',#114);
#21688=PRODUCT_DEFINITION_SHAPE('','',#21718);
#21689=PRODUCT_DEFINITION_SHAPE(' ','NAUO PRDDFN',#115);
#21690=PRODUCT_DEFINITION_SHAPE(' ','NAUO PRDDFN',#116);
#21691=PRODUCT_DEFINITION_SHAPE('','',#21719);
#21692=PRODUCT_DEFINITION_SHAPE(' ','NAUO PRDDFN',#117);
#21693=PRODUCT_DEFINITION_SHAPE(' ','NAUO PRDDFN',#118);
#21694=PRODUCT_DEFINITION_SHAPE(' ','NAUO PRDDFN',#119);
#21695=PRODUCT_DEFINITION_SHAPE(' ','NAUO PRDDFN',#120);
#21696=PRODUCT_DEFINITION_SHAPE(' ','NAUO PRDDFN',#121);
#21697=PRODUCT_DEFINITION_SHAPE(' ','NAUO PRDDFN',#122);
#21698=PRODUCT_DEFINITION_SHAPE(' ','NAUO PRDDFN',#123);
#21699=PRODUCT_DEFINITION_SHAPE(' ','NAUO PRDDFN',#124);
#21700=PRODUCT_DEFINITION_SHAPE(' ','NAUO PRDDFN',#125);
#21701=PRODUCT_DEFINITION_SHAPE(' ','NAUO PRDDFN',#126);
#21702=PRODUCT_DEFINITION_SHAPE(' ','NAUO PRDDFN',#127);
#21703=PRODUCT_DEFINITION_SHAPE(' ','NAUO PRDDFN',#128);
#21704=PRODUCT_DEFINITION_SHAPE(' ','NAUO PRDDFN',#129);
#21705=PRODUCT_DEFINITION_SHAPE(' ','NAUO PRDDFN',#130);
#21706=PRODUCT_DEFINITION_SHAPE('','',#21720);
#21707=PRODUCT_DEFINITION_SHAPE(' ','NAUO PRDDFN',#131);
#21708=PRODUCT_DEFINITION_SHAPE(' ','NAUO PRDDFN',#132);
#21709=PRODUCT_DEFINITION_SHAPE(' ','NAUO PRDDFN',#133);
#21710=PRODUCT_DEFINITION_SHAPE(' ','NAUO PRDDFN',#134);
#21711=PRODUCT_DEFINITION('','',#21731,#21721);
#21712=PRODUCT_DEFINITION('','',#21732,#21722);
#21713=PRODUCT_DEFINITION('','',#21733,#21723);
#21714=PRODUCT_DEFINITION('','',#21734,#21724);
#21715=PRODUCT_DEFINITION('','',#21735,#21725);
#21716=PRODUCT_DEFINITION('','',#21736,#21726);
#21717=PRODUCT_DEFINITION('','',#21737,#21727);
#21718=PRODUCT_DEFINITION('','',#21738,#21728);
#21719=PRODUCT_DEFINITION('','',#21739,#21729);
#21720=PRODUCT_DEFINITION('','',#21740,#21730);
#21721=PRODUCT_DEFINITION_CONTEXT('',#21782,'design');
#21722=PRODUCT_DEFINITION_CONTEXT('',#21782,'design');
#21723=PRODUCT_DEFINITION_CONTEXT('',#21782,'design');
#21724=PRODUCT_DEFINITION_CONTEXT('',#21782,'design');
#21725=PRODUCT_DEFINITION_CONTEXT('',#21782,'design');
#21726=PRODUCT_DEFINITION_CONTEXT('',#21782,'design');
#21727=PRODUCT_DEFINITION_CONTEXT('',#21782,'design');
#21728=PRODUCT_DEFINITION_CONTEXT('',#21782,'design');
#21729=PRODUCT_DEFINITION_CONTEXT('',#21782,'design');
#21730=PRODUCT_DEFINITION_CONTEXT('',#21782,'design');
#21731=PRODUCT_DEFINITION_FORMATION_WITH_SPECIFIED_SOURCE('','',#21751,
 .NOT_KNOWN.);
#21732=PRODUCT_DEFINITION_FORMATION_WITH_SPECIFIED_SOURCE('','',#21752,
 .NOT_KNOWN.);
#21733=PRODUCT_DEFINITION_FORMATION_WITH_SPECIFIED_SOURCE('','',#21753,
 .NOT_KNOWN.);
#21734=PRODUCT_DEFINITION_FORMATION_WITH_SPECIFIED_SOURCE('','',#21754,
 .NOT_KNOWN.);
#21735=PRODUCT_DEFINITION_FORMATION_WITH_SPECIFIED_SOURCE('','',#21755,
 .NOT_KNOWN.);
#21736=PRODUCT_DEFINITION_FORMATION_WITH_SPECIFIED_SOURCE('','',#21756,
 .NOT_KNOWN.);
#21737=PRODUCT_DEFINITION_FORMATION_WITH_SPECIFIED_SOURCE('','',#21757,
 .NOT_KNOWN.);
#21738=PRODUCT_DEFINITION_FORMATION_WITH_SPECIFIED_SOURCE('','',#21758,
 .NOT_KNOWN.);
#21739=PRODUCT_DEFINITION_FORMATION_WITH_SPECIFIED_SOURCE('','',#21759,
 .NOT_KNOWN.);
#21740=PRODUCT_DEFINITION_FORMATION_WITH_SPECIFIED_SOURCE('','',#21760,
 .NOT_KNOWN.);
#21741=PRODUCT_RELATED_PRODUCT_CATEGORY('','',(#21751));
#21742=PRODUCT_RELATED_PRODUCT_CATEGORY('','',(#21752));
#21743=PRODUCT_RELATED_PRODUCT_CATEGORY('','',(#21753));
#21744=PRODUCT_RELATED_PRODUCT_CATEGORY('','',(#21754));
#21745=PRODUCT_RELATED_PRODUCT_CATEGORY('','',(#21755));
#21746=PRODUCT_RELATED_PRODUCT_CATEGORY('','',(#21756));
#21747=PRODUCT_RELATED_PRODUCT_CATEGORY('','',(#21757));
#21748=PRODUCT_RELATED_PRODUCT_CATEGORY('','',(#21758));
#21749=PRODUCT_RELATED_PRODUCT_CATEGORY('','',(#21759));
#21750=PRODUCT_RELATED_PRODUCT_CATEGORY('','',(#21760));
#21751=PRODUCT('ZIF_socket16','ZIF_socket16','ZIF_socket16',(#21771));
#21752=PRODUCT('ZIF_socket16_bottom','ZIF_socket16_bottom',
'ZIF_socket16_bottom',(#21772));
#21753=PRODUCT('ZIF_socket16_middle_body','ZIF_socket16_middle_body',
'ZIF_socket16_middle_body',(#21773));
#21754=PRODUCT('ZIF_socket_middle_shield','ZIF_socket_middle_shield',
'ZIF_socket_middle_shield',(#21774));
#21755=PRODUCT('ZIF_socket16_top','ZIF_socket16_top','ZIF_socket16_top',
(#21775));
#21756=PRODUCT('ZIF_hamdle','ZIF_hamdle','ZIF_hamdle',(#21776));
#21757=PRODUCT('ZIF_socket_handle','ZIF_socket_handle',
'ZIF_socket_handle',(#21777));
#21758=PRODUCT('ZIF_socket_handle_head','ZIF_socket_handle_head',
'ZIF_socket_handle_head',(#21778));
#21759=PRODUCT('ZIF_socket_pin','ZIF_socket_pin','ZIF_socket_pin',(#21779));
#21760=PRODUCT('M1.6-L8','M1.6-L8','M1.6-L8',(#21780));
#21761=PRODUCT_CATEGORY('','');
#21762=PRODUCT_CATEGORY('','');
#21763=PRODUCT_CATEGORY('','');
#21764=PRODUCT_CATEGORY('','');
#21765=PRODUCT_CATEGORY('','');
#21766=PRODUCT_CATEGORY('','');
#21767=PRODUCT_CATEGORY('','');
#21768=PRODUCT_CATEGORY('','');
#21769=PRODUCT_CATEGORY('','');
#21770=PRODUCT_CATEGORY('','');
#21771=PRODUCT_CONTEXT('',#21782,'mechanical');
#21772=PRODUCT_CONTEXT('',#21782,'mechanical');
#21773=PRODUCT_CONTEXT('',#21782,'mechanical');
#21774=PRODUCT_CONTEXT('',#21782,'mechanical');
#21775=PRODUCT_CONTEXT('',#21782,'mechanical');
#21776=PRODUCT_CONTEXT('',#21782,'mechanical');
#21777=PRODUCT_CONTEXT('',#21782,'mechanical');
#21778=PRODUCT_CONTEXT('',#21782,'mechanical');
#21779=PRODUCT_CONTEXT('',#21782,'mechanical');
#21780=PRODUCT_CONTEXT('',#21782,'mechanical');
#21781=APPLICATION_PROTOCOL_DEFINITION('international standard',
'automotive_design',2010,#21782);
#21782=APPLICATION_CONTEXT(
'core data for automotive mechanical design processes');
ENDSEC;
END-ISO-10303-21;
